Date,RTX 3050_Forecast,RTX 3050_CI_Lo_80,RTX 3050_CI_Hi_80,RTX 3050_CI_Lo_95,RTX 3050_CI_Hi_95,RTX 3060_Forecast,RTX 3060_CI_Lo_80,RTX 3060_CI_Hi_80,RTX 3060_CI_Lo_95,RTX 3060_CI_Hi_95,RTX 3060 Ti_Forecast,RTX 3060 Ti_CI_Lo_80,RTX 3060 Ti_CI_Hi_80,RTX 3060 Ti_CI_Lo_95,RTX 3060 Ti_CI_Hi_95,RTX 3070_Forecast,RTX 3070_CI_Lo_80,RTX 3070_CI_Hi_80,RTX 3070_CI_Lo_95,RTX 3070_CI_Hi_95,RTX 3070 Ti_Forecast,RTX 3070 Ti_CI_Lo_80,RTX 3070 Ti_CI_Hi_80,RTX 3070 Ti_CI_Lo_95,RTX 3070 Ti_CI_Hi_95,RTX 3080_Forecast,RTX 3080_CI_Lo_80,RTX 3080_CI_Hi_80,RTX 3080_CI_Lo_95,RTX 3080_CI_Hi_95,RTX 3080 Ti_Forecast,RTX 3080 Ti_CI_Lo_80,RTX 3080 Ti_CI_Hi_80,RTX 3080 Ti_CI_Lo_95,RTX 3080 Ti_CI_Hi_95,RTX 3090_Forecast,RTX 3090_CI_Lo_80,RTX 3090_CI_Hi_80,RTX 3090_CI_Lo_95,RTX 3090_CI_Hi_95,RTX 3090 Ti_Forecast,RTX 3090 Ti_CI_Lo_80,RTX 3090 Ti_CI_Hi_80,RTX 3090 Ti_CI_Lo_95,RTX 3090 Ti_CI_Hi_95,RTX 4060_Forecast,RTX 4060_CI_Lo_80,RTX 4060_CI_Hi_80,RTX 4060_CI_Lo_95,RTX 4060_CI_Hi_95,RTX 4060 Ti_Forecast,RTX 4060 Ti_CI_Lo_80,RTX 4060 Ti_CI_Hi_80,RTX 4060 Ti_CI_Lo_95,RTX 4060 Ti_CI_Hi_95,RTX 4070_Forecast,RTX 4070_CI_Lo_80,RTX 4070_CI_Hi_80,RTX 4070_CI_Lo_95,RTX 4070_CI_Hi_95,RTX 4070 Super_Forecast,RTX 4070 Super_CI_Lo_80,RTX 4070 Super_CI_Hi_80,RTX 4070 Super_CI_Lo_95,RTX 4070 Super_CI_Hi_95,RTX 4070 Ti_Forecast,RTX 4070 Ti_CI_Lo_80,RTX 4070 Ti_CI_Hi_80,RTX 4070 Ti_CI_Lo_95,RTX 4070 Ti_CI_Hi_95,RTX 4070 Ti Super_Forecast,RTX 4070 Ti Super_CI_Lo_80,RTX 4070 Ti Super_CI_Hi_80,RTX 4070 Ti Super_CI_Lo_95,RTX 4070 Ti Super_CI_Hi_95,RTX 4080_Forecast,RTX 4080_CI_Lo_80,RTX 4080_CI_Hi_80,RTX 4080_CI_Lo_95,RTX 4080_CI_Hi_95,RTX 4080 Super_Forecast,RTX 4080 Super_CI_Lo_80,RTX 4080 Super_CI_Hi_80,RTX 4080 Super_CI_Lo_95,RTX 4080 Super_CI_Hi_95,RTX 4090_Forecast,RTX 4090_CI_Lo_80,RTX 4090_CI_Hi_80,RTX 4090_CI_Lo_95,RTX 4090_CI_Hi_95,RTX 5060_Forecast,RTX 5060_CI_Lo_80,RTX 5060_CI_Hi_80,RTX 5060_CI_Lo_95,RTX 5060_CI_Hi_95,RTX 5060 Ti_Forecast,RTX 5060 Ti_CI_Lo_80,RTX 5060 Ti_CI_Hi_80,RTX 5060 Ti_CI_Lo_95,RTX 5060 Ti_CI_Hi_95,RTX 5070_Forecast,RTX 5070_CI_Lo_80,RTX 5070_CI_Hi_80,RTX 5070_CI_Lo_95,RTX 5070_CI_Hi_95,RTX 5070 Ti_Forecast,RTX 5070 Ti_CI_Lo_80,RTX 5070 Ti_CI_Hi_80,RTX 5070 Ti_CI_Lo_95,RTX 5070 Ti_CI_Hi_95,RTX 5080_Forecast,RTX 5080_CI_Lo_80,RTX 5080_CI_Hi_80,RTX 5080_CI_Lo_95,RTX 5080_CI_Hi_95,RTX 5090_Forecast,RTX 5090_CI_Lo_80,RTX 5090_CI_Hi_80,RTX 5090_CI_Lo_95,RTX 5090_CI_Hi_95,RX 6500 XT_Forecast,RX 6500 XT_CI_Lo_80,RX 6500 XT_CI_Hi_80,RX 6500 XT_CI_Lo_95,RX 6500 XT_CI_Hi_95,RX 6600_Forecast,RX 6600_CI_Lo_80,RX 6600_CI_Hi_80,RX 6600_CI_Lo_95,RX 6600_CI_Hi_95,RX 6600 XT_Forecast,RX 6600 XT_CI_Lo_80,RX 6600 XT_CI_Hi_80,RX 6600 XT_CI_Lo_95,RX 6600 XT_CI_Hi_95,RX 6700_Forecast,RX 6700_CI_Lo_80,RX 6700_CI_Hi_80,RX 6700_CI_Lo_95,RX 6700_CI_Hi_95,RX 6700 XT_Forecast,RX 6700 XT_CI_Lo_80,RX 6700 XT_CI_Hi_80,RX 6700 XT_CI_Lo_95,RX 6700 XT_CI_Hi_95,RX 6800_Forecast,RX 6800_CI_Lo_80,RX 6800_CI_Hi_80,RX 6800_CI_Lo_95,RX 6800_CI_Hi_95,RX 6800 XT_Forecast,RX 6800 XT_CI_Lo_80,RX 6800 XT_CI_Hi_80,RX 6800 XT_CI_Lo_95,RX 6800 XT_CI_Hi_95,RX 6900 XT_Forecast,RX 6900 XT_CI_Lo_80,RX 6900 XT_CI_Hi_80,RX 6900 XT_CI_Lo_95,RX 6900 XT_CI_Hi_95,RX 6950 XT_Forecast,RX 6950 XT_CI_Lo_80,RX 6950 XT_CI_Hi_80,RX 6950 XT_CI_Lo_95,RX 6950 XT_CI_Hi_95,RX 7600_Forecast,RX 7600_CI_Lo_80,RX 7600_CI_Hi_80,RX 7600_CI_Lo_95,RX 7600_CI_Hi_95,RX 7600 XT_Forecast,RX 7600 XT_CI_Lo_80,RX 7600 XT_CI_Hi_80,RX 7600 XT_CI_Lo_95,RX 7600 XT_CI_Hi_95,RX 7700 XT_Forecast,RX 7700 XT_CI_Lo_80,RX 7700 XT_CI_Hi_80,RX 7700 XT_CI_Lo_95,RX 7700 XT_CI_Hi_95,RX 7800 XT_Forecast,RX 7800 XT_CI_Lo_80,RX 7800 XT_CI_Hi_80,RX 7800 XT_CI_Lo_95,RX 7800 XT_CI_Hi_95,RX 7900 XT_Forecast,RX 7900 XT_CI_Lo_80,RX 7900 XT_CI_Hi_80,RX 7900 XT_CI_Lo_95,RX 7900 XT_CI_Hi_95,RX 7900 XTX_Forecast,RX 7900 XTX_CI_Lo_80,RX 7900 XTX_CI_Hi_80,RX 7900 XTX_CI_Lo_95,RX 7900 XTX_CI_Hi_95,RX 9060 XT_Forecast,RX 9060 XT_CI_Lo_80,RX 9060 XT_CI_Hi_80,RX 9060 XT_CI_Lo_95,RX 9060 XT_CI_Hi_95,RX 9070_Forecast,RX 9070_CI_Lo_80,RX 9070_CI_Hi_80,RX 9070_CI_Lo_95,RX 9070_CI_Hi_95,RX 9070 XT_Forecast,RX 9070 XT_CI_Lo_80,RX 9070 XT_CI_Hi_80,RX 9070 XT_CI_Lo_95,RX 9070 XT_CI_Hi_95
2026-05-01,386.3957611276271,382.0538042425631,390.7377180126911,379.7471396473728,393.0443826078814,393.3810426681402,380.6009912618596,406.1610940744208,373.811588952273,412.9504963840074,479.01955132356443,463.79870231467345,494.2404003324554,455.71262627870016,502.3264763684287,659.5112413548432,652.2536779801189,666.7688047295674,648.3980974372968,670.6243852723895,735.6991341998378,726.4969885581278,744.9012798415478,721.6083486859693,749.7899197137062,889.7314928900903,865.8583485127119,913.6046372674687,853.1757405622297,926.2872452179508,1073.8658121742842,1039.681023688993,1108.0506006595754,1021.520354806182,1126.2112695423864,1838.446997247707,1771.7486617135976,1905.1453327818165,1736.315170961102,1940.578823534312,1730.927673948192,1666.0860359692942,1795.7693119270898,1631.638915793005,1830.216432103379,391.38326415350696,368.38590480543746,414.38062350157645,356.1685576517756,426.5979706552383,489.7621367734024,443.24439654854376,536.279876998261,418.5318470540876,560.9924264927172,731.882002851779,683.3647760871718,780.3992296163863,657.5899993684741,806.174006335084,792.0628273786333,716.8903605603098,867.2352941969568,676.9549875630753,907.1706671941913,956.2077983945933,933.8313755154813,978.5842212737052,921.9439008609531,990.4716959282334,925.102271335081,801.3305232685926,1048.8740194015695,735.5767821082707,1114.6277605618914,1672.6492746605034,1498.2812088415385,1847.0173404794682,1405.6481738752134,1939.6503754457933,1437.1099470165186,1320.2976551310767,1553.9222389019606,1258.2411250669356,1615.9787689661016,2395.8400249418373,2322.7419632038686,2468.938086679806,2283.9086179055726,2507.771431978102,378.4194736842105,378.4194736842105,378.4194736842105,378.4194736842105,378.4194736842105,547.1438888888889,547.1438888888889,547.1438888888889,547.1438888888889,547.1438888888889,665.7152631578947,665.7152631578947,665.7152631578947,665.7152631578947,665.7152631578947,1042.4389473684212,1042.4389473684212,1042.4389473684212,1042.4389473684212,1042.4389473684212,1552.766842105263,1552.766842105263,1552.766842105263,1552.766842105263,1552.766842105263,3818.9926315789476,3818.9926315789476,3818.9926315789476,3818.9926315789476,3818.9926315789476,230.68448594436242,224.97662958483699,236.39234230388786,221.9443308938391,239.42464099488575,420.80356626539043,386.2720797072787,455.33505282350217,367.92722747328185,473.679905057499,564.8984065727543,552.2665375482849,577.5302755972237,545.5558571290354,584.2409560164732,299.8527005661048,299.56936958004627,300.1360315521633,299.41884999370274,300.2865511385068,738.2938967789213,726.1334097517856,750.454383806057,719.6731510186198,756.9146425392228,799.0184518519823,773.57724786813,824.4596558358345,760.0616082517085,837.975295452256,1000.9628428959844,981.3852916315634,1020.5403941604054,970.9847175223398,1030.9409682696291,1120.4183432643813,1071.2802067939201,1169.5564797348425,1045.1755717939875,1195.661114734775,1293.0449419532138,1290.899181058197,1295.1907028482306,1289.7592455827194,1296.3306383237082,313.42605573232186,256.5648241246993,370.2872873399444,226.35729483314987,400.49481663149385,488.74643800264516,476.08170466313624,501.4111713421541,469.35356507652216,508.13931092876817,421.21446669409295,350.73865947989725,491.69027390828865,313.29838689735584,529.13054649083,646.4080224506423,618.5432803853369,674.2727645159478,603.7401361631433,689.0759087381413,893.1227431761049,851.289497487852,934.9559888643578,829.0655857159678,957.179900636242,1127.475905570901,1091.6136009901804,1163.3382101516215,1072.5617516816726,1182.3900594601294,480.59999999999997,480.59999999999997,480.59999999999997,480.59999999999997,480.59999999999997,698.67,698.67,698.67,698.67,698.67,795.357894736842,795.357894736842,795.357894736842,795.357894736842,795.357894736842
2026-06-01,386.01557280129754,379.8751184872007,392.15602711539435,376.6130021328368,395.41814346975826,384.90622083028074,366.83249880369334,402.97994285686815,357.23083397706876,412.58160768349273,473.6130512142198,452.08752011501315,495.13858231342647,440.6520817185596,506.57402070988,649.8108739588913,639.5471294045741,660.0746185132085,634.0945151100931,665.5272328076895,722.0670915999902,709.0532924305514,735.0808907694291,702.1397116217871,741.9944715781934,880.7049210139924,846.9431964590129,914.4666455689718,829.00728028918,932.4025617388047,1063.5365810305204,1015.1919895277659,1111.881172533275,989.5089252919277,1137.5642367691132,1853.8694975356123,1759.5438068355634,1948.1951882356611,1709.4332836511624,1998.3057114200622,1705.0570207171909,1613.3570968809474,1796.7569445534343,1564.641512342943,1845.4725290914387,387.3509063667797,354.8277288779722,419.87408385558723,337.5497908370432,437.15202189651626,494.298639074427,428.5126199574834,560.0846581913706,393.56379730160717,595.0334808472469,701.9129948962625,633.2992747970239,770.526714995501,596.8482359943034,806.9777537982216,780.3324924206024,674.0225703290878,886.642414512117,617.5454242179705,943.1195606232343,941.6095786196628,909.964537906627,973.2546193326986,893.1531100278268,990.0660472114988,908.0494984873347,733.0098137330809,1083.0891832415884,640.0199812073836,1176.079015767286,1667.65941548633,1421.0657319603854,1914.2530990122748,1290.0628375872275,2045.2559933854327,1440.986095379657,1275.7885679433803,1606.1836228159336,1188.0273814928582,1693.9448092664556,2359.077042296929,2255.700772003908,2462.45331258995,2200.78212841074,2517.371956183118,378.4194736842105,378.4194736842105,378.4194736842105,378.4194736842105,378.4194736842105,547.1438888888889,547.1438888888889,547.1438888888889,547.1438888888889,547.1438888888889,665.7152631578947,665.7152631578947,665.7152631578947,665.7152631578947,665.7152631578947,1042.4389473684212,1042.4389473684212,1042.4389473684212,1042.4389473684212,1042.4389473684212,1552.766842105263,1552.766842105263,1552.766842105263,1552.766842105263,1552.766842105263,3818.9926315789476,3818.9926315789476,3818.9926315789476,3818.9926315789476,3818.9926315789476,230.50709952368766,222.43497164796926,238.57922739940605,218.14665371399389,242.86754533338143,419.20223421560985,370.367337596224,468.0371308349957,344.4237987671753,493.9806696640444,564.5112200847186,546.6470595921933,582.375380577244,537.1567243305393,591.8657158388979,299.32702061436487,298.9263300912404,299.72771113748934,298.71346325083056,299.9405779778992,715.284320245078,698.0867945662407,732.4818459239153,688.9506090493583,741.6180314407977,783.5384354212572,747.5591397041931,819.5177311383213,728.4451388545026,838.6317319880118,981.6243742057588,953.9375356895601,1009.3112127219575,939.2289027278296,1024.0198456836881,1093.4395855345879,1023.9477665083216,1162.9314045608542,987.0302376506177,1199.848933418558,1284.4071134845622,1281.3725493252196,1287.4416776439048,1279.760437115569,1289.0537898535554,313.6532542506296,233.23932933789212,394.06717916336703,190.5194317280003,436.78707677325883,483.3985910126148,465.48795336004264,501.309228665187,455.97292710711366,510.82425491811597,414.9093360328128,315.24149365130563,514.57717841432,262.29295238612997,567.5257196794956,637.5044815857443,598.0977854449613,676.9111777265273,577.1629781201704,697.8459850513183,886.6786409738038,827.5174975633909,945.8397843842167,796.088140126609,977.2691418209986,1106.6126537786736,1055.895696262664,1157.3296112946832,1028.9523125822836,1184.2729949750635,480.59999999999997,480.59999999999997,480.59999999999997,480.59999999999997,480.59999999999997,698.67,698.67,698.67,698.67,698.67,795.357894736842,795.357894736842,795.357894736842,795.357894736842,795.357894736842
2026-07-01,385.47804244225244,377.95755251304803,392.99853237145686,373.9622922381582,396.99379264634666,377.48675264076434,355.3510542817442,399.62245099978446,343.5914645285148,411.3820407530139,469.29854723225554,442.935263414522,495.6618310499891,428.9297688863511,509.66732557816,642.1106605742972,629.5401920701238,654.6811290784706,622.8621306772818,661.3591904713126,710.2600700689216,694.3214862788312,726.1986538590119,685.8541136403458,734.6660264974973,870.8429623723579,829.4934633743113,912.1924613704044,807.5265420315991,934.1593827131167,1056.879123051791,997.6693325492712,1116.0889135543111,966.2141313448075,1147.5441147587749,1851.1998457266632,1735.674939801309,1966.7247516520174,1674.3023335284645,2028.0973579248619,1685.2048148649133,1572.8958034394748,1797.5138262903517,1513.2316411197105,1857.177988610116,387.26866946503844,347.43607463426304,427.10126429581385,326.2750086304136,448.2623302996633,492.11022651533926,411.5391369925936,572.6813160380849,368.73574568363495,615.4847073470436,714.7495594378423,630.7152576392019,798.7838612364827,586.0720348086742,843.4270840670105,768.6765560205099,638.4740241608879,898.8790878801319,569.3039291104637,968.0491829305561,923.9912874722461,885.2341861539775,962.7483887905147,864.6444760786474,983.3380988658448,885.8583675982551,671.4794114054823,1100.2373237910278,557.5905909280717,1214.1261442684386,1662.8237247188874,1360.8093755029263,1964.8380739348486,1200.3642524819468,2125.283196955828,1436.1368313468208,1233.8120068526698,1638.4616558409718,1126.326943840152,1745.9467188534898,2331.0377567613873,2204.428199896419,2457.6473136263558,2137.166872811904,2524.9086407108707,378.4194736842105,378.4194736842105,378.4194736842105,378.4194736842105,378.4194736842105,547.1438888888889,547.1438888888889,547.1438888888889,547.1438888888889,547.1438888888889,665.7152631578947,665.7152631578947,665.7152631578947,665.7152631578947,665.7152631578947,1042.4389473684212,1042.4389473684212,1042.4389473684212,1042.4389473684212,1042.4389473684212,1552.766842105263,1552.766842105263,1552.766842105263,1552.766842105263,1552.766842105263,3818.9926315789476,3818.9926315789476,3818.9926315789476,3818.9926315789476,3818.9926315789476,230.4019775822713,220.5156803652681,240.28827479927446,215.26358496873516,245.5403701958074,415.9590876629909,356.14879848345964,475.76937684252215,324.3745823568337,507.5435929691481,560.3057753125472,538.4267363676106,582.1848142574838,526.8034969281131,593.8080536969813,298.94166130810896,298.45091764489706,299.43240497132086,298.19021007381576,299.69311254240216,697.3236432570224,676.2610618812412,718.3862246328035,665.0715655253573,729.5757209886874,770.8775441561154,726.8120862503597,814.9430020618711,703.402311737927,838.3527765743038,963.361498096031,929.4521846182696,997.2708115737925,911.4378618332088,1015.2851343588533,1075.9838566427702,990.8741076866781,1161.0936055988623,945.6595535537542,1206.3081597317862,1274.5768343919838,1270.8602675009204,1278.2934012830472,1268.8858413400428,1280.2678274439247,313.50570528630703,215.0191631609635,411.99224741165057,162.69818765687475,464.3132229157393,478.0759882447056,456.1400266363647,500.01194985304653,444.48654703193364,511.6654294574776,409.008828799546,286.9411500001298,531.0765075989622,222.09269563794004,595.9249619611519,627.7343873803427,579.471238383432,675.9975363772534,553.8314404788232,701.6373342818622,879.5443313562649,807.0870243786994,952.0016383338304,768.5940800468677,990.4945826656622,1091.9753987004124,1029.8600650900944,1154.0907323107303,996.8612941096129,1187.089503291212,480.59999999999997,480.59999999999997,480.59999999999997,480.59999999999997,480.59999999999997,698.67,698.67,698.67,698.67,698.67,795.357894736842,795.357894736842,795.357894736842,795.357894736842,795.357894736842
2026-08-01,384.843069971054,376.1591562009259,393.52698374118205,371.5458270105454,398.14031293156256,371.99886561758035,346.4387628050191,397.5589684301416,332.8599581858459,411.1377730493148,466.74653052510905,436.30483250732715,497.18822854289095,420.1326804353805,513.3603806148376,636.4463991264449,621.9312723769965,650.9615258758934,614.220111291352,658.6726869615378,704.9789678003893,686.5746765169692,723.3832590838094,676.7973967726524,733.1605388281263,860.2687068810451,812.5224181262884,908.0149956358018,787.1572022253239,933.3802115367663,1050.2409900695825,981.8714130989999,1118.610567040165,945.550075333378,1154.9319048057869,1845.1853239076102,1711.7886528393913,1978.581994975829,1640.9216713344,2049.4489764808204,1678.1734585172508,1548.4901825594554,1807.856734475046,1479.5959422068765,1876.750974827625,388.62557540813475,342.6308567119958,434.6202941042737,318.196162404672,459.0549884115975,493.96843364661504,400.93295319689776,587.0039140963323,351.5078542079855,636.4290130852446,682.1523309717097,585.1178774424951,779.1867845009243,533.5683240050998,830.7363379383196,754.6126829874917,604.2677493508445,904.9576166241388,524.3970033563758,984.8283626186076,912.2705463196344,867.5177005614105,957.0233920778583,843.742751252354,980.7983413869148,859.9518883438986,612.4083922109219,1107.4953844768754,480.900909890278,1239.0028667975193,1659.916093054666,1311.1799614167362,2008.6522246925956,1125.913891484086,2193.918294625246,1438.7822668035985,1205.1576830327147,1672.4068505744824,1081.0446229044326,1796.5199107027645,2311.518675608127,2165.3225521321892,2457.714799084065,2087.6558615355975,2535.3814896806566,378.4194736842105,378.4194736842105,378.4194736842105,378.4194736842105,378.4194736842105,547.1438888888889,547.1438888888889,547.1438888888889,547.1438888888889,547.1438888888889,665.7152631578947,665.7152631578947,665.7152631578947,665.7152631578947,665.7152631578947,1042.4389473684212,1042.4389473684212,1042.4389473684212,1042.4389473684212,1042.4389473684212,1552.766842105263,1552.766842105263,1552.766842105263,1552.766842105263,1552.766842105263,3818.9926315789476,3818.9926315789476,3818.9926315789476,3818.9926315789476,3818.9926315789476,230.00935508719354,218.59364236814267,241.4250678062444,212.5290449861469,247.48966518824017,414.16039861492044,345.09742549869696,483.2233717311439,308.40772103070327,519.9130761991375,554.2053349400173,528.9415968910785,579.4690729889562,515.5202360525797,592.890433827455,298.5514277401914,297.98476576807445,299.11808971230835,297.68372659538727,299.41912888499553,685.4473204302719,661.1263463760006,709.7682944845433,648.2058289096689,722.688811950875,767.3649988326229,716.4825908649185,818.2474068003272,689.4513116320755,845.2786860331702,950.7195659865431,911.5644634577011,989.8746685153851,890.7633152392539,1010.6758167338323,1061.5172716307695,963.2409986898471,1159.7935445716919,911.0317286899821,1212.0028145715569,1264.03076028317,1259.7392384931363,1268.3222820732035,1257.459367542181,1270.6021530241587,313.80608117489254,200.0836179596475,427.52854439013754,139.6685593765486,487.94360297323647,473.5468504318788,448.217383752861,498.8763171108966,434.7611045796328,512.3325962841249,404.0103563786048,263.0587419502134,544.9619708069962,188.17819678513052,619.8425159720791,621.9474318100896,566.2179476794788,677.6769159407004,536.6116592350918,707.2832043850874,874.3074431064682,790.6409517299626,957.9739344829738,746.1931281861939,1002.4217580267425,1085.2003751837685,1013.4757660223274,1156.9249843452096,975.3720674053119,1195.028682962225,480.59999999999997,480.59999999999997,480.59999999999997,480.59999999999997,480.59999999999997,698.67,698.67,698.67,698.67,698.67,795.357894736842,795.357894736842,795.357894736842,795.357894736842,795.357894736842
2026-09-01,384.35121546484237,374.642304714466,394.06012621521876,369.4844458783285,399.21798505135627,369.02024946680007,340.4431857664148,397.59731316718535,325.2616206755851,412.778878258015,466.0709802605049,432.03612720136437,500.1058333196454,413.955111513696,518.1868490073138,633.166641251515,616.938236194619,649.395046308411,608.3168960081429,658.0163864948871,700.1883720198214,679.6117488261043,720.7649952135384,668.6804177544421,731.6963262852006,854.8467859833022,801.4648123188173,908.2287596477871,773.1056388095598,936.5879331570446,1046.7086531938971,970.2691423443339,1123.1481640434604,929.6606522055033,1163.756654182291,1842.8440941187707,1693.7020818784122,1991.9861063591293,1614.4703878757218,2071.2178003618196,1685.8104671105498,1540.8201568173024,1830.8007774037972,1463.7940544740147,1907.8268797470848,388.1843520967022,336.7606932914286,439.6080109019758,309.441874551127,466.92682964227737,493.71340205804717,389.6965727555869,597.7302313605074,334.4376321886549,652.9891719274394,690.8319000740711,582.3440829486369,799.3197171995052,524.7099301007501,856.9538700473921,744.9247201136865,576.8339742715676,913.0154659558053,487.535765542942,1002.3136746844309,909.2807101553801,859.2455075044043,959.315912806356,832.6643060960732,985.897114214687,835.9947114192364,559.2326690485902,1112.7567537898826,412.20283403918444,1259.7865887992884,1659.5496918040117,1269.6508435276487,2049.4485400803746,1062.517080380831,2256.5823032271924,1435.5820433817105,1174.381818118315,1696.782268645106,1035.6191984471366,1835.5448883162844,2300.2199074292994,2136.7676723597247,2463.672142498874,2049.933672479013,2550.506142379586,378.4194736842105,378.4194736842105,378.4194736842105,378.4194736842105,378.4194736842105,547.1438888888889,547.1438888888889,547.1438888888889,547.1438888888889,547.1438888888889,665.7152631578947,665.7152631578947,665.7152631578947,665.7152631578947,665.7152631578947,1042.4389473684212,1042.4389473684212,1042.4389473684212,1042.4389473684212,1042.4389473684212,1552.766842105263,1552.766842105263,1552.766842105263,1552.766842105263,1552.766842105263,3818.9926315789476,3818.9926315789476,3818.9926315789476,3818.9926315789476,3818.9926315789476,229.84904593887327,217.08589111316994,242.6122007645766,210.305465112015,249.39262676573153,412.9901899957305,335.7754386876724,490.20494130378853,294.75510205526655,531.2252779361944,550.9638043274608,522.7180865058732,579.2095221490484,507.7125489131547,594.2150597417669,298.2490474211296,297.6155000761708,298.8825947660884,297.27892804916144,299.21916679309777,679.5216166116505,652.3299409794708,706.7132922438302,637.8843632998753,721.1588699234258,769.5780232237479,712.689761686416,826.4662847610798,682.4678727447083,856.6881737027875,944.1554369601971,900.3787014999648,987.9321724204294,877.1223107867165,1011.1885631336777,1054.02578423988,944.1495708042672,1163.901997675493,885.7778324165979,1222.2737360631622,1253.1528381759815,1248.3547709512632,1257.9509054006999,1245.8057977381318,1260.4998786138312,314.0314045459488,186.8858253869452,441.1769837049524,119.33973645872456,508.72307263317305,469.4041108521414,441.08490618809157,497.72331551619124,426.0403287103151,512.7678929939677,399.9644364770831,242.37574077697147,557.5531321771947,158.65674618628717,641.2721267678791,615.9462880511636,553.6388306176428,678.2537454846844,520.5379938560849,711.3545822462423,872.1744562576646,778.6324751792813,965.7164373360479,728.9382977313902,1015.410614783939,1083.6607893189762,1003.470238446683,1163.8513401912694,960.8690082957772,1206.452570342175,480.59999999999997,480.59999999999997,480.59999999999997,480.59999999999997,480.59999999999997,698.67,698.67,698.67,698.67,698.67,795.357894736842,795.357894736842,795.357894736842,795.357894736842,795.357894736842
2026-10-01,384.25063026312324,373.6150514095521,394.8862091166944,367.96490014359244,400.53636038265404,368.37240868076225,337.06780384883615,399.67701351268835,320.4372325318754,416.3075848296491,467.0762147965066,429.7929012727767,504.35952832023645,409.98614096329516,524.166288629718,631.9273553643131,614.1500283203274,649.7046824082989,604.7058233282099,659.1488874004164,702.1037813852005,679.5632200242349,724.6443427461661,667.5885468012218,736.6190159691791,853.5049765508768,795.0279542705066,911.981998831247,763.96203618406,943.0479169176936,1047.4815574154757,963.7462686615422,1131.216846169409,919.2618965110152,1175.7012183199363,1848.4148290728374,1685.0379403213256,2011.7917178243492,1598.2439681720848,2098.58568997359,1705.9911410017264,1547.1622138671564,1864.8200681362964,1462.784346326916,1949.1979356765369,386.22338481019307,329.89158897599805,442.5551806443881,299.965322439082,472.48144718130413,493.71527077312953,379.77054323488585,607.6599983113732,319.2374067301939,668.1931348160651,659.2080323653182,540.3655830571272,778.0504816735092,477.23053186215066,841.1855328684858,737.3866046679851,553.2524182567927,921.5207910791776,455.4311317258468,1019.3420776101234,914.0202067482544,859.2093884256908,968.831025070818,830.0911411918289,997.9492723046799,817.6008660195156,514.4232386843087,1120.7784933547225,353.36012416248,1281.8416078765513,1663.443173578363,1236.3303848858666,2090.5559622708597,1009.4267158929778,2317.459631263748,1434.9984380716019,1148.8679272672173,1721.1289488759865,996.861093402388,1873.1357827408158,2295.790557099319,2116.7376046548325,2474.8435095438053,2021.6157236686995,2569.9653905299383,378.4194736842105,378.4194736842105,378.4194736842105,378.4194736842105,378.4194736842105,547.1438888888889,547.1438888888889,547.1438888888889,547.1438888888889,547.1438888888889,665.7152631578947,665.7152631578947,665.7152631578947,665.7152631578947,665.7152631578947,1042.4389473684212,1042.4389473684212,1042.4389473684212,1042.4389473684212,1042.4389473684212,1552.766842105263,1552.766842105263,1552.766842105263,1552.766842105263,1552.766842105263,3818.9926315789476,3818.9926315789476,3818.9926315789476,3818.9926315789476,3818.9926315789476,229.9232104429784,215.9418748370411,243.90454604891568,208.51429029638692,251.33213058956986,413.42350936974515,328.8389872425953,498.008031496895,283.9034598625469,542.9435588769434,548.6685768763881,517.7269432687697,579.6102104840065,501.2892004147223,596.0479533380538,298.07771405343533,297.38369770927244,298.7717303975982,297.01500152643587,299.1404265804348,679.2228662914811,649.4358780512644,709.0098545316978,633.6115405486491,724.834192034313,774.1802683254958,711.8623001229954,836.4982365279963,678.7558795154171,869.6046571355746,943.6797327659867,895.7247217549757,991.6347437769978,870.2486221553761,1017.1108433765974,1053.880423874983,933.5170626111084,1174.243785138858,869.5740269396749,1238.1868208102912,1242.505342190651,1237.2493228878423,1247.7613614934596,1234.457062633225,1250.553621748077,314.331632755467,175.05062917057705,453.61263634035697,101.05759601610424,527.6056694948297,466.1038502414676,435.0817158312564,497.12598465167883,418.6012069258317,513.6064935571035,396.89578068864796,224.26601380311092,569.525547574185,132.55645014516938,661.2351112321265,610.9903126662998,542.7359127920353,679.2447125405644,506.47576285883224,715.5048624737674,873.0087679811065,770.5386617604026,975.4788742018104,716.1014178306538,1029.9161181315594,1085.400716258239,997.556369035198,1173.24506348128,950.8890595729574,1219.9123729435207,480.59999999999997,480.59999999999997,480.59999999999997,480.59999999999997,480.59999999999997,698.67,698.67,698.67,698.67,698.67,795.357894736842,795.357894736842,795.357894736842,795.357894736842,795.357894736842
2026-11-01,384.37714607385203,372.88940795260794,395.8648841950961,366.786547075697,401.96774507200706,369.3660861500503,335.5532483864105,403.17892391369014,317.5901783244768,421.1419939756238,469.2369155430821,428.96633432229265,509.50749676387153,407.5725880487483,530.901243037416,631.9913910758906,612.7896832620797,651.1930988897016,602.5887759859927,661.3940061657886,705.509836675581,681.1632477794194,729.8564255717426,668.2291224283335,742.7905509228285,855.6508662628669,792.4884632271838,918.8132692985499,758.9334366144773,952.3682959112565,1051.5503089748315,961.1058600214064,1141.9947579282566,913.0572465148995,1190.0433714347637,1862.524496596067,1686.0572879108709,2038.991705281263,1592.3090832968605,2132.7399098952733,1734.0126853097336,1562.4578366154894,1905.5675340039777,1471.3193232466722,1996.706047372795,383.3312864898041,322.48599284362575,444.1765801359824,290.1619305940935,476.50064238551465,495.8481668447381,372.7737946570563,618.9225390324199,307.39053443235036,684.3057992571258,678.2447941963824,549.8802778747046,806.6093105180602,481.6866285788132,874.8029598139515,732.2306923035874,533.3430396630483,931.1183449441264,427.6839741977619,1036.7774104094128,923.3485489090723,864.1460987397261,982.5509990784185,832.694797087261,1014.0023007308836,804.4585305709894,476.98926585132153,1131.9277952906573,303.021218968998,1305.8958421729808,1671.0105315866542,1209.6759928383312,2132.345070334977,964.5920191282845,2377.429044045024,1435.4729932850407,1126.416718880673,1744.5292676894085,962.2305731033528,1908.7154134667287,2296.1577864417372,2102.758493762226,2489.5570791212485,2000.0151195262351,2592.3004533572393,378.4194736842105,378.4194736842105,378.4194736842105,378.4194736842105,378.4194736842105,547.1438888888889,547.1438888888889,547.1438888888889,547.1438888888889,547.1438888888889,665.7152631578947,665.7152631578947,665.7152631578947,665.7152631578947,665.7152631578947,1042.4389473684212,1042.4389473684212,1042.4389473684212,1042.4389473684212,1042.4389473684212,1552.766842105263,1552.766842105263,1552.766842105263,1552.766842105263,1552.766842105263,3818.9926315789476,3818.9926315789476,3818.9926315789476,3818.9926315789476,3818.9926315789476,230.14017564548595,215.03860719890318,245.24174409206873,207.0158989616561,253.26445232931582,414.5092536655152,323.1475278313818,505.87097949964857,274.6116109819984,554.406896349032,546.5102382956636,513.0894542629774,579.9310223283499,495.3346627456128,597.6858138457144,297.9885702901368,297.23894696230735,298.73819361796626,296.840709569398,299.13643101087564,683.5543144327924,651.3806899375642,715.7279389280205,634.2884519244742,732.8201769411105,779.6550486334163,712.3439498380777,846.9661474287549,676.5849286030541,882.7251686637785,947.8315887052981,896.0342567800221,999.6289206305742,868.5169241947192,1027.146253215877,1056.5884058539473,926.5811168639538,1186.595694843941,857.5147445880197,1255.6620671198748,1232.772773081578,1227.0956233803563,1238.4499227827996,1224.0796376015821,1241.4659085615738,314.67814050706295,164.23746243244832,465.1188185816776,84.31585220530934,545.0404288088166,463.6092214892767,430.1014866519876,497.1169563265658,412.30050251967776,514.9179404588757,394.83972300871585,208.37826367342225,581.3011823440095,109.32061340154758,680.3588326158841,607.2300350184294,533.5068571666709,680.9532128701878,494.3414189329242,720.1186511039344,876.5300043540346,765.8496397282526,987.2103689798167,707.0506960208058,1046.0093126872634,1090.332125351224,995.449385988985,1185.214864713463,945.0429307027955,1235.6213199996525,480.59999999999997,480.59999999999997,480.59999999999997,480.59999999999997,480.59999999999997,698.67,698.67,698.67,698.67,698.67,795.357894736842,795.357894736842,795.357894736842,795.357894736842,795.357894736842
2026-12-01,384.40250848774093,372.12159985954736,396.6834171159345,365.59736715081954,403.2076498246623,370.99422843327363,334.8467843800988,407.14167248644844,315.6434547268497,426.34500213969756,471.8501875972468,428.79912539883344,514.9012497956602,405.92824860592634,537.7721265885673,632.4029066917972,611.8754175831627,652.9303958004316,600.9701889942007,663.8356243893936,710.0891981629293,684.0615998240517,736.1167965018069,670.234438206523,749.9439581193355,860.262420341674,792.738971231715,927.785869451633,756.8671388920494,963.6577017912986,1057.418506130041,960.7293231245319,1154.10768913555,909.3631946528552,1205.4738176072265,1881.562543017749,1692.911161617651,2070.213924417847,1592.690115248849,2170.434970786649,1764.0697076913607,1580.6698600188738,1947.4695553638476,1483.238690942865,2044.9007244398563,380.58237536283536,315.5360203852203,445.62873034045043,280.9801443033623,480.18460642230843,496.65093912085024,365.0789008869631,628.2229773547374,295.18125557521057,698.1206226664899,651.5345386733513,514.3070984748742,788.7619788718284,441.4050208694332,861.6640564772695,727.037203198111,514.4173590150816,939.6570473811404,401.4630667928473,1052.6113396033747,933.5893261069308,870.2992446808593,996.8794075330023,836.6763889232589,1030.5022632906027,794.1639622442451,444.08459273573754,1144.2433317527527,258.1049276843429,1330.2229968041474,1681.3293358368512,1188.141968784962,2174.5167028887404,926.1361800386459,2436.5224916350567,1435.5932347833009,1105.1981799107475,1765.9882896558543,929.6758070097037,1941.510662556898,2298.7735615019033,2092.0210209158604,2505.526102087946,1982.1837337295253,2615.3633892742814,378.4194736842105,378.4194736842105,378.4194736842105,378.4194736842105,378.4194736842105,547.1438888888889,547.1438888888889,547.1438888888889,547.1438888888889,547.1438888888889,665.7152631578947,665.7152631578947,665.7152631578947,665.7152631578947,665.7152631578947,1042.4389473684212,1042.4389473684212,1042.4389473684212,1042.4389473684212,1042.4389473684212,1552.766842105263,1552.766842105263,1552.766842105263,1552.766842105263,1552.766842105263,3818.9926315789476,3818.9926315789476,3818.9926315789476,3818.9926315789476,3818.9926315789476,230.4182641889251,214.2740084374883,246.56251994036188,205.69737256953752,255.13915580831267,416.1118280136268,318.44203477485513,513.7816212523985,266.5549571167577,565.6686989104959,545.8102810649348,510.0819600798842,581.5386020499853,491.10128955657603,600.5192725732935,297.9365806567022,297.1351996104533,298.73796170295105,296.70946592963355,299.1636953837708,690.6793571317377,656.2843057740629,725.0744084894125,638.0119347402982,743.3467795231771,784.7558047829948,712.7972133488664,856.7143962171232,674.5692116494857,894.9423979165039,954.4447734131443,899.0710963807469,1009.8184504455417,869.6538304572858,1039.2357163690026,1060.9904953290697,922.0068572765372,1199.9741333816023,848.1717995611293,1273.8091910970102,1224.6592107013457,1218.5900823826607,1230.7283390200307,1215.3658579633593,1233.9525634393322,314.9480186419336,154.12016881645863,475.7758684674085,68.68037359667508,561.2156636871921,461.9658695266347,426.14459422149037,497.7871448317791,407.1145417156324,516.817197337637,393.76902718088866,194.43334241787431,593.104711943903,88.53625988752299,699.0017944742543,603.7222118328451,524.9088195512791,682.5356041144112,483.0392049016972,724.405218763993,881.7386578048611,763.4163709840352,1000.060944625687,700.5576561104715,1062.9196594992507,1097.7822444051903,996.3483293731708,1199.2161594372099,942.4615620124105,1253.1029267979702,480.59999999999997,480.59999999999997,480.59999999999997,480.59999999999997,480.59999999999997,698.67,698.67,698.67,698.67,698.67,795.357894736842,795.357894736842,795.357894736842,795.357894736842,795.357894736842
2027-01-01,384.4084362235658,371.3825655683737,397.43430687875787,364.4625717828029,404.35430066432866,372.21776840958,333.87761419073814,410.55792262842186,313.50940726197837,430.92612955718164,474.23878090115886,428.576233874486,519.9013279278317,404.31800576656605,544.1595560357517,632.240598098019,610.4679079738464,654.0132882221915,598.9011663453797,665.5800298506582,714.2944288040753,686.6879918789452,741.9008657292054,672.0220722624699,756.5667853456807,864.9106619846744,793.2912288525395,936.5300951168094,755.2434050010927,974.5779189682562,1063.016214722875,960.4618492670013,1165.5705801787487,905.9798426185683,1220.0525868271816,1900.7089587388618,1700.6139521365335,2100.80396534119,1594.3134798790466,2207.104437598677,1790.5591695931548,1596.0342556564617,1985.084083529848,1492.6928951275936,2088.425444058716,378.94846313086407,309.95638508665564,447.9405411750725,273.30434362566996,484.5925826360582,499.43150783268885,359.8782871581129,638.9847285072648,285.74063867474445,713.1223769906333,672.4484827607779,526.8968024669559,818.0001630545999,449.5724723108631,895.3244932106927,722.4451873624423,496.9277869074716,947.962587817413,377.12166791576846,1067.768706809116,941.5994541398007,874.4701855024648,1008.7287227771367,838.8077615388802,1044.3911467407213,784.7086120923373,413.3933678928721,1156.0238562918025,216.1321444119062,1353.2850797727683,1692.8197999757624,1169.7156025188679,2215.923997432657,891.8164976198925,2493.823102331632,1437.6779759196995,1087.2411002633737,1788.1148515760253,901.0715100709507,1974.2844417684482,2301.138416304076,2081.8442310901696,2520.4326015179827,1965.3441951952816,2636.9326374128705,378.4194736842105,378.4194736842105,378.4194736842105,378.4194736842105,378.4194736842105,547.1438888888889,547.1438888888889,547.1438888888889,547.1438888888889,547.1438888888889,665.7152631578947,665.7152631578947,665.7152631578947,665.7152631578947,665.7152631578947,1042.4389473684212,1042.4389473684212,1042.4389473684212,1042.4389473684212,1042.4389473684212,1552.766842105263,1552.766842105263,1552.766842105263,1552.766842105263,1552.766842105263,3818.9926315789476,3818.9926315789476,3818.9926315789476,3818.9926315789476,3818.9926315789476,230.72477171157865,213.60120263300234,247.84834079015496,204.5043065600087,256.94523686314864,417.2868190271563,313.6923593528211,520.8812787014915,258.65780265083055,575.9158354034821,546.5142323137654,508.61862524035706,584.4098393871737,488.48658398260886,604.541880644922,297.84630691854,296.99631396036455,298.69629987671544,296.5447552013338,299.14785863574616,698.3440570673482,661.8625959859412,734.8255181487552,642.4818197864437,754.2062943482528,788.3002902639132,711.9766783123566,864.6239022154698,671.4297594630923,905.1708210647341,961.0813264920267,902.3486726987638,1019.8139802852896,871.1469503710929,1051.0157026129605,1066.2489895697904,918.8345801584068,1213.663398981174,840.5206751586093,1291.9773039809716,1218.7537759623426,1212.3164932772925,1225.1910586473928,1208.8966868508594,1228.6108650738258,315.26437329087037,144.6806784680028,485.8480681137379,54.05809059335445,576.4706559883863,460.8619561704653,422.8677561519386,498.85615618899203,402.6833373920963,519.0405749488343,393.50298139192256,182.0755597493355,604.9304030345096,69.75474200171112,717.2512207821339,601.0500184824456,517.4557922865293,684.6442446783618,473.0463596199488,729.0536773449423,887.3184373927327,761.8187003279743,1012.8181744574911,695.1469650123213,1079.489909773144,1105.968222743818,998.3813090016564,1213.5551364859796,941.225761076133,1270.7106844115028,480.59999999999997,480.59999999999997,480.59999999999997,480.59999999999997,480.59999999999997,698.67,698.67,698.67,698.67,698.67,795.357894736842,795.357894736842,795.357894736842,795.357894736842,795.357894736842
2027-02-01,384.4480357057238,370.71756244667154,398.17850896477603,363.4232485278,405.47282288364755,372.2388057482875,331.8247346904028,412.65287680617223,310.35475944090155,434.1228520556735,475.92651192810484,427.79396113849293,524.0590627177168,402.2235435315116,549.6294803246981,630.8465347927718,607.8961042656252,653.7969653199183,595.7036880480787,665.9893815374649,716.2965384838783,687.1967988954829,745.3962780722737,671.7375622391478,760.8555147286088,868.1333142226392,792.6398030800813,943.6268253651972,752.5338752855974,983.732753159681,1066.524806648256,958.4230137036382,1174.6265995928736,900.9939362018099,1232.0556770947019,1915.2997866279375,1704.3811301980083,2126.218443057867,1592.3305939696083,2238.2689792862666,1809.1449729437422,1604.0977097143484,2014.192236173136,1495.166351123733,2123.1235947637515,378.5103783364662,305.78634262720163,451.2344140457308,267.1516986566549,489.8690580162775,500.86853610482603,353.7665253902395,647.9705468194126,275.61858219811546,726.1184900115366,645.5049975493014,492.0800552182603,798.9299398803424,410.57305460489476,880.436940493708,718.3050129246182,480.58880044528473,956.0212254039516,354.3020625656389,1082.3079632835975,945.2626820961264,874.50221991103,1016.0231442812227,836.9107243751976,1053.6146398170551,775.5278869312206,384.1272530605755,1166.9285208018655,176.19566631679538,1374.8601075456459,1703.5988099403176,1152.1985707542353,2254.9990491263998,859.2671936866292,2547.930426194006,1439.3592537649079,1069.9663527025068,1808.752154827309,873.7263740131061,2004.9921335167096,2301.4741794386077,2070.31781180302,2532.6305470741954,1947.5159914966137,2655.4323673806016,378.4194736842105,378.4194736842105,378.4194736842105,378.4194736842105,378.4194736842105,547.1438888888889,547.1438888888889,547.1438888888889,547.1438888888889,547.1438888888889,665.7152631578947,665.7152631578947,665.7152631578947,665.7152631578947,665.7152631578947,1042.4389473684212,1042.4389473684212,1042.4389473684212,1042.4389473684212,1042.4389473684212,1552.766842105263,1552.766842105263,1552.766842105263,1552.766842105263,1552.766842105263,3818.9926315789476,3818.9926315789476,3818.9926315789476,3818.9926315789476,3818.9926315789476,231.05666994940043,213.00684329622314,249.10649660257772,203.4178728867227,258.69546701207815,417.731114350019,308.5329658348976,526.9292628651405,250.52144943623938,584.9407792637987,547.212548596028,507.2670713737753,587.1580258182807,486.04603659945354,608.3790605926024,297.6687719366023,296.77280068895607,298.5647431842485,296.296815963644,299.0407279095606,704.5077729840946,666.052936521416,742.9626094467732,645.623804650618,763.3917413175711,789.8016331558057,709.3494821498831,870.2537841617283,666.6092769279868,912.9939893836246,965.665285785951,903.7556327816714,1027.5749387902306,870.8661296231478,1060.4644419487543,1069.8991992065403,914.5107679836957,1225.287630429385,831.9606638965595,1307.837734516521,1215.4143132471174,1208.628821504743,1222.199804989492,1205.0240290166066,1225.8045974776282,315.5593331683652,135.74833072592034,495.37033561081,40.223735678371554,590.8949306583588,460.00567017364966,419.956266862131,500.05507348516835,398.6800213528867,521.3313189944126,393.8239076215191,170.95983688573457,616.6879783573036,52.56329930734904,735.0845159356891,598.8443031843699,510.72825184490046,686.9603545238393,463.91659957080736,733.7720067979324,892.074297073337,759.7859587810399,1024.362635365634,689.5077790632571,1094.6408150834168,1112.6586957426416,999.252131124875,1226.0652603604083,939.0048936716864,1286.3124978135968,480.59999999999997,480.59999999999997,480.59999999999997,480.59999999999997,480.59999999999997,698.67,698.67,698.67,698.67,698.67,795.357894736842,795.357894736842,795.357894736842,795.357894736842,795.357894736842
2027-03-01,384.3941566278639,369.9935147842062,398.7947984715216,362.34317380476307,406.4451394509647,370.70020140994944,328.31356609386273,413.08683672603615,305.79566608219164,435.60473673770724,476.752126341697,426.2702811885529,527.2339714948412,399.45180095094497,554.0524517324491,627.9780457092896,603.907431103104,652.0486603154752,591.1199170935679,664.8361743250114,716.5512759132115,686.0312115534551,747.0713402729679,669.8174273623346,763.2851244640884,869.0132297292548,789.8349672635081,948.1914921950015,747.7715153285802,990.2549441299294,1066.7300433662995,953.3519264229267,1180.1081603096723,893.1198017967599,1240.340284935839,1922.0742113130266,1700.8608582051565,2143.2875644208966,1583.3412643666009,2260.8071582594525,1817.5057690797698,1602.4503851117074,2032.5611530478322,1488.2022123786744,2146.809325780865,379.01176256116946,302.7381504346508,455.28537468768815,262.2177939924377,495.80573112990123,502.0020486639512,347.72015824287246,656.2839390850299,265.75790395667434,738.2461933712281,672.5224386399698,511.6090015931787,833.4358756867609,426.12373816207094,918.9211391178686,715.2445949029504,465.9257279011298,964.5634619047711,333.47507980641257,1097.0141099994883,943.6745436320825,869.4603447917441,1017.888742472421,830.0340516578142,1057.3150356063509,767.0444295146042,356.53998153166583,1177.5488774975424,138.4594935407298,1395.6293654884785,1712.1651753207464,1133.8517255792453,2290.4786250622474,826.6227054040731,2597.7076452374195,1441.4334456781003,1054.0109025926126,1828.855988763588,848.1926765784474,2034.6742147777531,2299.167912632802,2056.729068945725,2541.6067563198794,1927.9334332369654,2670.402392028639,378.4194736842105,378.4194736842105,378.4194736842105,378.4194736842105,378.4194736842105,547.1438888888889,547.1438888888889,547.1438888888889,547.1438888888889,547.1438888888889,665.7152631578947,665.7152631578947,665.7152631578947,665.7152631578947,665.7152631578947,1042.4389473684212,1042.4389473684212,1042.4389473684212,1042.4389473684212,1042.4389473684212,1552.766842105263,1552.766842105263,1552.766842105263,1552.766842105263,1552.766842105263,3818.9926315789476,3818.9926315789476,3818.9926315789476,3818.9926315789476,3818.9926315789476,231.34123536830566,212.4104174665159,250.27205327009543,202.35342045619007,260.32905028042126,416.98893830977636,302.4609539433187,531.516922676234,241.61796224863812,592.3599143709146,547.7558946830269,505.860724727949,589.6510646381048,483.6039156893139,611.9078736767399,297.3595632883635,296.4198607161261,298.29926586060094,295.920643724625,298.79848285210204,707.8572682881243,667.5254955511308,748.1890410251177,646.0992412846031,769.6152952916455,789.686130590607,705.3072027612743,874.0650584199398,660.4808973519413,918.8913638292728,966.9420151072122,902.01062324918,1031.8734069652446,867.5158213246002,1066.3682088898242,1071.1176861889646,908.1449246191662,1234.090447758763,821.5656450352108,1320.6697273427185,1214.6982543804156,1207.581570601828,1221.8149381590033,1203.800832344453,1225.5956764163782,315.85931619145657,127.2719458314757,504.44668655143744,27.084905327735896,604.6337270551772,459.0775826200926,417.0734140630368,501.08175117714836,394.758699517101,523.3964657230842,394.42655235464866,160.68474302773933,628.168361681558,36.50940682281879,752.3436978864786,597.0197728444864,504.60287853383556,689.4366671551372,455.50640343130226,738.5331422576705,895.0599165246472,756.3147368139597,1033.8050962353345,682.606360092657,1107.5134729566373,1116.0917945165506,997.1499861048569,1235.0336029282444,933.9621503861447,1298.2214386469566,480.59999999999997,480.59999999999997,480.59999999999997,480.59999999999997,480.59999999999997,698.67,698.67,698.67,698.67,698.67,795.357894736842,795.357894736842,795.357894736842,795.357894736842,795.357894736842
2027-04-01,384.18150726240793,369.14052740399916,399.2224871208167,361.15000685421944,407.2130076705964,367.7582505448888,323.4868538268486,412.0296472629291,299.9676743203897,435.548826769388,476.89321223744673,424.16664460197967,529.6197798729138,396.1556555456378,557.6307689292556,623.8422379235126,598.7013009151659,648.9831749318593,585.3451781294817,662.3392977175434,714.1828289174575,682.305661337277,746.059996497638,665.3709160603061,762.994741774609,867.3166192356437,784.6176212395505,950.0156172317368,740.6837785541261,993.9494599171612,1063.310478365885,944.8908973608451,1181.730059370925,881.9804949519176,1244.6404617798523,1920.3316473100863,1689.2818354593778,2151.3814591607947,1566.536622913689,2274.1266717064836,1815.661922656852,1591.0438998059751,2040.279945507729,1471.7155751664466,2159.608270147258,379.91438609384574,300.2491964322949,459.57957575539655,257.9270644245961,501.9017077630954,502.3857519586603,341.243572913169,663.5279310041517,255.63679029525173,749.1347136220688,648.059416831858,479.99081323457716,816.1280204291388,390.7043675735217,905.4144660901943,712.8930167038998,452.4879529846558,973.2980804231438,314.1477628838075,1111.638270523992,937.1381580715356,859.6239554349985,1014.6523607080727,818.4445352843381,1055.831780858733,759.7545675538312,330.99665516828554,1188.5124799393768,103.21901421346445,1416.290120894198,1717.621766780559,1113.5930683486365,2321.6504652124813,792.7028223066778,2642.5407112544403,1443.4693381678362,1038.819689179534,1848.1189871561385,823.8495631544985,2063.089113181174,2294.891159392716,2041.6720456627786,2548.1102731226533,1907.1493914937496,2682.6329272916823,378.4194736842105,378.4194736842105,378.4194736842105,378.4194736842105,378.4194736842105,547.1438888888889,547.1438888888889,547.1438888888889,547.1438888888889,547.1438888888889,665.7152631578947,665.7152631578947,665.7152631578947,665.7152631578947,665.7152631578947,1042.4389473684212,1042.4389473684212,1042.4389473684212,1042.4389473684212,1042.4389473684212,1552.766842105263,1552.766842105263,1552.766842105263,1552.766842105263,1552.766842105263,3818.9926315789476,3818.9926315789476,3818.9926315789476,3818.9926315789476,3818.9926315789476,231.51559480036326,211.7430003663569,251.2881892343696,201.23880957329104,261.7923800274355,415.23614230437494,295.61556394531243,534.8567206634374,232.06713169206049,598.4051529166894,548.338396807426,504.58031891755275,592.0964746972992,481.33384003855764,615.3429535762943,296.915813317819,295.93432599139527,297.89730064424276,295.4129108492326,298.4187157864054,708.0653105942974,665.940147842735,750.1904733458599,643.5611551309674,772.5694660576274,789.0105725584946,700.8796567469831,877.1414883700061,654.0601077221177,923.9610373948715,964.7168313280783,896.8982043725555,1032.5354582836012,860.869558802434,1068.5641038537228,1070.545155738689,900.3256578265048,1240.764653650873,809.896549560657,1331.1937619167206,1216.3570058417977,1208.9238720596707,1223.7901396239247,1204.9750197379158,1227.7389919456796,316.15390771225276,119.1808234615657,513.1269919629399,14.538872453388194,617.7689429711173,457.96070388303394,414.0887806663522,501.8326270997157,390.78182145749,525.1395863085779,395.0101194242126,150.8747618253803,639.1454770230448,21.177853101000665,768.8423857474245,595.6318335381044,499.105535544283,692.1581315319258,447.8259397350654,743.4377273411434,895.8430711737087,750.9284572185777,1040.7576851288397,673.9425685549143,1117.7435737925032,1115.385293809075,991.1546265884389,1239.615961029711,925.157084627476,1305.6135029906739,480.59999999999997,480.59999999999997,480.59999999999997,480.59999999999997,480.59999999999997,698.67,698.67,698.67,698.67,698.67,795.357894736842,795.357894736842,795.357894736842,795.357894736842,795.357894736842
2027-05-01,383.8644703193401,368.20932213438783,399.5196185042924,359.892524661132,407.83641597754826,364.0111638352932,317.93203318688273,410.09029448370364,293.45249502991464,434.56983264067173,476.79284593597174,421.91329437832013,531.6723974936233,392.75853261331775,560.8271592586258,619.0059415268929,592.8384246443953,645.1734584093905,578.9369313005686,659.0749517532172,710.0439664875404,676.8651585320674,743.2227744430133,659.2389168057224,760.8490161693584,863.7310536162585,777.655207457066,949.8068997754509,731.927414184995,995.534693047522,1056.9197759893532,933.6647682647447,1180.1747837139617,868.1855454110464,1245.65400656766,1911.7761133554714,1671.291844599138,2152.260382111805,1543.5345768223358,2280.017649888607,1805.801285389795,1572.0114348718064,2039.5911359077838,1447.8105767841248,2163.7919939954654,380.7494470559748,297.8312887262392,463.66760538571043,253.7810171135672,507.71787699838245,501.2768419879335,333.55474438849194,668.998939587375,244.4523800387886,758.1013039370785,676.3228853219457,501.3915364788403,851.2542341650511,408.4592574059405,944.186513237951,711.165991132673,440.127807516092,982.204174749254,296.13877246978336,1126.1932097955626,927.0094437032301,846.3301036511264,1007.6887837553338,803.4692042484463,1050.549683158014,753.7338060901535,307.4684219826188,1199.9991901976882,70.38993667549096,1437.077675504816,1719.9368187238176,1091.24381661006,2348.629820837575,757.2506592371265,2682.622978210509,1445.1272030854268,1023.9544950879998,1866.2999110828537,800.2064939643667,2090.047912206487,2290.335647292332,2026.7768375590529,2553.894457025611,1886.7612198882484,2693.9100746964154,378.4194736842105,378.4194736842105,378.4194736842105,378.4194736842105,378.4194736842105,547.1438888888889,547.1438888888889,547.1438888888889,547.1438888888889,547.1438888888889,665.7152631578947,665.7152631578947,665.7152631578947,665.7152631578947,665.7152631578947,1042.4389473684212,1042.4389473684212,1042.4389473684212,1042.4389473684212,1042.4389473684212,1552.766842105263,1552.766842105263,1552.766842105263,1552.766842105263,1552.766842105263,3818.9926315789476,3818.9926315789476,3818.9926315789476,3818.9926315789476,3818.9926315789476,231.5676307085699,210.98766193131775,252.14759948582207,200.05455351840254,263.0807078987373,412.7532154183931,288.24817001512577,537.2582608216604,222.10486464463997,603.4015661921462,548.5914497982089,503.04659832553904,594.1363012708788,478.85089598068316,618.3320036157347,296.36546471277273,295.3439003146111,297.38702911093435,294.80119422808775,297.9297351974577,705.7619419807161,661.9166824697637,749.6072014916684,638.6238883545702,772.8999956068619,789.0144890737171,697.2849236003993,880.7440545470348,648.5535919426992,929.475386204735,959.7915780436695,889.2037131117747,1030.3794429755642,851.7039098667058,1067.8792462206331,1068.6785732191884,891.5085025941934,1245.8486438441832,797.3869025746649,1339.9702438637119,1219.8934057201418,1212.1567547882735,1227.6300566520101,1208.0466589807183,1231.7401524595653,316.4062188050984,111.39013265778175,521.4223049524151,2.4753368920197545,630.337100718177,456.69545438690454,411.0321089412269,502.3587998325822,386.77345667321066,526.6174521005984,395.30894877695073,141.2048121864533,649.4130853674482,6.21198962275156,784.4059079311498,594.5106428799862,494.0428865859492,694.9783991740233,440.66939105474205,748.3518947052304,894.5519303126555,743.7200179645771,1045.3838426607338,663.5905645296605,1125.5132960956505,1110.6493067373176,981.3459287152227,1239.9526847594125,912.6535091409847,1308.6451043336506,480.59999999999997,480.59999999999997,480.59999999999997,480.59999999999997,480.59999999999997,698.67,698.67,698.67,698.67,698.67,795.357894736842,795.357894736842,795.357894736842,795.357894736842,795.357894736842
2027-06-01,383.533471365047,367.28735631299315,399.7795864171008,358.6566076915896,408.41033503850434,360.3043257206639,312.4857519730033,408.1228994683245,287.08213466955857,433.5265167717692,477.0098188256461,420.0586166985584,533.9610209527337,389.8032905685431,564.2163470827492,614.2072274913791,587.0519118803622,641.3625431023959,572.6256504620096,655.7888045207485,704.8920055950017,670.4607293805277,739.3232818094757,652.1691138915885,757.6148972984149,859.3673416808713,770.0422146757328,948.6924686860098,722.588240954253,996.1464424074895,1048.8773590375256,920.9695926862308,1176.7851253888205,853.0185918121056,1244.7361262629456,1899.853156027731,1650.2908361910036,2149.4154758644586,1517.7108537777422,2281.99545827772,1791.616456343877,1549.0012626296127,2034.2316500581412,1420.1119409689097,2163.120971718844,381.329524753816,295.28128527281706,467.3777642348149,249.56815804853642,513.0908914590955,500.0738592503918,326.0204129220182,674.1273055787655,233.55451956006965,766.593198940714,648.2623777655022,466.72753785592283,829.7972176750815,370.2871541539589,926.2376013770454,709.7754761095672,428.5058603567678,991.0450918623666,279.0813769880931,1140.4695752310413,915.3772241978359,831.6523162426291,999.1021321530426,787.1734588914256,1043.5809895042462,748.7124262656278,285.6009508387282,1211.8239016925272,39.57297951818782,1457.8518730130677,1719.915362105402,1067.4898006163874,2372.3409235944164,720.8887210753483,2718.9420031354557,1446.8034676708955,1009.731892871738,1883.8750424700531,777.5376187596855,2116.069316582106,2287.6397450776813,2014.1318424169524,2561.14764773841,1868.8307691284404,2706.448721026922,378.4194736842105,378.4194736842105,378.4194736842105,378.4194736842105,378.4194736842105,547.1438888888889,547.1438888888889,547.1438888888889,547.1438888888889,547.1438888888889,665.7152631578947,665.7152631578947,665.7152631578947,665.7152631578947,665.7152631578947,1042.4389473684212,1042.4389473684212,1042.4389473684212,1042.4389473684212,1042.4389473684212,1552.766842105263,1552.766842105263,1552.766842105263,1552.766842105263,1552.766842105263,3818.9926315789476,3818.9926315789476,3818.9926315789476,3818.9926315789476,3818.9926315789476,231.53337821256312,210.17653530230018,252.89022112282606,198.83071250622297,264.23604391890325,410.21816588520466,281.01317412876085,539.4231576416485,212.37302225815006,608.0633095122593,548.3738563500044,501.10973030583733,595.6379823941714,476.0006633448736,620.7470493551352,295.7691953599723,294.70906788308463,296.82932283685994,294.14587516098806,297.3925155589565,702.2466157505962,656.7462396387452,747.7469918624472,632.5741648293244,771.919066671868,790.6794767979288,695.4872079833257,885.871745612532,644.9163151755678,936.4426384202899,953.6316625024808,880.3791731990145,1026.884151805947,841.4637882565481,1065.7995367484136,1066.3417864489145,882.4837151519073,1250.1998577459217,784.8091147753722,1347.8744581224569,1224.6663252026801,1216.63762309959,1232.6950273057703,1212.3723751073235,1236.9602752980368,316.62062212794837,103.86537486222369,529.375869393673,0.0,642.4020945035893,455.49574470745847,408.1086516561628,502.88283775875414,382.93425847266195,528.057230942255,395.1414498940792,131.44512524222768,658.8377745459306,0.0,798.9264470172268,593.659671111812,489.39935313261145,697.9199890910127,434.0110592061611,753.3082830174629,891.7814483892352,735.2557756470549,1048.3071211314154,652.1015120027716,1131.4613847756987,1102.9352847334462,968.7508278922563,1237.119741574636,897.4653351953742,1308.4052342715183,480.59999999999997,480.59999999999997,480.59999999999997,480.59999999999997,480.59999999999997,698.67,698.67,698.67,698.67,698.67,795.357894736842,795.357894736842,795.357894736842,795.357894736842,795.357894736842
2027-07-01,383.2415161270554,366.42518942125173,400.057842832859,357.4915158587936,408.99151639531715,357.4665923346611,307.96966607446154,406.9635185948606,281.6744239987305,433.25876067059164,478.03442357832756,419.08432885175523,536.9845183048999,387.7670910282636,568.3017561283915,610.1211525489534,582.0127304646018,638.2295746333051,567.0801312322899,653.162173865617,699.6954362327177,664.0556794129996,735.3351930524359,645.1220586025244,754.2688138629111,855.457815013549,762.9975244183573,947.9181056087406,713.8779950396619,997.037634987436,1040.729207201247,908.3320907040909,1173.126323698403,837.9961225649768,1243.4622918375171,1888.6593144396206,1630.3377716962602,2146.980857182981,1493.1044521138501,2284.214176765391,1777.2941487513958,1526.1635647183148,2028.4247327844769,1392.7504419507404,2161.837855552051,381.6896027687443,292.62121300692377,470.7579925305648,245.30363094595663,518.0755745915319,498.0120300179025,317.849596823822,678.1744632119829,222.13830418946685,773.885755846338,677.3666406318637,489.46022936837085,865.2730518953565,389.63494838464027,965.0983328790871,708.7710096831593,417.62929760246243,999.9127217638561,262.9602630595922,1154.5817563067262,904.593616567318,817.9301034088228,991.2571297258132,771.8901120433721,1037.2971210912638,744.3845171429514,265.01859815046186,1223.7504361354409,10.355453685701832,1478.413580600201,1718.9396035735242,1043.6149885462746,2394.264218600774,684.8487868130483,2753.030420334,1448.2829768701747,995.8709157655383,1900.6950379748112,755.5270083037002,2141.038945436649,2288.682507174495,2005.5749314233003,2571.79008292569,1855.1740318054779,2722.1909825435123,378.4194736842105,378.4194736842105,378.4194736842105,378.4194736842105,378.4194736842105,547.1438888888889,547.1438888888889,547.1438888888889,547.1438888888889,547.1438888888889,665.7152631578947,665.7152631578947,665.7152631578947,665.7152631578947,665.7152631578947,1042.4389473684212,1042.4389473684212,1042.4389473684212,1042.4389473684212,1042.4389473684212,1552.766842105263,1552.766842105263,1552.766842105263,1552.766842105263,1552.766842105263,3818.9926315789476,3818.9926315789476,3818.9926315789476,3818.9926315789476,3818.9926315789476,231.4736307906022,209.3671981676161,253.58006341358828,197.62315583665472,265.3241057445496,408.24848253464563,274.5086101752936,541.9883548939977,203.45930298438788,613.0376620849033,548.0801493938468,499.1571310306033,597.0031677570903,473.16677752513016,622.9935212625635,295.1972408691705,294.0999046787015,296.29457705963955,293.5169448275148,296.8775369108262,699.0242087051124,651.9268449672445,746.1215724429803,626.9063704815022,771.1420469287226,794.3654394231035,695.8320800861782,892.8987987600287,643.4862329384366,945.2446459077703,947.8574802264955,872.033950219871,1023.6810102331199,831.7526999038519,1063.962260549139,1064.6155877857077,874.3044035719441,1254.9267719994714,773.2015869583822,1356.0295886130332,1230.015425485784,1221.704929274441,1238.325921697127,1217.289978162165,1242.7408728094028,316.783874918129,96.56127185696423,537.0064779792938,0.0,653.9997358555376,454.62250572967787,405.57220442160207,503.67280703775367,379.51423185168676,529.730779607669,394.4317548830558,121.48012723195137,667.3833825341603,0.0,812.3889347238095,593.0320894265477,485.1124074612546,700.9517713918408,427.7800764171926,758.2841024359028,888.4081575157556,726.3886936473492,1050.427621384162,640.3158534672583,1136.5004615642529,1094.0071320679872,955.1130236702386,1232.9012404657358,881.3255285839348,1306.6887355520396,480.59999999999997,480.59999999999997,480.59999999999997,480.59999999999997,480.59999999999997,698.67,698.67,698.67,698.67,698.67,795.357894736842,795.357894736842,795.357894736842,795.357894736842,795.357894736842
2027-08-01,383.0252980348342,365.65747049457804,400.3931255750903,356.430812113817,409.61978395585135,356.0504178562281,304.93021223110554,407.1706234813506,277.77260299275923,434.3282327196969,480.1209728453407,419.23757680977684,541.0043688809045,386.89327266588356,573.3486730247978,607.1445794011449,578.1143259022482,636.1748329000417,562.6920037309593,651.5971550713306,695.3792434984782,658.570660931638,732.1878260653184,639.0161014430042,751.7423855539522,852.9927548460689,757.5001773365556,948.4853323555823,706.7697455346265,999.2157641575113,1033.7658476192537,897.0266936780887,1170.5050015604188,824.3840181468448,1243.1476770916627,1881.6122250161688,1614.818882879731,2148.4055671526066,1473.0849198697483,2290.1395301625894,1766.405642141512,1507.0390902259214,2025.7721940571028,1369.2506095207636,2163.5606747622605,382.02831948815873,290.0388820958808,474.01775688043665,241.16949348123322,522.8871454950843,496.3325608959356,310.26159999650105,682.4035217953701,211.41140201867643,781.2537197731948,647.6865649363618,453.61765787793263,841.755471994791,350.5185510031421,944.8545788695816,708.105996507968,407.41612923467375,1008.7958637812624,247.67463724573616,1168.5373557701998,896.7344484767118,807.2287569602639,986.2401399931597,759.678858342151,1033.7900386112726,740.6047027984688,245.51771053251525,1235.6916950644222,0.0,1498.70665970571,1718.5891704950468,1021.1169072191874,2416.061433770906,650.584767353887,2786.5935736362067,1449.829348892305,982.5801813505373,1917.0785164340728,734.3540610939732,2165.304636690637,2294.4485403281615,2002.056293376286,2586.840787280037,1846.7229121831022,2742.1741684732206,378.4194736842105,378.4194736842105,378.4194736842105,378.4194736842105,378.4194736842105,547.1438888888889,547.1438888888889,547.1438888888889,547.1438888888889,547.1438888888889,665.7152631578947,665.7152631578947,665.7152631578947,665.7152631578947,665.7152631578947,1042.4389473684212,1042.4389473684212,1042.4389473684212,1042.4389473684212,1042.4389473684212,1552.766842105263,1552.766842105263,1552.766842105263,1552.766842105263,1552.766842105263,3818.9926315789476,3818.9926315789476,3818.9926315789476,3818.9926315789476,3818.9926315789476,231.45443065461433,208.62300521651258,254.28585609271607,196.49381045252105,266.4150508567076,407.44541373398357,269.3194675015367,545.5713599664305,195.94005856554924,618.9507689024178,547.9706316527729,497.4431555548951,598.4981077506508,470.6004338778975,625.3408294276483,294.7167204426727,293.58339649843873,295.85004438690663,292.9813181530645,296.4521227322809,697.2929211748842,648.6509730663414,745.934869283427,622.8099381336781,771.7759042160903,799.608195550897,697.8433796154883,901.3730114863057,643.7808211498024,955.4355699519916,943.7047703856958,865.3945653280119,1022.0149754433797,823.7922688911174,1063.6172718802743,1063.89339849588,867.3408526140353,1260.445944377725,762.9223126143052,1364.864484377455,1235.3751878276707,1226.7921442476038,1243.9582314077377,1222.2324023456931,1248.5179733096484,316.9112654063758,89.46633897588572,544.3561918368658,0.0,665.1863090030637,454.3052064927322,403.6462731346966,504.9641398507678,376.7337147882402,531.8766981972243,393.2116852465428,111.30845638976007,675.1149141033255,0.0,824.8760044334913,592.5728119630968,481.1138437018751,704.0317802243185,421.90126681310113,763.2443571130925,885.3260162103359,717.9930334573246,1052.6589989633471,629.0973863697873,1141.5546460508845,1085.899962132705,942.4507438098229,1229.349180455587,866.2433465757919,1305.5565776896183,480.59999999999997,480.59999999999997,480.59999999999997,480.59999999999997,480.59999999999997,698.67,698.67,698.67,698.67,698.67,795.357894736842,795.357894736842,795.357894736842,795.357894736842,795.357894736842
2027-09-01,382.93318749945706,365.0308406404602,400.8355343584539,355.52021887161817,410.34615612729596,356.14753599219324,303.45403414327467,408.8410378411118,275.46061128603674,436.83446069834974,483.183783316633,420.4266151413977,545.9409514918683,387.086869548304,579.2806970849621,605.2596163399667,575.3359159613647,635.1833167185687,559.4389501352324,651.0802825447009,692.1090286924037,654.1676102293161,730.0504471554914,634.0112316708007,750.2068257140068,852.3592394376544,753.9277435541031,950.7907353212057,701.6360113659665,1003.0824675093423,1028.6153683587004,887.6678746444462,1169.5628620729544,812.7895186087487,1244.441218108652,1880.420846995013,1605.4165645349922,2155.425129455034,1459.3205394781057,2301.5211545119205,1760.9899788143052,1493.6410564892485,2028.338901139362,1351.6119415040619,2170.3680161245484,382.552499241097,287.73195753872085,477.37304094347314,237.35854475933354,527.7464537228605,494.9699278326693,303.17237142053375,686.7674842448049,201.27991957658668,788.6599360887519,677.2574738058134,477.2158231932933,877.2991244183336,370.94369630539205,983.5712513062349,707.790904429692,397.84688359950513,1017.7349252598788,233.18912253346838,1182.3926863259155,893.1163950990726,800.8560400450064,985.3767501531389,751.8427264225337,1034.3900637756117,737.3745346340061,227.05054388853597,1247.6985253794762,0.0,1518.8081454630071,1720.199940461178,1001.2619873549334,2439.1378935674225,619.326199767241,2821.073681155115,1451.5234035362084,969.8939857220505,1933.1528213503664,714.0283575082792,2189.018449564138,2304.6468921018813,2003.255862528315,2606.0379216754477,1843.1418780673575,2766.151906136405,378.4194736842105,378.4194736842105,378.4194736842105,378.4194736842105,378.4194736842105,547.1438888888889,547.1438888888889,547.1438888888889,547.1438888888889,547.1438888888889,665.7152631578947,665.7152631578947,665.7152631578947,665.7152631578947,665.7152631578947,1042.4389473684212,1042.4389473684212,1042.4389473684212,1042.4389473684212,1042.4389473684212,1552.766842105263,1552.766842105263,1552.766842105263,1552.766842105263,1552.766842105263,3818.9926315789476,3818.9926315789476,3818.9926315789476,3818.9926315789476,3818.9926315789476,231.54033854829134,208.0062438821145,255.0744332144682,195.50375609070804,267.5769210058746,408.0731156520766,265.6961491633855,550.4500821407677,190.05838571626836,626.0878455878848,548.1017072896848,496.0191770528293,600.1842375265403,468.3503328644998,627.8530817148697,294.3716617458733,293.2034581633438,295.53986532840287,292.582850010125,296.16047348162164,697.5267880459244,647.3878155740906,747.6657605177581,620.751486448429,774.3020896434198,805.1488537341065,700.2520824657992,910.0456250024139,644.5256727295108,965.7720347387022,941.6046871559811,860.8843754018288,1022.3249989101333,818.0017097824355,1065.2076645295267,1063.7806958325293,861.1789689188024,1266.3824227462562,753.5468014958849,1374.0145901691737,1240.351483386738,1231.504284569264,1249.198682204212,1226.804210197481,1253.8987565759949,317.02425802000863,82.5793940990715,551.4691219409458,0.0,676.0179558989437,454.6424876355769,402.42445435650023,506.8605209146536,374.68362417699075,534.6013510941631,391.5977951148908,101.01859792009486,682.1769923096867,0.0,836.547190819422,592.2658006703019,477.3765259044561,707.1550754361477,416.3415986851005,768.1900026555033,883.1971804814344,710.7142898463535,1055.6800711165154,619.0827541964668,1147.311606766402,1080.3765613604255,932.5124915960428,1228.2406311248083,853.9597045337144,1306.7934181871367,480.59999999999997,480.59999999999997,480.59999999999997,480.59999999999997,480.59999999999997,698.67,698.67,698.67,698.67,698.67,795.357894736842,795.357894736842,795.357894736842,795.357894736842,795.357894736842
2027-10-01,382.9886356686397,364.5672727263493,401.4099986109301,354.78092366325757,411.1963476740218,357.3315294740555,303.1103633942933,411.5526955538177,274.3053689144196,440.3576900336914,486.7863550103854,422.2097617127654,551.3629483080055,387.9034465234048,585.669263497366,604.0138609367006,573.2226272737489,634.8050945996522,556.8647843903059,651.1629374830952,689.725875202165,650.6844776938485,728.7672727104814,629.9437352675554,749.5080151367745,853.2222892706372,751.9371156056989,954.5074629355756,698.1293670962003,1008.3152114450742,1025.0447594802963,880.0109849720328,1170.0785339885597,802.9617922645178,1247.1277266960747,1884.5512654122458,1601.574193312099,2167.5283375123927,1451.2426237588961,2317.8599070655955,1761.0786396670717,1485.9788681583414,2036.178411175802,1339.8321145443283,2182.325164789815,383.37322008301874,285.80368761659616,480.9427525494413,233.9698734938092,532.7765666722282,494.10209872885514,296.74404137802446,691.4601560796858,191.8975734103957,796.3066240473146,643.9807420271491,438.13958172943336,849.8219023248648,328.7864653212719,959.1750187330263,707.7301658597954,388.80039958525145,1026.6599321343394,219.36896125190003,1196.091370467691,893.9996967192623,799.0645745801551,988.9348188583695,748.6302909437543,1039.3691024947702,734.722275846448,209.60322158368672,1259.8413301092094,0.0,1538.8108276863013,1724.5042368789611,984.7231863011273,2464.2852874567952,591.7145031816531,2857.293970576269,1453.3911464357911,957.7985641269613,1948.983728744621,694.5150047753955,2212.267288096187,2317.6937642781804,2007.5649533991163,2627.8225751572445,1842.8090226196136,2792.578505936747,378.4194736842105,378.4194736842105,378.4194736842105,378.4194736842105,378.4194736842105,547.1438888888889,547.1438888888889,547.1438888888889,547.1438888888889,547.1438888888889,665.7152631578947,665.7152631578947,665.7152631578947,665.7152631578947,665.7152631578947,1042.4389473684212,1042.4389473684212,1042.4389473684212,1042.4389473684212,1042.4389473684212,1552.766842105263,1552.766842105263,1552.766842105263,1552.766842105263,1552.766842105263,3818.9926315789476,3818.9926315789476,3818.9926315789476,3818.9926315789476,3818.9926315789476,231.77946819350458,207.56308456634943,255.99585182065974,194.69813076442324,268.86080562258593,410.10632578250085,263.6016359243433,556.6110156406584,185.7710194371972,634.4416321278045,548.5816927870541,494.98921130947815,602.17417426463,466.51820552451596,630.6451800495921,294.1738106361416,292.97173906676824,295.3758822055149,292.33313854553865,296.0144827267445,699.2706052567014,647.6780282201893,750.8631822932135,620.2694716695422,778.2717388438606,809.1981453672893,701.2602582160968,917.1360325184818,643.9182556670257,974.4780350675528,941.0016004790207,857.9410849304246,1024.0621160276166,813.815186045233,1068.1880149128083,1063.346243017946,854.8707859391474,1271.821700096745,744.1181993660355,1382.5742866698567,1244.744935508998,1235.6412430309704,1253.8486279870256,1230.8049064020183,1258.6849646159776,317.1431219403369,75.90134720212455,558.3848966785492,0.0,686.5445895082246,455.57286491616026,401.84095195844367,509.30477787387684,373.29587319965674,537.8498566326638,389.75401908680635,90.7504919422849,688.7575462313278,0.0,847.6031700268547,592.0696740014374,473.8495855790884,710.2897624237864,411.0451636047155,773.0941843981593,882.2790305209272,704.7956002896884,1059.762460752166,610.5075279793429,1154.0505330625115,1078.4594995284244,926.3086269803953,1230.6103720764536,845.4784759392547,1311.4405231175942,480.59999999999997,480.59999999999997,480.59999999999997,480.59999999999997,480.59999999999997,698.67,698.67,698.67,698.67,698.67,795.357894736842,795.357894736842,795.357894736842,795.357894736842,795.357894736842
2027-11-01,383.1640265405372,364.2378752613324,402.09017781974194,354.18335739425487,412.1446956868195,358.74439195954733,303.0374393863152,414.45134453277944,273.4431208317856,444.04566308730904,490.2283934659881,423.88225080134123,556.574536130635,388.63586251074753,591.8209244212287,602.6239782430183,570.9889929162536,634.2589635697831,554.1829069614098,651.0650495246268,687.4578568365315,647.3466339205743,727.5690797524887,626.0375467464719,748.8781669265911,854.5783616183462,750.5177378127978,958.6389854238946,695.2355314161001,1013.9211918205923,1022.0154487303364,873.0074103166389,1171.0234871440339,793.8468899093623,1250.1840075513105,1891.32057422246,1600.5892699269089,2182.051878518011,1446.1382645198973,2336.5028839250226,1764.7925421973118,1482.1543949136478,2047.4306894809758,1332.0028791692014,2197.5822052254225,384.4749834800676,284.2318181135423,484.71814884659284,230.97763651257577,537.9723304475594,493.9627197088993,291.1965909868634,696.7288484309352,183.47708510328187,804.4483543145167,674.6096852934156,463.1279968056456,886.0913737811857,350.7783497965177,998.4410207903136,707.8697937520468,380.2006075543098,1035.5389799497839,206.12635238676205,1209.6132351173314,898.5604745504004,801.0239085024199,996.0970405983809,749.2076077894303,1047.9133413113705,732.6111227779292,193.10258089073045,1272.1196646651279,0.0,1558.733577542702,1731.4417005340888,971.3889226485721,2491.4944784196055,567.6108843968914,2895.272516671286,1455.5058575774542,946.3328818854366,1964.6788332694719,675.8347385490521,2235.1769766058565,2331.0667063126775,2012.439642228174,2649.6937703971807,1843.1690144332815,2818.9643981920735,378.4194736842105,378.4194736842105,378.4194736842105,378.4194736842105,378.4194736842105,547.1438888888889,547.1438888888889,547.1438888888889,547.1438888888889,547.1438888888889,665.7152631578947,665.7152631578947,665.7152631578947,665.7152631578947,665.7152631578947,1042.4389473684212,1042.4389473684212,1042.4389473684212,1042.4389473684212,1042.4389473684212,1552.766842105263,1552.766842105263,1552.766842105263,1552.766842105263,1552.766842105263,3818.9926315789476,3818.9926315789476,3818.9926315789476,3818.9926315789476,3818.9926315789476,232.18688167092284,207.30691261550552,257.0668507263402,194.08942905481507,270.2843342870306,413.1415262183026,262.62226594126037,563.6607864953448,182.65890891908174,643.6241435175234,549.4298562179246,494.3688156722205,604.4908967636286,465.1176378823152,633.7420745535339,294.0982188787037,292.863207742901,295.33323001450634,292.20710807700584,295.9893296804015,701.2069678381109,648.2006337825891,754.2133018936328,620.0410188155931,782.3729168606287,809.8670157118962,698.9713785442801,920.7626528795123,640.058071298984,979.6759601248084,940.4613335536806,855.1247660300826,1025.7979010772785,809.7897145331711,1071.1329525741899,1061.1702227502597,846.9820516016089,1275.3583938989104,733.1945856788881,1389.1458598216313,1248.5201473145353,1239.1669924161558,1257.8733022129147,1234.1981288763918,1262.8421657526787,317.2896143773311,69.43725199444373,565.1419767602184,0.0,696.8135442761272,456.8756485112508,401.6713557374411,512.0799412850605,372.3440752013547,541.4072218211469,387.8469524593986,80.65003084826486,695.0438740705324,0.0,858.2422386764472,591.957230191855,470.4976354413619,713.4168249423482,405.97222573016245,777.9422346535476,882.3698382639554,700.0229478285528,1064.716728699358,603.1511622847452,1161.5885142431657,1080.1802861922004,923.8601246423639,1236.5004477420368,840.8150388190131,1319.5455335653876,480.59999999999997,480.59999999999997,480.59999999999997,480.59999999999997,480.59999999999997,698.67,698.67,698.67,698.67,698.67,795.357894736842,795.357894736842,795.357894736842,795.357894736842,795.357894736842
2027-12-01,383.40085058980196,363.9830290890491,402.8186720905548,353.66731141677417,413.13438976282976,359.3053169453319,302.15118954456136,416.4594443461025,271.78805936290206,446.8225745277618,492.7089136312456,424.6392075129646,560.7786197495266,388.47717613762785,596.9406511248633,600.1757067520144,567.7188966382223,632.6325168658066,550.4762162652703,649.8751972387586,684.286142692658,643.1328963052239,725.4393890800922,621.2702341618996,747.3020512234165,854.9975733098828,748.2336259809131,961.7615206388525,691.5152789623978,1018.4798676573678,1017.9742276454106,865.095205946284,1170.8532493445373,783.8782256686229,1252.0702296221982,1896.6171155907675,1598.3330911100504,2194.9011400714844,1439.8697031046695,2353.3645280768656,1768.9841348357413,1479.0035142492466,2058.964755422236,1324.9513095626714,2213.0169601088114,385.73049849652597,282.8831808859788,488.57781610707315,228.2455434053756,543.2154535876764,494.0023311598759,285.96867255495533,702.0359897647965,175.4507914210913,812.5538708986605,640.243418670014,423.26778441914576,857.2190529208822,307.99947872337196,972.4873586166559,708.1515316580734,371.9700399738357,1044.3330233423112,193.37362251658442,1222.9294407995624,905.1430101328656,805.0726048309137,1005.2134154348174,751.9102020142518,1058.3758182514794,730.930413657858,177.4063289165656,1284.4544983991505,0.0,1578.514168417962,1740.1880923474632,960.3903957947373,2519.985788900189,546.1228695011016,2934.253315193825,1457.786511208113,935.3860606813225,1980.1869617349037,657.8608213389651,2257.712201077261,2341.93620262988,2015.0317324907303,2668.8406727690294,1841.3637327293072,2842.5086725304527,378.4194736842105,378.4194736842105,378.4194736842105,378.4194736842105,378.4194736842105,547.1438888888889,547.1438888888889,547.1438888888889,547.1438888888889,547.1438888888889,665.7152631578947,665.7152631578947,665.7152631578947,665.7152631578947,665.7152631578947,1042.4389473684212,1042.4389473684212,1042.4389473684212,1042.4389473684212,1042.4389473684212,1552.766842105263,1552.766842105263,1552.766842105263,1552.766842105263,1552.766842105263,3818.9926315789476,3818.9926315789476,3818.9926315789476,3818.9926315789476,3818.9926315789476,232.7376562185326,207.2113465671259,258.2639658699393,193.6504945648161,271.8248178722491,416.5701878086028,262.14068519248667,570.9996904247189,180.10001192767496,653.0403636895306,550.4237184811434,493.9322828379681,606.9151541243187,463.9212076525312,636.9262293097556,294.09127884634086,292.82418415642326,295.35837353625845,292.1510401024045,296.0315175902772,701.480522797197,647.0971715328375,755.8638740615564,618.2060161736465,784.7550294207474,805.648967744077,691.8724446694131,919.425490818741,631.4286667859978,979.8692687021562,938.0431711437773,850.4897002233128,1025.5966420642417,803.976918796816,1072.1094234907387,1055.6869813808744,835.9345545096487,1275.4394082521,719.19107773431,1392.1828850274387,1251.7345243896627,1242.1383899402263,1261.3306588390992,1237.040443513963,1266.4286052653624,317.4716821458001,63.18052382779294,571.7628404638073,0.0,706.8550183202486,458.227262589098,401.58885326099835,514.8656719171977,371.4996983054454,544.9548268727506,386.00743010905734,70.83003870883408,701.1848215092806,0.0,868.6228106906492,591.9064647126311,467.2915498455895,716.5213795796726,401.08987632247363,782.7230531027885,882.8894548978793,695.8054927411127,1069.9734170546458,596.4171378453304,1169.3617719504282,1084.6027666147156,924.2216648701292,1244.983868359302,839.0192045683177,1330.1863286611135,480.59999999999997,480.59999999999997,480.59999999999997,480.59999999999997,480.59999999999997,698.67,698.67,698.67,698.67,698.67,795.357894736842,795.357894736842,795.357894736842,795.357894736842,795.357894736842
2028-01-01,383.636839766158,363.73949367611743,403.5341858561986,353.1690285657834,414.10465096653263,357.9868692582334,299.4213163035256,416.5524222129412,268.3083662963371,447.6653722201297,493.52302319795535,423.772330473219,563.2737159226917,386.7172749632027,600.328771432708,595.8671461150597,562.6088125894469,629.1254796406724,544.9403229039651,646.7939693261542,679.1697376968385,637.0002087376943,721.3392666559828,614.5976464781489,743.7418289155281,853.0075315914471,743.6070404055014,962.4080227773928,685.4880294629678,1020.5270337199264,1011.2987491365496,854.6443682866477,1167.9531299864516,771.4217284601373,1251.175769812962,1896.0214159418688,1590.3712446292493,2201.6715872544883,1427.9945911194202,2364.048240764317,1770.2453677355425,1473.1036535123203,2067.3870819587646,1315.2471178312337,2225.2436176398514,386.9630322528444,281.57589225621575,492.3501722494731,225.58897413300681,548.337090372682,494.2653546357249,281.0942888970181,707.4364203744317,167.8471602233301,820.6835490481197,673.5455416750128,451.21167751686244,895.8794058331632,333.09681218284504,1013.9942711671806,708.56422888114,364.0807095096161,1053.047748252664,181.07383984349394,1236.054617918786,911.7248706101403,809.183218984268,1014.2665222360126,754.7079665580234,1068.7417746622573,729.5429715335645,162.34956712187739,1296.7363759452514,0.0,1598.0578720389603,1749.3956798404793,950.3408194420307,2548.4505402389277,525.842924855355,2972.9484348256037,1460.176493355374,924.8753236890606,1995.4776630216875,640.4965773038315,2279.8564094069166,2347.904666737978,2012.9272656691805,2682.8820678067755,1834.9705213513816,2860.8388121245744,378.4194736842105,378.4194736842105,378.4194736842105,378.4194736842105,378.4194736842105,547.1438888888889,547.1438888888889,547.1438888888889,547.1438888888889,547.1438888888889,665.7152631578947,665.7152631578947,665.7152631578947,665.7152631578947,665.7152631578947,1042.4389473684212,1042.4389473684212,1042.4389473684212,1042.4389473684212,1042.4389473684212,1552.766842105263,1552.766842105263,1552.766842105263,1552.766842105263,1552.766842105263,3818.9926315789476,3818.9926315789476,3818.9926315789476,3818.9926315789476,3818.9926315789476,233.37354111603992,207.21685729257953,259.5302249395003,193.32111901136622,273.4259632207136,419.68324109876295,261.44009008686584,577.9263921106601,177.37341611179554,661.9930660857303,551.2566064551725,493.3701104817732,609.1431024285718,462.6179094959049,639.89530341444,294.0843802515323,292.7859945611928,295.3827659418718,292.0962271632,296.0725333398646,698.1940157224569,642.4676634330791,753.9203680118347,612.8630387793471,783.5249926655667,795.8264512902226,679.2402082634079,912.4126943170373,617.3037666554126,974.3491359250327,931.8366127992267,842.1210022081392,1021.5522233903142,794.4595840816239,1069.2136415168295,1045.7346488713608,820.5554189864022,1270.9138787563195,700.9289531100178,1390.5403446327039,1254.4509934757298,1244.6178817510392,1264.2841052004203,1239.3940411472975,1269.507945804162,317.68815906815166,57.117261117805924,578.2590570184974,0.0,716.6873465546186,459.2766552045583,401.2395560198279,517.3137543892888,370.4073470779399,548.1459633311767,384.3066298301831,61.34590860801654,707.2673510523497,0.0,878.8402342016257,591.8967091369256,464.2044194022434,719.5889988716077,396.36789048069346,787.4255277931577,883.0692120828,691.3651971506965,1074.7732270149036,589.5224392180164,1176.6159849475837,1090.1026770518165,925.7609517151031,1254.4444023885299,838.4544101299741,1341.7509439736589,480.59999999999997,480.59999999999997,480.59999999999997,480.59999999999997,480.59999999999997,698.67,698.67,698.67,698.67,698.67,795.357894736842,795.357894736842,795.357894736842,795.357894736842,795.357894736842
2028-02-01,383.8176778071571,363.4520948049789,404.1832608093353,352.6328788350718,415.00247677924244,354.08527718884545,294.14152266147323,414.0290317162177,262.29640306880674,445.87415130888417,492.2406429843581,420.8485329151631,563.6327530535531,382.92147444090324,601.5598115278129,589.2301819609221,555.1891923301985,623.2711715916457,537.1049165888766,641.3554473329676,671.308076671006,628.1461877289388,714.4699656130732,605.2164342284656,737.3997191135464,847.4942223548398,735.5192497306443,959.4691949790354,676.0325455240404,1018.9558991856393,1000.774103447662,840.4332327900214,1161.1149741053025,755.2521452531499,1246.2960616421742,1886.0296123879255,1573.1866882447473,2198.8725365311034,1406.988884793684,2365.070339982167,1765.9997968788457,1461.8655562098584,2070.134037547833,1300.294240854459,2231.7053529032323,388.0100495500588,280.14287282955104,495.87722627056655,222.83843519678135,553.1816639033362,494.2294944893871,276.04195262733776,712.4170363514364,160.12982101312411,828.3291679656501,637.5149688375011,409.94900379785986,865.0809338771423,289.0545848705505,985.9753528044516,709.0959196402318,356.5057965707631,1061.6860427097006,169.19229369010782,1248.9995455903559,916.4695172200352,811.5147906993749,1021.4242437406955,755.7575922352742,1077.1814422047962,728.3371286333141,147.79617088136195,1308.8780863852662,0.0,1617.290470190991,1757.5764112336358,939.7176873064338,2575.4351351608375,505.2302402201078,3009.9225822471635,1462.581398647542,914.6831838469707,2010.4796134481135,623.6122572341671,2301.5505400609172,2347.6532754803693,2004.792974692054,2690.5135762686846,1822.6484398982616,2872.658111062477,378.4194736842105,378.4194736842105,378.4194736842105,378.4194736842105,378.4194736842105,547.1438888888889,547.1438888888889,547.1438888888889,547.1438888888889,547.1438888888889,665.7152631578947,665.7152631578947,665.7152631578947,665.7152631578947,665.7152631578947,1042.4389473684212,1042.4389473684212,1042.4389473684212,1042.4389473684212,1042.4389473684212,1552.766842105263,1552.766842105263,1552.766842105263,1552.766842105263,1552.766842105263,3818.9926315789476,3818.9926315789476,3818.9926315789476,3818.9926315789476,3818.9926315789476,234.0189066007483,207.24668717722182,260.7911260242748,193.02394560847335,275.01386759302324,421.895682738287,259.9286539759888,583.8627115005852,173.88366994601793,669.9076955305561,551.6627902700571,492.4140727216602,610.9115078184541,460.93819152407434,642.38738901604,294.01237743356137,292.68343731130636,295.3413175558164,291.97743787135835,296.0473169957644,689.9431923855694,632.9054523863638,746.9809323847751,602.6041530117859,777.282231759353,780.6928832167566,661.3630591020137,900.0227073314995,597.9690900410565,963.4166763924568,920.5180786155779,828.6912236261867,1012.3449336049691,779.9082069130725,1061.1279503180833,1030.8994620323663,800.4211723229605,1261.377751741772,677.9795809148388,1383.8193431498937,1256.6626047355396,1246.5980940167403,1266.727115454339,1241.251322697378,1272.0738867737011,317.92727939781395,51.22446254245119,584.6300962531767,0.0,726.3159677075882,459.73388875724527,400.3310239076515,519.1367536068391,368.7732519563048,550.6945255581858,382.75256760984456,52.191730766103376,713.3134044535857,0.0,888.9238490268233,591.9206884983329,461.2234631718095,722.6179138248563,391.79056221709396,792.0508147795717,882.1977209388572,685.9824060781107,1078.4130357996037,581.743020058339,1182.6524218193754,1094.8258039383318,926.6166853493322,1263.0349225273312,837.2555910989263,1352.3960167777373,480.59999999999997,480.59999999999997,480.59999999999997,480.59999999999997,480.59999999999997,698.67,698.67,698.67,698.67,698.67,795.357894736842,795.357894736842,795.357894736842,795.357894736842,795.357894736842
2028-03-01,383.90484950406744,363.08155580181267,404.7281432063222,352.0191810224898,415.79051798564507,347.41276329062464,286.12178988682695,408.70373669442233,253.56096026605945,441.2645663151898,488.8198881714475,415.82326068302507,561.8165156598699,377.04380232980066,600.5959740130943,580.2703653496815,545.4643141347394,615.0764165646235,526.9735994268013,633.5671312725616,660.467041979155,616.3351018285273,704.5989821297828,592.8900086235063,728.0440753348038,838.0240224802988,723.5324441146719,952.5156008459256,662.7087931079326,1013.3392518526649,985.9702778544561,822.0257916189187,1149.9147640899935,734.9302833062894,1237.0102724026228,1865.0535801843648,1545.1796000773938,2184.927560291336,1375.2465481455654,2354.860612223164,1755.372492435964,1444.4029209935352,2066.3420638783928,1279.2003361647448,2231.544648707183,388.77160199954704,278.480141085125,499.0630629139691,219.88780247433832,557.6554015247558,493.78028560251465,270.68904063886544,716.8715305661639,152.17181675192683,835.3887544531025,672.9867048942715,440.3062593528562,905.6671504356868,316.69477265897933,1029.2786371295638,709.7481522964972,349.23366624400165,1070.2626383489928,157.7103455286134,1261.7859590643811,918.2176196494638,810.9040654268427,1025.531173872085,753.8937397460752,1082.5414995528524,727.2532615219051,133.66481044911995,1320.8417125946903,0.0,1636.1855772271074,1763.5236628698808,927.2837961562221,2599.7635295835394,483.0313669645909,3044.0159587751705,1464.9156713545729,904.7035996199638,2025.1277430891819,607.0909365109528,2322.740406198193,2341.32120027912,1990.7552115031096,2691.8871890551304,1804.5170299658544,2878.125370592386,378.4194736842105,378.4194736842105,378.4194736842105,378.4194736842105,378.4194736842105,547.1438888888889,547.1438888888889,547.1438888888889,547.1438888888889,547.1438888888889,665.7152631578947,665.7152631578947,665.7152631578947,665.7152631578947,665.7152631578947,1042.4389473684212,1042.4389473684212,1042.4389473684212,1042.4389473684212,1042.4389473684212,1552.766842105263,1552.766842105263,1552.766842105263,1552.766842105263,1552.766842105263,3818.9926315789476,3818.9926315789476,3818.9926315789476,3818.9926315789476,3818.9926315789476,234.5993767417716,207.22545928221857,261.9732942013247,192.683065631831,276.5156878517122,422.8666351288987,257.259443346657,588.4738269111403,169.28062271234117,676.4526475454562,551.4188465434321,490.838530877524,611.9991622093402,458.6552381800103,644.1824549068539,293.83003492273116,292.4712272482606,295.1888425972017,291.74936067119813,295.9107091742642,676.2457838218835,617.9261367983108,734.5654308454561,586.9438243170378,765.5477433267292,761.5294422429181,639.5177141861307,883.5411702997055,574.6989836559624,948.3599008298738,903.7758931613672,809.8852556581863,997.6665306645481,760.0058544846215,1047.545931838113,1011.6845416798362,776.0263177979559,1247.3427655617165,650.8328863607071,1372.5361969989654,1258.2528788306317,1247.9621710888186,1268.5435865724448,1242.4952326009804,1274.010525060283,318.17016668728456,45.47327968906296,590.8670536855061,0.0,735.7372749033113,459.44143842943697,398.7035110454706,520.1793658134034,366.43648712273847,552.4463897361354,381.3061716855262,43.316073816776566,719.2962695542758,0.0,898.8535090470489,591.9789976627711,458.3443892770015,725.6136060485408,387.35100357206136,796.6069917534809,879.8540333134624,679.2288349192537,1080.4792317076713,572.6466982723302,1187.0613683545946,1097.2037852893836,925.214214482522,1269.1933560962452,833.8447549913768,1360.5628155873906,480.59999999999997,480.59999999999997,480.59999999999997,480.59999999999997,480.59999999999997,698.67,698.67,698.67,698.67,698.67,795.357894736842,795.357894736842,795.357894736842,795.357894736842,795.357894736842
2028-04-01,383.88844446444165,362.6172867572994,405.1596021715839,351.31698422538005,416.45990470350324,338.3602932509025,275.75108358705023,400.96950291475474,242.48994095312872,434.23064554867625,483.62491710741585,409.05829005995605,558.1915441548756,369.444769440993,597.8050647738387,569.48702737708,533.9323732891085,605.0416814650516,515.0439633048736,623.9300914492865,647.0298781601756,601.9487554382443,692.1110008821069,577.9994089922183,716.0603473281329,824.9977190086219,708.0436744478816,941.9517635693621,645.9118382749882,1004.0835997422555,967.4169411489977,799.9463636411309,1134.8875186568646,710.9776193400767,1223.8562629579187,1833.9231227974583,1507.1693452944346,2160.676900300482,1333.5814009959531,2334.2648445989635,1739.5911287884774,1421.9332745193374,2057.2489830576174,1253.1775394388565,2226.0047181380983,389.2345444002224,276.5709527318324,501.89813606861236,216.7184196580002,561.7506691424446,492.88024682369195,264.9907917472046,720.7697019001794,143.92451873782068,841.8359749095632,635.3874323037851,397.70253368740293,873.0723309201672,271.43243129744997,999.3424333101202,710.5182330070572,342.24986018467246,1078.7866058294421,146.60728712278058,1274.4291788913338,916.7852780550852,807.163641409958,1026.4069147002124,748.9271469422342,1084.6434091679362,726.2841024242341,119.92884775382026,1332.639357094648,0.0,1654.7655861383053,1766.6575328006247,912.4319554156318,2620.8831101856176,458.6246174298542,3074.6904481713955,1467.1478406483998,894.8868190396305,2039.408862257169,590.8731513099718,2343.4225299868276,2330.5128332501754,1972.406928361203,2688.618738139148,1782.1631663889364,2878.862500111414,378.4194736842105,378.4194736842105,378.4194736842105,378.4194736842105,378.4194736842105,547.1438888888889,547.1438888888889,547.1438888888889,547.1438888888889,547.1438888888889,665.7152631578947,665.7152631578947,665.7152631578947,665.7152631578947,665.7152631578947,1042.4389473684212,1042.4389473684212,1042.4389473684212,1042.4389473684212,1042.4389473684212,1552.766842105263,1552.766842105263,1552.766842105263,1552.766842105263,1552.766842105263,3818.9926315789476,3818.9926315789476,3818.9926315789476,3818.9926315789476,3818.9926315789476,235.0595247163021,207.09685350442754,263.02219592817664,192.24168442311918,277.877365009485,422.6086456784784,253.43960142417868,591.7776899327781,163.56854666408196,681.6487446928749,550.4064545405882,488.5231873253513,612.2897217558252,455.64770161725664,645.1652074639198,293.5235359464046,292.1355032580788,294.9115686347304,291.3981108924057,295.64896100040346,657.746834931367,598.1728584509334,717.3208114118005,566.5241834457031,748.9694864170308,740.3399652567839,615.704028851783,864.9759016617847,549.4911876366263,931.1887428769415,882.485781604766,786.575759582744,978.3958036267879,735.6235603835448,1029.3480028259871,989.5255867865005,748.7988642587511,1230.25230931425,620.9127929158842,1358.1383806571168,1259.0050045437176,1248.4929659381,1269.5170431493352,1242.9084454288657,1275.1015636585696,318.39770830704623,39.83570113726631,596.9597154768262,0.0,744.9457817857717,458.4169612178397,396.37269239741727,520.4612300382621,363.41167458656787,553.4222478491115,379.9111713813937,34.6516376103196,725.1707051524677,0.0,908.5898324683508,592.082073294284,455.5732735457549,728.5908730428131,383.0529736793488,801.1111729092192,876.0623270082874,671.1221145668796,1081.0025394496952,562.2476267073819,1189.877027309193,1096.389334226427,920.7006397803449,1272.0780286725094,827.3660208558638,1365.4126475969904,480.59999999999997,480.59999999999997,480.59999999999997,480.59999999999997,480.59999999999997,698.67,698.67,698.67,698.67,698.67,795.357894736842,795.357894736842,795.357894736842,795.357894736842,795.357894736842
2028-05-01,383.79392612117624,362.0841416958561,405.5037105464964,350.5508187199048,417.0370335224477,327.81338828074007,263.9131312493369,391.7136453121432,229.966119701404,425.66065686007613,477.34319031774885,401.23894527329406,553.4474353622037,360.80856509342743,593.8778155420703,557.767129566829,521.479312693208,594.05494644045,502.2014099790969,613.332849154561,631.9843628078955,585.9736345993454,677.9950910164457,561.5304352385531,702.438290377238,809.5893502779629,690.2236283910712,928.9550721648546,626.81058863866,992.3681119172659,946.5265471798538,775.6026047533975,1117.45048960631,684.7992603393427,1208.2538340203648,1795.758148120626,1462.2664704500785,2129.2498257911734,1285.0990166876004,2306.4172795536515,1721.7988729701897,1397.5906830757012,2046.0070628646781,1225.3550821942542,2218.2426637461253,389.4691275084783,274.48233076813096,504.4559242488257,213.3955949998214,565.5426600171352,491.5594740798033,258.97077295551003,724.1481752040966,135.40802548322932,847.7109226763773,671.8713558081865,429.28522198515003,914.4574896312231,300.4113383916619,1043.3313732247111,711.4110293168603,335.54869522524245,1087.2733634084782,135.8718302390704,1286.9502283946504,912.9897340134728,801.107619617913,1024.8718484090325,741.6702463452718,1084.3092216816738,725.4615921785694,106.60285184612746,1344.3203325110112,0.0,1673.0890383126211,1767.199166285828,895.3588371910037,2639.039495380652,432.1936623593783,3102.2046702122775,1469.2844120722928,885.2229526450831,2053.345871499502,574.940302324378,2363.6285218202074,2317.9275416298915,1952.4372329400471,2683.417850319736,1758.2705064485674,2877.584576811216,378.4194736842105,378.4194736842105,378.4194736842105,378.4194736842105,378.4194736842105,547.1438888888889,547.1438888888889,547.1438888888889,547.1438888888889,547.1438888888889,665.7152631578947,665.7152631578947,665.7152631578947,665.7152631578947,665.7152631578947,1042.4389473684212,1042.4389473684212,1042.4389473684212,1042.4389473684212,1042.4389473684212,1552.766842105263,1552.766842105263,1552.766842105263,1552.766842105263,1552.766842105263,3818.9926315789476,3818.9926315789476,3818.9926315789476,3818.9926315789476,3818.9926315789476,235.37621479003673,206.83693299240957,263.9154965876639,191.67543953742012,279.07699004265334,421.46184792963106,248.80441513907243,594.1192807201896,157.08015396908814,685.843541890174,548.6951504554344,485.5358053330871,611.8544955777817,451.9824032368401,645.4078976740286,293.1130095003965,291.6963545701041,294.5296644306889,290.9437566383863,295.28226236240675,636.1413392199502,575.3389040842717,696.9437743556286,543.0376104184426,729.2450680214578,719.410888184505,592.204868265244,846.6169081037659,524.6266701831366,914.1951061858733,858.5847639365647,760.6970076144598,956.4725202586696,708.6941370683417,1008.4753908047878,966.5418121418932,720.851129789587,1212.2324944941993,590.3279547899244,1342.755669493862,1258.6585798100723,1247.9297753349886,1269.387384285156,1242.2300979576003,1275.0870616625443,318.59439481921254,34.288236781099954,602.9005528573251,0.0,753.9381993150723,456.8526161844133,393.5289494868688,520.1762828819578,359.8882515537983,553.8169808150284,378.52808015094973,26.149044079971304,730.9071162219282,0.0,918.1084791346354,592.2488026324623,452.92509230593527,731.5725129589894,378.9093711949678,805.5882340699569,871.3238775850797,662.1576491438155,1080.4901060263437,551.038090284394,1191.6096648857654,1092.4923653728588,913.1808424692562,1271.8038882764613,817.9215959267174,1367.0631348190002,480.59999999999997,480.59999999999997,480.59999999999997,480.59999999999997,480.59999999999997,698.67,698.67,698.67,698.67,698.67,795.357894736842,795.357894736842,795.357894736842,795.357894736842,795.357894736842
2028-06-01,383.67381643989523,361.5340935557752,405.81353932401527,349.77236577358644,417.575267106204,316.9425523532317,251.77682084788788,382.10828385857553,217.15752598567397,416.72757872078944,470.8235591284688,393.2121530186844,548.4349652382532,351.98109352286144,589.6660247340761,546.1798436485242,509.17338637966924,583.1863009173791,489.51370595559007,602.8459813414584,616.6964052797425,569.7744850857403,663.6183254737448,544.8472149826766,688.5455955768084,793.48645845234,671.7568294212699,915.2160874834101,607.0879639985139,979.8849529061661,925.2840686757736,750.9751651212316,1099.5929722303156,658.3735601078812,1192.1945772436661,1755.2433529877076,1415.1472385751244,2095.3394674002907,1234.4711777934394,2276.0155281819757,1706.3196226286675,1375.6908452809491,2036.9483999763859,1200.0443073149738,2212.5949379423614,389.6070848329557,272.343100756044,506.8710689098674,210.0466092151847,569.1675604507267,490.19762677333415,253.0027616385399,727.3924919081284,126.99298953568046,853.4022640109879,633.4878894219776,386.0976034038388,880.8781754401164,254.6715139567026,1012.3042648872525,712.4293748592614,329.1234996677234,1095.7352500507996,125.49225347221886,1299.366496246304,908.3968244435835,794.2990075385875,1022.4946413485794,733.6845423078084,1083.1091065793585,724.8404496865925,93.72589106407827,1355.9550083091067,0.0,1691.2346175773173,1766.1262272502893,877.0200570919565,2655.232397408622,404.6824041953421,3127.5700503052367,1471.3934985594515,875.7653428080869,2067.0216543108163,559.3378850651745,2383.4491120537286,2306.706845114643,1933.9784019069295,2679.4352883223564,1735.9664164528317,2877.447273776454,378.4194736842105,378.4194736842105,378.4194736842105,378.4194736842105,378.4194736842105,547.1438888888889,547.1438888888889,547.1438888888889,547.1438888888889,547.1438888888889,665.7152631578947,665.7152631578947,665.7152631578947,665.7152631578947,665.7152631578947,1042.4389473684212,1042.4389473684212,1042.4389473684212,1042.4389473684212,1042.4389473684212,1552.766842105263,1552.766842105263,1552.766842105263,1552.766842105263,1552.766842105263,3818.9926315789476,3818.9926315789476,3818.9926315789476,3818.9926315789476,3818.9926315789476,235.56394542285312,206.45947446484826,264.668416380858,190.9977242684082,280.13016657729804,420.0129846632748,243.93626087009613,596.0897084564534,150.39550135497,689.6304679715795,546.5222718584841,482.11212520956616,610.9324185074022,447.89423480232847,645.1503089146398,292.64611153966723,291.20140131294954,294.0908217663849,290.4338990050058,294.85832407432866,613.8298420946373,551.8232814484805,675.8364027407941,518.8822961052098,708.7773880840649,700.8089952702943,571.0837997073374,830.5341908332512,502.16728956451675,899.4507009760719,834.6711859990187,734.844870073373,934.4975019246643,681.8121397378738,987.5302322601635,945.092060414501,694.535743690034,1195.648377138968,561.4277004301609,1328.756420398841,1256.9984746229914,1246.0571979477966,1267.9397512981861,1240.2446447140994,1273.7523045318833,318.7535136175622,28.816984083376155,608.6900431517482,0.0,762.7188244667846,455.07309670059544,390.4953742679904,519.6508191332005,356.188459225669,553.9577341755219,377.16165515691523,17.80413893552833,736.5191713783022,0.0,927.427851870914,592.5013768514563,450.4185133192342,734.5842403836783,374.9369920677413,810.0657616351712,866.5150736741043,653.206537592782,1079.8236097554268,539.8863777995795,1193.1437695486293,1086.5523926687738,903.689801809272,1269.4149835282756,806.5440504151616,1366.560734922386,480.59999999999997,480.59999999999997,480.59999999999997,480.59999999999997,480.59999999999997,698.67,698.67,698.67,698.67,698.67,795.357894736842,795.357894736842,795.357894736842,795.357894736842,795.357894736842
2028-07-01,383.59075819346697,361.0292884058538,406.15222798108016,349.04350758118426,418.1380088057497,306.92301619740385,240.51592112034348,373.33011127446423,205.23715186065516,408.60888053415255,464.8773590557058,385.78750760250523,543.9672105089064,343.77102401799243,585.9836940934192,535.7251695959684,498.0137640834484,573.4365751084885,477.97957990492216,593.4707592870146,602.6057460087178,554.789994638447,650.4214973789886,529.3878767229905,675.8236152944451,778.4968679473554,654.4483709532158,902.5453649414951,588.547606925079,968.4461289696319,905.7836274367381,728.1542559291782,1083.4129989442981,633.7886523157871,1177.7786025576893,1717.4954559625448,1370.9207381864821,2064.0701737386075,1186.8029193679488,2248.187992557141,1697.565448434675,1360.6384141583594,2034.4924827109908,1181.6459271990668,2213.484969670283,389.8081830935168,270.3103986011906,509.30596758584295,206.8272005896423,572.7891655973913,489.04004403362,247.326775465383,730.753312601857,118.91660153850711,859.1634865287328,669.4685890711289,417.3656836752076,921.5714944670502,283.4360151836244,1055.5011629586334,713.5748107492147,322.96721517034877,1104.1824063280808,115.45693001907625,1311.6926914793532,904.8596950359074,788.5883910811017,1021.1309989907131,726.8192608551112,1082.9001292167036,724.4814493468664,81.34458076854787,1367.6183179251848,0.0,1709.2847793574165,1764.9204305149321,858.8773828670484,2670.963478162816,377.5420138041102,3152.298847225754,1473.5774443713124,866.602970888859,2080.5519178537656,544.1477818513056,2403.0071068913194,2299.6689401894614,1919.8402695945556,2679.497610784367,1718.0562883410119,2881.2815920379107,378.4194736842105,378.4194736842105,378.4194736842105,378.4194736842105,378.4194736842105,547.1438888888889,547.1438888888889,547.1438888888889,547.1438888888889,547.1438888888889,665.7152631578947,665.7152631578947,665.7152631578947,665.7152631578947,665.7152631578947,1042.4389473684212,1042.4389473684212,1042.4389473684212,1042.4389473684212,1042.4389473684212,1552.766842105263,1552.766842105263,1552.766842105263,1552.766842105263,1552.766842105263,3818.9926315789476,3818.9926315789476,3818.9926315789476,3818.9926315789476,3818.9926315789476,235.67021493459367,206.01132328358415,265.3291065856032,190.25503709398532,281.085392775202,418.92584117427396,239.49497363568022,598.3567087128677,144.17232525580232,693.6793570927456,544.221782891211,478.58466605640115,609.8588997260208,443.71494773790846,644.7286180445135,292.18403309643884,290.7118021068032,293.6562640860745,289.92967939355924,294.43838679931844,593.3934129596115,530.2056688322679,656.5811570869552,496.6371797646165,690.1496461546066,685.945561334157,553.7491876168898,818.1419350514242,483.5198640795917,888.3712585887223,813.4313384641548,711.7033980308705,915.1592788974391,657.6604296756882,969.2022472526214,927.2923230220003,671.9630761537242,1182.6215698902765,536.3194137549525,1318.265232289048,1253.9504515934873,1242.8007509202969,1265.1001522666777,1236.8774724376644,1271.0234307493101,318.87864778170535,23.419021405674698,614.338274157736,0.0,771.3012006700023,453.46022099973663,387.652336174714,519.2681058247592,352.69189736142073,554.2285446380525,375.8730826347137,9.670046236465225,742.0761190329622,0.0,936.6214821195316,592.8618453396606,448.07239834892846,737.6512923303927,371.15300463510204,814.5706860442192,862.676521253815,645.3046003211184,1080.0484421865117,529.8257673256232,1195.5272751820069,1080.2546853455901,893.9086845146361,1266.6006861765443,794.9123715731916,1365.5969991179886,480.59999999999997,480.59999999999997,480.59999999999997,480.59999999999997,480.59999999999997,698.67,698.67,698.67,698.67,698.67,795.357894736842,795.357894736842,795.357894736842,795.357894736842,795.357894736842
2028-08-01,383.6007000120566,360.62522376956844,406.5761762545448,348.4195020157466,418.7818980083666,298.65705298119207,231.0313774539124,366.28272850847173,195.10523733004507,402.2088686323391,460.0941955842112,379.55303314263233,540.6353580257901,336.7655405955436,583.4228505728788,527.1020174803415,488.6986018527197,565.5054331079632,468.2967873005457,585.9072476601373,590.90807455403,542.2148967617068,639.6012523463532,516.346646059535,665.469503048525,766.1236885275429,639.7988824561768,892.448494598909,572.6888292307635,959.5585478243222,889.7329225090693,708.8440246022193,1070.6218204159195,612.7467975892052,1166.7190474289334,1686.8224793235113,1333.8880619531192,2039.7568966939034,1146.3916527250983,2227.253305921924,1698.8745795456623,1355.764882157174,2041.9842769341506,1173.4878554195398,2224.261303671785,390.2236474215084,268.53306012915175,511.9142347138651,203.8849356300873,576.5623592129296,488.47335009468844,242.32460571932484,734.622094470052,111.55808526991291,865.388614919464,630.8928193309762,374.16378668762053,887.6218519743318,237.77648809583786,1024.0091505661144,714.8404293948025,317.06512411372444,1112.6157346758805,105.74699318315163,1323.9338656064533,903.9749188662919,785.5700185275996,1022.3798192049842,722.6674152226692,1085.2824225099146,724.4342356898483,69.49570625051251,1379.372765129184,0.0,1727.308858893831,1765.1742460207645,842.5051685241183,2687.8433235174107,352.33722110402505,3178.011270937504,1475.947937574168,857.8353887654326,2094.0604863829035,529.4630972107921,2422.432777937544,2298.6302372873397,1911.8316519283167,2685.4288226463627,1706.3449034563355,2890.915571118344,378.4194736842105,378.4194736842105,378.4194736842105,378.4194736842105,378.4194736842105,547.1438888888889,547.1438888888889,547.1438888888889,547.1438888888889,547.1438888888889,665.7152631578947,665.7152631578947,665.7152631578947,665.7152631578947,665.7152631578947,1042.4389473684212,1042.4389473684212,1042.4389473684212,1042.4389473684212,1042.4389473684212,1552.766842105263,1552.766842105263,1552.766842105263,1552.766842105263,1552.766842105263,3818.9926315789476,3818.9926315789476,3818.9926315789476,3818.9926315789476,3818.9926315789476,235.76212054279148,205.55898364962593,265.965257435957,189.51356717513173,282.01067391045126,418.77073997423065,236.04728830596386,601.4941916424974,138.97545460719715,698.5660253412641,542.1619565955774,475.3203885302049,609.0035246609499,439.81080549547573,644.5131076956791,291.7840858654499,290.284839209791,293.28333252110883,289.4883644239722,294.07980730692765,577.0222699894515,512.6750209989951,641.3695189799079,478.49054497281514,675.5539950060878,675.3172057197629,540.6950081290856,809.9394033104402,469.1769656590384,881.4574457804874,797.0392657671355,693.4446019165835,900.6339296176875,638.4099367459776,955.6685947882934,914.5870117270497,654.5724337470626,1174.6015897070367,516.4396891951944,1312.734334258905,1249.6551565430452,1238.300857140602,1261.0094559454885,1232.2688855830538,1267.0414275030366,318.9826821673016,18.10132601807237,619.8640383165309,0.0,779.7072587708088,452.3637743456038,385.3483046710256,519.379244020182,349.74633640640593,554.9812122848017,374.77255691303833,1.8496382424511353,747.6954755836255,0.0,945.8107761273749,593.3469959296666,445.9006402261497,740.7933516331835,367.56976375865634,819.1242281006769,860.7480581544032,639.3873289028392,1082.1087874059674,521.7894414879457,1199.7066748208608,1075.4670681690695,885.7015894445915,1265.2325468935476,784.8886788722126,1366.0454574659266,480.59999999999997,480.59999999999997,480.59999999999997,480.59999999999997,480.59999999999997,698.67,698.67,698.67,698.67,698.67,795.357894736842,795.357894736842,795.357894736842,795.357894736842,795.357894736842
2028-09-01,383.73862621195866,360.3564728004165,407.1207796235008,347.93470380053475,419.5425486233826,292.5711499360052,223.74846686953296,361.39383300247744,187.18641649046958,397.95588338154084,456.7198707431283,374.7530903257406,538.686651160516,331.2082382290034,582.2315032572532,520.5558811551055,481.4727062839924,559.6390560262184,460.7097696337136,580.4019926764972,582.2771426414586,532.7220717815956,631.8322135013216,506.3959403872933,658.1583448956238,757.2195325933894,628.6587156566906,885.7803495300883,560.3607816590693,954.0782835277096,878.0548029068549,693.9640830165276,1062.1455227971821,596.1658880747914,1159.9437177389184,1665.7009371764555,1306.5194079637204,2024.8824663891905,1115.704220569455,2215.697653783456,1711.589539210503,1362.4066323295872,2060.772446091419,1176.9032130491005,2246.2758653719056,390.96392594935764,267.1193557311082,514.808496167607,201.32692780266325,580.600924096052,488.68664319200127,238.18094562566742,739.1923407583351,105.09979379355258,872.2734925904499,666.9669941765258,405.69373206399825,928.2402562890533,266.89231156671804,1067.0416767863335,716.2127286107066,311.3966058351842,1121.028851386229,96.33804061068793,1336.087416610725,906.604839046109,786.1041140479559,1027.105564044262,722.0881038926871,1091.1215741995309,724.7210824469895,58.1898206418183,1391.2523442521606,0.0,1745.347077086158,1768.1620075895273,829.161236053125,2707.16277912593,330.31707617441134,3206.0069390046433,1478.598114685979,849.5446713837737,2107.6515579881843,515.3600296294773,2441.836199742481,2303.9901795685787,1910.3450700275234,2697.635289109634,1701.221105583838,2906.7592535533195,378.4194736842105,378.4194736842105,378.4194736842105,378.4194736842105,378.4194736842105,547.1438888888889,547.1438888888889,547.1438888888889,547.1438888888889,547.1438888888889,665.7152631578947,665.7152631578947,665.7152631578947,665.7152631578947,665.7152631578947,1042.4389473684212,1042.4389473684212,1042.4389473684212,1042.4389473684212,1042.4389473684212,1552.766842105263,1552.766842105263,1552.766842105263,1552.766842105263,1552.766842105263,3818.9926315789476,3818.9926315789476,3818.9926315789476,3818.9926315789476,3818.9926315789476,235.90816415173578,205.17041696024054,266.64591134323103,188.84098876475872,282.97533953871283,419.8665777276472,233.90883157686574,605.8243238784287,135.1187789342631,704.6143765210313,540.668013131252,472.64331661234667,608.6927096501573,436.50519658667815,644.8308296758258,291.4833766687386,289.9575926138457,293.00916072363145,289.1470198346839,293.81973350279327,566.0446034191666,500.5583766430198,631.5308301953135,465.76881866819184,666.3203881701414,668.4863976147769,531.481321269806,805.4914739597479,458.6973744615402,878.2754207680136,786.6836484059459,681.2553083269145,892.1119884849772,625.246502659929,948.1207941519627,907.4707928649892,642.853829656089,1172.0877560738895,502.2760679513608,1312.6655177786176,1244.4968694662516,1232.941593409882,1256.0521455226212,1226.8028530049355,1262.1908859275677,319.08458606839434,12.877482724701508,625.2916894120872,0.0,787.964213063424,452.0201728241905,383.81849655252415,520.2218490958569,347.58635603320135,556.4539896151797,373.9934984143206,0.0,753.5173351786032,0.0,955.1393734596282,593.964509117717,443.9082807877538,744.0207374476801,364.1909094874609,823.738108747973,861.3195862624303,636.04066381384,1086.5985087110207,516.3612362630265,1206.2779362618342,1073.7223618466496,880.597941315815,1266.8467823774843,778.000592908809,1369.4441307844902,480.59999999999997,480.59999999999997,480.59999999999997,480.59999999999997,480.59999999999997,698.67,698.67,698.67,698.67,698.67,795.357894736842,795.357894736842,795.357894736842,795.357894736842,795.357894736842
2028-10-01,384.00827329483036,360.22639599818604,407.7901505914747,347.5922736843437,420.424272905317,288.5401269799629,218.54090256700772,358.5393513929181,181.35381459762527,395.72643936230054,454.62707869909684,371.25905523359955,537.9951021645942,326.9697927675541,582.2843646306396,515.8449640076268,476.09365227902924,555.5962757362244,454.9757679232118,576.7141600920418,576.7335841087697,526.3313566546453,627.1358115628941,499.55517331964177,653.9119948978977,751.8088734542301,621.0502765135527,882.5674703949076,551.5847718888178,952.0329750196424,870.6894454029542,683.4516476335855,1057.927243172323,583.9815675686083,1157.3973232373,1654.237858567687,1288.9160293668856,2019.5596877684884,1094.83880760396,2213.636909531414,1734.6234319200698,1379.47115405381,2089.7757097863296,1190.7965064373598,2278.45035740278,392.0761291774406,266.1144043975411,518.0378539573401,199.19723810821947,584.9550202466617,489.6993091838745,234.9111527306693,744.4874656370797,99.55494461490406,879.843673752845,629.1500409400905,363.41024567440246,894.8898362057787,222.23597943950568,1036.0641024406755,717.672258414823,305.93570061777876,1129.4088162118671,87.20065428809903,1348.143862541547,912.5974640156574,790.0367483440142,1035.1581796873006,724.9263681434538,1100.2685598878609,725.3255282249762,47.399744246355,1403.2513122035975,0.0,1763.39938494224,1774.49051848591,819.4372889099842,2729.5437480618357,312.06526069777374,3236.915776274046,1481.570472326573,841.7631997312308,2121.377744921915,501.8655861649553,2461.2753584881907,2314.6854226483756,1914.3108494104672,2715.059995886284,1701.6118573778285,2927.7589879189227,378.4194736842105,378.4194736842105,378.4194736842105,378.4194736842105,378.4194736842105,547.1438888888889,547.1438888888889,547.1438888888889,547.1438888888889,547.1438888888889,665.7152631578947,665.7152631578947,665.7152631578947,665.7152631578947,665.7152631578947,1042.4389473684212,1042.4389473684212,1042.4389473684212,1042.4389473684212,1042.4389473684212,1552.766842105263,1552.766842105263,1552.766842105263,1552.766842105263,1552.766842105263,3818.9926315789476,3818.9926315789476,3818.9926315789476,3818.9926315789476,3818.9926315789476,236.16027980740992,204.89706297629596,267.4234966385239,188.28847903476665,284.03208058005316,422.20189188747577,233.06515056683355,611.3386332081179,132.5862567402424,711.8175270347092,539.9384235517364,470.7508274702094,609.1260196332634,433.9949170518982,645.8819300515745,291.2881441655434,289.7362764424993,292.84001188858747,288.9118467146321,293.66444161645467,560.6755483573454,494.06981780723385,627.2812789074569,458.68552345248713,662.6655732622037,664.300766274385,524.9535531539235,803.6479793948464,450.9253461836784,877.6761863650916,782.3421429175876,675.111478435216,889.5728073999592,618.1451879289561,946.539097906219,905.4475915514765,636.3069337650876,1174.5882493378654,493.3259593160685,1317.5692237868845,1239.0747635141379,1227.3219470620063,1250.8275799662695,1221.0782633218116,1257.0712637064642,319.20405049641386,7.7622585062079565,630.6458424866198,0.0,796.0992944814166,452.500195927193,383.1325945788254,521.8677972755606,346.28105636250507,558.7193354918809,373.65498491483527,0.0,759.6668786108382,0.0,964.7356971368398,594.7110413761644,442.08956349385574,747.3325192584731,361.00940336887925,828.4126793834496,864.4641087224802,635.3339855513623,1093.5942318935981,513.6086076167059,1215.3196098282547,1075.7860306423663,879.3600988125515,1272.211962472181,775.0088225279625,1376.5632387567703,480.59999999999997,480.59999999999997,480.59999999999997,480.59999999999997,480.59999999999997,698.67,698.67,698.67,698.67,698.67,795.357894736842,795.357894736842,795.357894736842,795.357894736842,795.357894736842
2028-11-01,384.3795857280375,360.20459291843355,408.5545785376415,347.36162798833146,421.39754346774356,285.95631632934266,214.80000155431767,357.11263110436767,176.99820933008567,394.91442332859964,453.38462687138804,368.6385261876683,538.1307275551078,323.6171601994422,583.1520935433339,512.3320884653069,471.9236857465372,552.7404911840766,450.4567218021908,574.207455128423,573.6658321614469,522.4304535959623,624.9012107269316,495.21165873304847,652.1200055898454,749.1233067512926,616.2032642582295,882.0433492443557,545.5894916837898,952.6571218187954,866.647392617308,676.3145455380213,1056.9802396965947,575.2002205271503,1158.0945647074657,1650.2550647063072,1278.894449059413,2021.6156803532012,1081.6091219970008,2218.9010074156135,1764.6344033751993,1403.6114422087671,2125.6573645416315,1211.8179940891,2317.4508126612986,393.5354951100486,265.49161729267155,521.5793729274257,197.46830720218998,589.6026830179072,491.3693582048335,232.36954194148092,750.369174468186,94.77588955157489,887.9628268580921,666.3847226049013,396.25223644157785,936.5172087682247,252.74435316731228,1080.0250920424903,719.1983598634629,300.6557780463786,1137.7409416805472,78.30503145605257,1360.0916882708732,920.78224404411,796.1955941701762,1045.368893918044,730.0089364246487,1111.5555516635714,726.1900642768977,37.058136267128134,1415.3219922866674,0.0,1781.4233290418574,1783.9233097517056,813.0830068692734,2754.7636126341376,297.32409596298135,3270.5225235404296,1484.8441376304086,834.4608217301464,2135.2274535306706,488.9446851581323,2480.7435901026847,2328.521296596171,1921.5285134595592,2735.5140797327826,1705.3135974182342,2951.7289957741077,378.4194736842105,378.4194736842105,378.4194736842105,378.4194736842105,378.4194736842105,547.1438888888889,547.1438888888889,547.1438888888889,547.1438888888889,547.1438888888889,665.7152631578947,665.7152631578947,665.7152631578947,665.7152631578947,665.7152631578947,1042.4389473684212,1042.4389473684212,1042.4389473684212,1042.4389473684212,1042.4389473684212,1552.766842105263,1552.766842105263,1552.766842105263,1552.766842105263,1552.766842105263,3818.9926315789476,3818.9926315789476,3818.9926315789476,3818.9926315789476,3818.9926315789476,236.54075389218357,204.76075466546516,268.32075311890196,187.877630076271,285.2038777080961,425.4371073276842,233.1739270738858,617.7002875814826,131.03411256405542,719.8401020913129,540.00301211852,469.6717419281426,610.3342823088975,432.3082546395045,647.6977695975355,291.17155883434793,289.59403866728604,292.7490790014098,288.7559810785344,293.5871365901615,560.0479541608433,492.3412278565005,627.7546804651862,456.3720295073183,663.7238788143684,661.2872388636708,519.6366099748894,802.9378677524522,444.3847133777243,878.1897643496173,782.8582660730752,673.8550738315544,891.8614583145961,615.9471279532463,949.7694041929042,907.2277917747742,633.638226678662,1180.8173568708864,488.29377022135253,1326.1618133281959,1234.1193563088423,1222.1722652664137,1246.0664473512709,1215.8253731501236,1252.413339467561,319.35623724667306,2.766298275128406,635.9461762182177,0.0,804.1345812968508,453.69861020238454,383.1843592499216,524.2128611548475,345.72366343142573,561.6735569733434,373.8225316400881,0.0,766.2152194889658,0.0,974.673834908682,595.5719527450505,440.4276348943923,750.7162705957086,358.00721603623026,833.1366894538706,869.6980905462569,636.7804360216902,1102.6157450708238,513.0429320555141,1226.3532490369998,1081.4259703266875,881.753108913196,1281.098831740179,775.6769012872786,1387.1750393660964,480.59999999999997,480.59999999999997,480.59999999999997,480.59999999999997,480.59999999999997,698.67,698.67,698.67,698.67,698.67,795.357894736842,795.357894736842,795.357894736842,795.357894736842,795.357894736842
2028-12-01,384.79607812921347,360.2342608728263,409.3578953856006,347.1857954553706,422.4063608030563,283.9232676273499,211.62837952100028,356.2181557336995,173.22172021450203,394.62481504019775,452.40468545453723,366.30256105771053,538.506809851364,320.56080747189634,584.2485634371781,509.17637171927674,468.12139350200795,550.2313499365455,446.3109363240839,572.0418071144695,572.0149741395813,519.9597774618262,624.0701708173365,492.3054542267687,651.724494052394,747.8380496726872,612.7911514527694,882.884947892605,541.0474867734381,954.6286125719364,864.2973611848935,670.9189951738755,1057.6757271959116,568.1867382305222,1160.4079841392647,1649.9669227230925,1272.6641599228967,2027.2696855232882,1072.2220671852926,2227.711778260892,1796.768136475146,1429.968441130172,2163.56783182012,1235.1061029781547,2358.4301699721373,395.2524411910036,265.1597312357735,525.3451511462337,196.04797907205747,594.4569033099497,493.31928099412534,230.17520452635102,756.4633574618997,90.37991390284594,896.2586480854047,630.2087242980547,355.75384390110037,904.663604695009,209.9496886902184,1050.467759905891,720.7718466743964,295.5321583083377,1146.011535040455,69.62357386386907,1371.9201194849238,929.2458139001019,802.6656510479588,1055.825976752245,735.4199395327579,1123.071688267446,727.2245837170914,27.06584470007624,1427.3833227341065,0.0,1799.342652836896,1795.4265113584356,809.0517772546572,2781.801245462214,285.04019976202494,3305.8128229548465,1488.3328977907222,827.5427880456156,2149.123007535829,476.4980422435277,2500.1677533379166,2342.788597867734,1929.2835166956486,2756.29367903982,1709.6089423229782,2975.96825341249,378.4194736842105,378.4194736842105,378.4194736842105,378.4194736842105,378.4194736842105,547.1438888888889,547.1438888888889,547.1438888888889,547.1438888888889,547.1438888888889,665.7152631578947,665.7152631578947,665.7152631578947,665.7152631578947,665.7152631578947,1042.4389473684212,1042.4389473684212,1042.4389473684212,1042.4389473684212,1042.4389473684212,1552.766842105263,1552.766842105263,1552.766842105263,1552.766842105263,1552.766842105263,3818.9926315789476,3818.9926315789476,3818.9926315789476,3818.9926315789476,3818.9926315789476,237.03738919329112,204.74887769041754,269.3259006961647,187.59560595451597,286.47917243206626,429.0010694903397,233.66148301279637,624.3406559678831,129.88732769660146,728.114811284078,540.7311839243544,469.27454195425315,612.1878258944555,431.3132009076369,650.1491669410718,291.0806707403516,289.4779086478538,292.6834328328494,288.62644128621434,293.53490019448884,562.5121861849065,493.722083469557,631.3022889002559,457.17734140202754,667.8470309677854,658.1113998380413,514.1942169697845,802.028582706298,437.73821357102315,878.4845861050594,786.2962691188231,675.5489150540284,897.0436231836179,616.7143832071063,955.87815503054,911.0994091890582,633.1321330839932,1189.066685294123,485.4620176531774,1336.736800724939,1230.3713786924163,1218.2331220550464,1242.5096353297863,1211.7846732164435,1248.9580841683892,319.5474860977804,0.0,641.2031857487302,0.0,812.0827761882974,455.3680727552321,383.72552214494334,527.0106233655208,345.66541713322744,565.0707283772367,374.47820415009534,0.0,773.149573676124,0.0,984.9437387368266,596.5233199394536,438.8965353763216,754.1501045025856,355.15730607715767,837.8893338017494,876.0809068015262,639.4363331598745,1112.725480443178,513.718903412747,1238.4429101903056,1089.4474478546165,886.5796177905776,1292.3152779186555,778.8060830690569,1400.088812640176,480.59999999999997,480.59999999999997,480.59999999999997,480.59999999999997,480.59999999999997,698.67,698.67,698.67,698.67,698.67,795.357894736842,795.357894736842,795.357894736842,795.357894736842,795.357894736842
2029-01-01,385.1897346699872,360.2470913351698,410.13237800480465,346.99631206354803,423.3831572764264,281.5204606657727,208.10465473641722,354.9362665951282,169.1025078364471,393.9384134950983,451.1269535336113,363.6898328685409,538.5640741986817,317.2388625152223,585.0150445520003,505.57238799749507,463.880860530172,547.2639154648181,441.7322365631567,569.4125394318335,570.5658596507983,517.7035575294282,623.4281617721684,489.62045952745024,651.5112597741463,746.4447740276755,609.3040005819785,883.5855474733726,536.447964688952,956.4415833663991,861.8109163691474,665.4342573567401,1058.1875753815548,561.1091572563986,1162.5126754818962,1649.0654215801203,1265.912654684615,2032.2181884756255,1062.3627472713779,2235.7680958888627,1825.7786440258117,1453.2917925518943,2198.265495499729,1255.4081527063759,2396.1491353452475,397.0937280474071,264.98395656747505,529.2034995273392,194.8006404687612,599.386815626053,495.1393196034233,227.91524670634084,762.3633925005058,85.95245797976577,904.3261812270808,669.0207154039108,390.3104668183326,947.730963989489,242.24564725724417,1095.7957835505774,722.3780164920717,290.54507155941064,1154.2109614247327,61.133819563934594,1383.6222134202087,935.8162958736335,807.2735328391481,1064.359058908119,738.9851899770777,1132.6474017701894,728.323712534295,17.309151894830393,1439.3382731737597,0.0,1817.0647585134752,1807.4252556957256,805.7569780430156,2809.093533348436,273.62070554001343,3341.229805851438,1491.901340495432,820.8658118738248,2162.936869117039,464.37818729359606,2519.4244936972677,2354.998821379999,1935.082426385732,2774.9152163742656,1712.0018415450281,2997.9958012149696,378.4194736842105,378.4194736842105,378.4194736842105,378.4194736842105,378.4194736842105,547.1438888888889,547.1438888888889,547.1438888888889,547.1438888888889,547.1438888888889,665.7152631578947,665.7152631578947,665.7152631578947,665.7152631578947,665.7152631578947,1042.4389473684212,1042.4389473684212,1042.4389473684212,1042.4389473684212,1042.4389473684212,1552.766842105263,1552.766842105263,1552.766842105263,1552.766842105263,1552.766842105263,3818.9926315789476,3818.9926315789476,3818.9926315789476,3818.9926315789476,3818.9926315789476,237.6081540590187,204.81901562428436,270.397292493753,187.39978583083172,287.81652228720566,432.24476376938355,233.8764759582249,630.6130515805422,128.49332305854688,735.9962044802203,541.8730666314127,469.30850367748474,614.4376295853407,430.7585796082105,652.9875536546149,290.9506020616904,289.3229894625721,292.5782146608087,288.4583202692904,293.4428838540904,566.1215464845142,496.2648669447202,635.9782260243081,459.1535059392047,673.0895870298236,653.976454623857,507.82786453526523,800.1250447124487,430.18642605070085,877.766483197013,790.4767117554524,678.0122420511763,902.9411814597285,618.2654925207796,962.6879309901251,915.3784297160132,633.1013264273138,1197.6555330047127,483.1416153051921,1347.6152441268343,1228.4505445558568,1216.1240866699416,1240.777002441772,1209.575655918049,1247.3254331936646,319.77336949042393,0.0,646.4162766197197,0.0,819.9453210321581,457.1875155070471,384.43416143653945,529.9408695775548,345.7839420865823,568.591088927512,375.50891282724984,0.0,780.3616024345337,0.0,995.4395937884033,597.5353678120326,437.46461138826226,757.606124235803,352.4270220381342,842.643713585931,882.4286123929685,642.1149118287833,1122.7423129571537,514.44825840406,1250.408966381877,1097.9853176230715,891.9720623098948,1303.9985729362484,782.5275204247696,1413.4431148213735,480.59999999999997,480.59999999999997,480.59999999999997,480.59999999999997,480.59999999999997,698.67,698.67,698.67,698.67,698.67,795.357894736842,795.357894736842,795.357894736842,795.357894736842,795.357894736842
2029-02-01,385.49863830093756,360.18089657463685,410.81638002723827,346.7308462825396,424.26643031933554,278.06699059220693,203.54712562853456,352.5868555558793,163.9584473665836,392.1755338178302,449.1891467162385,360.43710834669156,537.9411850857855,313.28758796286974,585.0907054696072,500.97235415566996,458.6538512438621,543.2908570674779,436.17214657196416,565.7725617393758,568.2653101050527,514.6080415388811,621.9225786712242,486.1026176131025,650.4280025970028,743.6604587971833,604.4573023539936,882.8636152403731,530.505625493549,956.8152921008176,857.6452554072405,658.3153982140457,1056.9751126004353,552.421411580161,1162.86909923432,1643.9192475961152,1255.004461630472,2032.8340335617584,1048.393481586224,2239.4450136060063,1847.2384224520035,1469.149950614077,2225.32689428993,1268.2904499501785,2426.1863949538283,398.91304507370774,264.81654900664375,533.0095411407717,193.57778547101603,604.2483046763995,496.3819098659816,225.13920435792062,767.6246153740426,81.04151705676321,911.7223026751999,634.2534923902177,351.35187705449164,917.1551077259438,201.06039390738715,1067.4465908730483,724.0074514770552,285.6804136425558,1162.3344893115545,52.81917479297806,1395.1957281611321,938.6283255976688,808.1524802108512,1069.1041709844865,738.8371873491043,1138.4194638462332,729.3882752385689,7.6811663219632464,1451.0953841551745,0.0,1834.5022857671213,1818.2034419446802,801.4716381570769,2834.9352457322834,261.3328673949127,3375.0740164944477,1495.3938396199321,814.2669849092921,2176.520694330572,452.4183433442645,2538.3693358955998,2363.540864763484,1937.3095831629557,2789.7721463640123,1710.874214812675,3016.207514714293,378.4194736842105,378.4194736842105,378.4194736842105,378.4194736842105,378.4194736842105,547.1438888888889,547.1438888888889,547.1438888888889,547.1438888888889,547.1438888888889,665.7152631578947,665.7152631578947,665.7152631578947,665.7152631578947,665.7152631578947,1042.4389473684212,1042.4389473684212,1042.4389473684212,1042.4389473684212,1042.4389473684212,1552.766842105263,1552.766842105263,1552.766842105263,1552.766842105263,1552.766842105263,3818.9926315789476,3818.9926315789476,3818.9926315789476,3818.9926315789476,3818.9926315789476,238.19401892444813,204.9117830693685,271.4762547795278,187.23059527135746,289.1574425775388,434.61886113013367,233.26742415228705,635.9702981079803,126.29947325780603,742.9382490024614,543.1279675149169,469.4721468912491,616.7837881385848,430.34249218492556,655.9134428449083,290.7222087204516,289.0701193704255,292.37429807047766,288.19244690322415,293.25197053767903,569.1718283543121,498.2646134811935,640.0790432274306,460.5951555798493,677.7485011287748,648.8539391202905,500.5075025435018,797.2003756970793,421.6984581120828,876.0094201284983,793.5489651853095,679.393205543603,907.704724827016,618.7479582339464,968.3499721366726,918.8197019915656,632.2975920299627,1205.3418119531684,480.0827211128613,1357.55668287027,1228.7449242243551,1216.2330956676724,1241.256752781038,1209.5861867469346,1247.9036617017757,320.0196546194957,0.0,651.5747608051997,0.0,827.713410966355,458.8464004292401,384.9989495655202,532.69385129296,345.767491294169,571.9253095643112,376.7171783830555,0.0,787.6582199994219,0.0,1005.9706483581166,598.5765587087214,436.0985881636533,761.0545292537896,349.7821663115858,847.3709511058571,887.5872826518437,643.6596394383969,1131.5149258652905,514.0730789812533,1261.101486322434,1104.976800372742,895.8654275242703,1314.0881732212135,784.7750106985198,1425.178590046964,480.59999999999997,480.59999999999997,480.59999999999997,480.59999999999997,480.59999999999997,698.67,698.67,698.67,698.67,698.67,795.357894736842,795.357894736842,795.357894736842,795.357894736842,795.357894736842
2029-03-01,385.68284541798636,359.99548207116885,411.37020876480386,346.3490702931721,425.01662054280064,273.3130443265652,197.70524057489456,348.92084807823585,157.53859483181955,389.0874938213109,446.5373568650607,356.4895997619491,536.5851139681723,308.651728800921,584.4229849292004,495.23197884366124,452.29565488789126,538.1683027994312,429.48573278638844,560.978224900934,564.4880347061679,510.04740691410893,618.9286624982269,481.1258233995776,647.8502460127582,738.7632720466186,597.5278452365923,879.9986988566449,522.4965247437658,955.0300193494713,850.9362529365255,648.6963168891574,1053.1761889838936,541.2563508639931,1160.6161550090578,1632.5650443718941,1237.9723699521544,2027.157718791634,1028.3450116666677,2236.7850770771206,1858.5265733507385,1474.9182698007176,2242.1348769007595,1271.126358539769,2445.926788161708,400.58371000607815,264.5294973022874,536.6379227098689,192.25069680339854,608.9167232087577,496.7299223196609,221.52725981989488,771.9325848194269,75.32584536689421,918.1339992724276,673.7305492359499,386.698764841797,960.7623336301027,234.21312938240334,1113.2479690894963,725.655964620689,280.92965343107824,1170.3822758102997,44.668800611597476,1406.6431286297807,936.6187381846712,804.2380351714692,1068.9994411978732,733.9107866957056,1139.3266896736368,730.345022743486,0.0,1462.588559198537,0.0,1851.5929379402826,1826.3415352591612,794.7661462494,2857.9169242689222,246.7417208379643,3405.941349680358,1498.6676431400367,807.5968046990423,2189.738481581031,440.46542177726405,2556.8698645028094,2368.0848971505966,1935.6309319188313,2800.538862382362,1705.889762889456,3030.280031411737,378.4194736842105,378.4194736842105,378.4194736842105,378.4194736842105,378.4194736842105,547.1438888888889,547.1438888888889,547.1438888888889,547.1438888888889,547.1438888888889,665.7152631578947,665.7152631578947,665.7152631578947,665.7152631578947,665.7152631578947,1042.4389473684212,1042.4389473684212,1042.4389473684212,1042.4389473684212,1042.4389473684212,1552.766842105263,1552.766842105263,1552.766842105263,1552.766842105263,1552.766842105263,3818.9926315789476,3818.9926315789476,3818.9926315789476,3818.9926315789476,3818.9926315789476,238.73641628049427,204.96828266706927,272.50454989391926,187.02896168493726,290.4438708760513,435.8209946233643,231.52996511654334,640.1120241301853,123.00035569104472,748.6416335556839,544.2279944509526,469.49684949252656,618.9591394093786,429.79592873336276,658.6600601685424,290.3584417173221,288.6822329987758,292.03465043586834,287.7917471170481,292.92513631759607,570.6507580775353,498.7083466236527,642.593169531418,460.48894053877757,680.8125756162931,643.4849436235331,492.9727510769518,793.9971361701145,413.0131487865805,873.9567384604858,794.448933714941,678.6265784769037,910.2712889529782,617.0959522566964,971.8019151731855,920.8779748436502,630.1728390915647,1211.583110595736,475.7357357232693,1366.0202139640312,1231.3469121759504,1218.652419525576,1244.0414048263247,1211.9084703050646,1250.7853540468361,320.2658130962313,0.0,656.6613958522317,0.0,835.371549191357,460.12204153689817,385.19646866868186,535.0476144051145,345.39225808244197,574.8518249913544,377.8528709036009,0.0,794.7933691611302,0.0,1016.2930088604425,599.6175157643227,434.76747857048383,764.4675529581615,347.190896311257,852.0441352173883,890.6957140971817,643.20689501947,1138.1845331748934,511.7284598844357,1269.6629683099277,1108.6898057762878,896.5255506709263,1320.8540608816493,783.8132901462031,1433.5663214063725,480.59999999999997,480.59999999999997,480.59999999999997,480.59999999999997,480.59999999999997,698.67,698.67,698.67,698.67,698.67,795.357894736842,795.357894736842,795.357894736842,795.357894736842,795.357894736842
2029-04-01,385.7347862909368,359.68304498055267,411.786527601321,345.843057409411,425.62651517246263,267.5079199848818,190.82761154719805,344.1882284225656,150.09119768967855,384.9246422800851,443.44644947413144,352.1213554207857,534.7715435274772,303.6048992049458,583.2879997433171,488.6415809031317,445.09620065478657,532.1869611514768,421.9627173978532,555.3204444084101,559.1765856399829,503.96371178972277,614.3894594902431,474.631872556772,643.7212987231939,731.7669852623684,588.5281189980983,875.0058515266385,512.4324712952048,951.101499229532,841.6989125837654,636.5901816720179,1046.8076434955128,527.626168375152,1155.7716567923787,1615.226795437106,1215.0367822324492,2015.4168086417626,1002.4358377174752,2228.0177531567365,1859.3435864905784,1470.2937586171922,2248.3934143639644,1263.6110375594558,2455.076135421701,402.02542262578174,264.0412665373649,540.0095787141986,190.7371836153935,613.31366163617,496.05153528637015,216.9450939372183,775.157976635522,68.66979697048134,923.433273602259,638.9148876115323,347.81152702388846,930.0182481991762,193.1628667117027,1084.666908511362,727.3227609105897,276.28796000064835,1178.3575618205311,36.67572201724204,1417.9697998039373,929.8207756425452,795.5622383678734,1064.079312917217,724.2373904407041,1135.4041608443863,731.159459187563,0.0,1473.7899475864933,0.0,1868.3123945484251,1831.0770383055547,784.8686433917653,2877.2854332193438,229.07043359381487,3433.0836430172944,1501.6239977109767,800.7502463983251,2202.4977490236283,428.41106601347906,2574.836929408474,2369.628236133992,1931.0398657061785,2808.216606561805,1698.0397939164027,3041.216678351581,378.4194736842105,378.4194736842105,378.4194736842105,378.4194736842105,378.4194736842105,547.1438888888889,547.1438888888889,547.1438888888889,547.1438888888889,547.1438888888889,665.7152631578947,665.7152631578947,665.7152631578947,665.7152631578947,665.7152631578947,1042.4389473684212,1042.4389473684212,1042.4389473684212,1042.4389473684212,1042.4389473684212,1552.766842105263,1552.766842105263,1552.766842105263,1552.766842105263,1552.766842105263,3818.9926315789476,3818.9926315789476,3818.9926315789476,3818.9926315789476,3818.9926315789476,239.19449402993484,204.94735587278225,273.44163218708746,186.75356372679494,291.63542433307475,435.877926559096,228.68900721042561,643.0668459077664,118.61989380644451,753.1359593117475,545.0090853895391,469.21787124272237,620.8002995363559,428.95378872722597,661.0643820518522,289.8550153034085,288.1550293870576,291.5550012197594,287.25191186899616,292.4581187378208,570.4788836753369,497.5159615125227,643.441805838151,458.75440911352774,682.2033582371461,639.1534938781475,486.5062699750344,791.8007177812606,405.41243227650557,872.8945554797895,793.122834017579,675.6575264310532,910.5881416041047,613.2540817757113,972.9915862594466,921.7556285330581,626.9268097102909,1216.5844473558254,470.29899971069574,1373.2122573554207,1236.0503517554482,1223.1757863853477,1248.9249171255487,1216.3361735324818,1255.7645299784147,320.49028955611305,0.0,661.6576792018482,0.0,842.902854951145,460.929523025595,384.94112298854157,536.9179230626485,344.572285468857,577.286760582333,378.65894803871726,0.0,801.5137913238914,0.0,1026.15542681914,600.6338773470422,433.4454249552098,767.8223297388747,344.6265596220488,856.6411950720358,891.3704264424198,640.3709523129029,1142.3699005719368,507.02748168159707,1275.7133712032426,1108.1669253539767,892.9930978696536,1323.3407528382997,778.6820020186069,1437.6518486893465,480.59999999999997,480.59999999999997,480.59999999999997,480.59999999999997,480.59999999999997,698.67,698.67,698.67,698.67,698.67,795.357894736842,795.357894736842,795.357894736842,795.357894736842,795.357894736842
2029-05-01,385.6813585588147,359.2702659101768,412.09245120745254,345.23937294058794,426.1233441770414,261.32695303962987,183.588935210221,339.06497086903875,142.29061323834753,380.3632928409122,440.44525018074523,347.8604401501365,533.030060211354,298.67475982137563,582.2157405401149,481.8352425007365,437.68920794369956,525.9812770577735,414.23662708527365,549.4338579161994,552.824158834873,496.8496921271321,608.7986255426138,467.11325668864475,638.5350609811011,723.3895022258246,578.174834126708,868.6041703249412,501.02954169905223,945.7494627525969,830.7846515967855,622.8467010922859,1038.722602101285,512.3796648867705,1149.1896383068006,1594.2273940466912,1188.517257826552,1999.9375302668304,972.9837479596029,2215.4710401337798,1851.6278722525274,1457.2115863513263,2246.0441581537284,1247.6779344663134,2455.5778100387415,403.2183218694686,263.3308461312281,543.1057976077091,189.0156246452879,617.4210190936493,494.41502859629054,211.45866136237413,777.3713958302069,61.13809126935604,927.6919659232251,677.32967058475,382.2109015470148,972.4484396224852,225.429055495718,1129.230285673782,729.0079574256628,271.75169295307796,1186.2642218982476,28.834302452017255,1429.1816123993083,919.3779229312293,783.2674562800592,1055.4883895823993,710.9587708716251,1127.7970749908334,731.8386775604343,0.0,1484.7128290087808,0.0,1884.677221965715,1832.492991739788,771.8534544956149,2893.1325289839615,208.3887003346481,3456.597283144928,1504.2277276015989,793.6862954425739,2214.769159760624,416.211159608092,2592.2442955951055,2370.175046420787,1925.5368954436442,2814.8131973979303,1689.3228777370368,3051.0272151045374,378.4194736842105,378.4194736842105,378.4194736842105,378.4194736842105,378.4194736842105,547.1438888888889,547.1438888888889,547.1438888888889,547.1438888888889,547.1438888888889,665.7152631578947,665.7152631578947,665.7152631578947,665.7152631578947,665.7152631578947,1042.4389473684212,1042.4389473684212,1042.4389473684212,1042.4389473684212,1042.4389473684212,1552.766842105263,1552.766842105263,1552.766842105263,1552.766842105263,1552.766842105263,3818.9926315789476,3818.9926315789476,3818.9926315789476,3818.9926315789476,3818.9926315789476,239.5574181453671,204.8378833533214,274.27695293741283,186.39313049504713,292.7217057956871,435.13695722215715,225.09012467097853,645.1837897733358,113.50274487816489,756.7711695661494,545.4487846341456,468.61212504446803,622.2854442238231,427.79264963745186,663.1049196308393,289.24247879398735,287.51904368831833,290.96591389965636,286.6034687884317,291.881488799543,569.4807780905594,495.5114232517208,643.4501329293979,456.21520349358786,682.7463526875309,637.2959095711738,482.5431072525239,792.0487118898236,400.33068102074117,874.2611381216063,790.4620264521757,671.3764311859633,909.5476217183881,608.112208700788,972.8118442035634,922.2324036418086,623.3367883106066,1221.1280189730105,464.5484926659057,1379.9163146177114,1242.4082297188247,1229.3560757476378,1255.4603836900117,1222.4221189504444,1262.394340487205,320.6760529241777,0.0,666.5494219736327,0.0,850.2946492811557,461.33138029048945,384.294814876706,538.3679457042729,343.36913950063365,579.2936210803452,378.9205053478296,0.0,807.60810476286,0.0,1035.348391952095,601.6076788007728,432.1130698495084,771.1022877520371,342.0690588441492,861.1462987573964,889.7667797759908,635.305080382727,1144.2284791692546,500.1223025800556,1279.411256971926,1103.4677315485167,885.3258489947677,1321.6096141022656,769.4379738880885,1437.497489208945,480.59999999999997,480.59999999999997,480.59999999999997,480.59999999999997,480.59999999999997,698.67,698.67,698.67,698.67,698.67,795.357894736842,795.357894736842,795.357894736842,795.357894736842,795.357894736842
2029-06-01,385.57689036321995,358.8112705406437,412.3425101857962,344.59203500990003,426.56174571653986,255.6779512461555,176.89642339861584,334.4594790936951,135.0437367296104,376.3121657627006,438.16720370517817,344.3395889376943,531.994818472662,294.49366859246845,581.8407388178879,475.6037333142727,430.86510801968814,520.3423586088572,407.0977133319401,544.1097532966053,546.3055259082566,489.5796904571394,603.0313613593739,459.44409037373333,633.1669614427799,714.826779796092,567.6628343012808,861.9907252909031,489.48198825716236,940.1715713350216,819.6103594840961,608.8811706568341,1030.3395483113582,496.9312890923512,1142.289429875841,1573.3205230350416,1162.1643694938539,1984.4766765762292,943.7376629250981,2202.903383144985,1838.9079362925595,1439.1972351599975,2238.6186374251215,1226.8509251833239,2450.964947401795,404.2008803744943,262.4356363779454,545.9661243710432,187.12285050477877,621.2789102442099,492.1003599694666,205.34575074087473,778.8549691980584,53.00736458818534,931.1933553507479,640.8165513910691,341.73627933810263,939.8968234440356,182.84988480996424,1098.783217972174,730.7097640810285,267.315556988434,1194.103971173623,21.137384470493203,1440.2821436915638,907.272779762001,769.3352452296479,1045.2103142943542,696.0559300093353,1118.4896295146668,732.4238648280152,0.0,1495.4041617810244,0.0,1900.7374445373107,1831.4857482209784,756.6088016159354,2906.3626948260217,185.58042373200624,3477.3910727099505,1506.5114089195574,786.4320811020398,2226.590736737075,403.8899381989836,2609.1328796401313,2372.1403900136456,1921.5336746462197,2822.747105381072,1682.1488571072746,3062.1319229200167,378.4194736842105,378.4194736842105,378.4194736842105,378.4194736842105,378.4194736842105,547.1438888888889,547.1438888888889,547.1438888888889,547.1438888888889,547.1438888888889,665.7152631578947,665.7152631578947,665.7152631578947,665.7152631578947,665.7152631578947,1042.4389473684212,1042.4389473684212,1042.4389473684212,1042.4389473684212,1042.4389473684212,1552.766842105263,1552.766842105263,1552.766842105263,1552.766842105263,1552.766842105263,3818.9926315789476,3818.9926315789476,3818.9926315789476,3818.9926315789476,3818.9926315789476,239.84834086592326,204.66275119632917,275.03393053551736,185.9704066843573,293.72627504748925,434.1717333058809,221.30535402372195,647.0381125880398,108.22009003007503,760.1233765816867,545.6648238494965,467.796753551387,623.5328941476062,426.42934120551627,664.9003064934768,288.5791011586613,286.83253166072734,290.3256706565952,285.90466661495,291.2535357023726,569.0987573280781,494.1364808150803,644.061033841076,454.31277141755027,683.884743238606,639.0547246349934,482.2246105445448,795.8848387254419,398.90861243399405,879.2008368359927,787.9723405910324,667.2882094327928,908.6564717492721,603.174764754978,972.7699164270869,923.329377913142,620.4215613748304,1226.2371944514537,459.50178383885236,1387.1569719874317,1249.8354577389791,1236.6080992307147,1263.0628162472435,1229.581065023199,1270.0898504547592,320.8149930887994,0.0,671.3311654368897,0.0,857.5428819968126,461.50538869253285,383.4347291505961,539.5760482344696,341.95969126894227,581.0510861161234,378.50549352457796,0.0,812.9475463863077,0.0,1043.7448869691018,602.5272025798472,430.75739640335985,774.2970087563345,339.50468687210093,865.5497182875935,886.5029998687446,628.6255543584374,1144.3804453790517,491.62816143108665,1281.3778383064025,1095.6458097716818,874.5757172355497,1316.7159023078138,757.1322305757296,1434.159388967634,480.59999999999997,480.59999999999997,480.59999999999997,480.59999999999997,480.59999999999997,698.67,698.67,698.67,698.67,698.67,795.357894736842,795.357894736842,795.357894736842,795.357894736842,795.357894736842
2029-07-01,385.4888834520215,358.3733713956645,412.60439550837856,343.96825561572484,427.0095112883182,251.44033219583935,171.6289367441882,331.2517276474905,129.22913291049852,373.6515314811802,437.16749345858057,342.1133218641323,532.2216650530288,291.6157932045816,582.7191937125795,470.66287496361565,425.33940621521356,515.9863437120177,401.261313442625,540.0644364846063,540.6047010008624,483.13731988741273,598.0720821143121,452.6077736708926,628.6016283308322,707.395830225451,558.3080913732473,856.4835690776548,479.10523010801404,935.6864303428881,809.7353528688006,596.2514172024842,1023.2192885351171,482.83807637975355,1136.6326293578477,1556.626949594171,1140.0959776871528,1973.1579215011893,918.8138988615491,2194.440000326793,1825.2728438242002,1420.3369444331106,2230.20874321529,1205.2147478815941,2445.3309397668063,405.0525469585816,261.43408386143903,548.6710100557242,185.1367753410821,624.9683185760812,489.4905511606049,198.98735656634602,779.9937457548638,44.657534438146,934.3235678830638,676.9378353079089,373.9478512750951,979.9278193407227,212.9844222576628,1140.891248358155,732.4225349911497,262.97063017604904,1201.8744398062504,13.574305743026798,1451.2707642392727,895.8418540810794,756.1011379897091,1035.5825701724498,681.8638825661686,1109.81982559599,732.9748454814354,0.0,1505.9291644149262,0.0,1916.5611463483428,1829.5220152586448,740.5937932346089,2918.450237282681,162.10067528434,3496.9433552329497,1508.5632840625053,779.070755049591,2238.05581307542,391.5278490114804,2625.59871911353,2377.643145075386,1921.145895834968,2834.1403943158043,1678.6317321759961,3076.6545579747763,378.4194736842105,378.4194736842105,378.4194736842105,378.4194736842105,378.4194736842105,547.1438888888889,547.1438888888889,547.1438888888889,547.1438888888889,547.1438888888889,665.7152631578947,665.7152631578947,665.7152631578947,665.7152631578947,665.7152631578947,1042.4389473684212,1042.4389473684212,1042.4389473684212,1042.4389473684212,1042.4389473684212,1552.766842105263,1552.766842105263,1552.766842105263,1552.766842105263,1552.766842105263,3818.9926315789476,3818.9926315789476,3818.9926315789476,3818.9926315789476,3818.9926315789476,240.11889680126203,204.47334526088014,275.7644483416439,185.53664600505226,294.7011475974718,433.62576027062397,217.97669583349503,649.2748247077529,103.4131303512703,763.8383901899776,545.8754344634815,466.98943768963903,624.761431237324,425.0812519035352,666.6696170234278,287.93641792094246,286.167016480123,289.70581936176194,285.22702196468765,290.64581387719727,570.9309503871103,494.9887332430983,646.8731675311224,454.6444303853418,687.2174703888788,644.9010934889409,486.0208255329386,803.7813614449432,401.6156831813124,888.1865037965694,787.2729895576931,665.011221097842,909.5347580175442,600.0596566035463,974.48632251184,925.905463222758,619.0378993197005,1232.7730271258156,456.0145059962011,1395.796420449315,1257.7305132587614,1244.3302407643403,1271.1307857531826,1237.211346001679,1278.249680515844,320.91000707522045,0.0,676.0082846512908,0.0,864.6542446135782,461.680227846036,382.58899349055343,540.7714622015186,340.57177523920336,582.7886804528687,377.3875105156621,0.0,817.5087855038255,0.0,1051.3232128412874,603.3856525864525,429.3703941627325,777.4009110101724,336.9247881251313,869.8465170477737,882.4701571942951,621.2216216046478,1143.7186927839425,482.4333370726477,1282.5069773159425,1086.4675993953256,862.5075790707722,1310.427619719879,743.5288182733532,1429.406380517298,480.59999999999997,480.59999999999997,480.59999999999997,480.59999999999997,480.59999999999997,698.67,698.67,698.67,698.67,698.67,795.357894736842,795.357894736842,795.357894736842,795.357894736842,795.357894736842
2029-08-01,385.48049653483383,358.0195500167293,412.9414430529384,343.4309221789863,427.5300708906814,249.20836370281137,168.38022158704194,330.0365058185808,125.44027108803945,372.97645631758326,437.7568370764315,341.4917354972077,534.0219386556553,290.35090028324504,585.1627738696179,467.44096656037743,421.5401055060844,513.3418276146705,397.1552730709912,537.7266600497637,536.5155618916639,478.316082714873,594.7150410684548,447.3976094022028,625.633514381125,702.1455591179497,551.1585368328339,853.1325814030655,470.9466812438661,933.3444369920333,802.4028328103839,586.1992469211483,1018.6064186996194,471.34109191749195,1133.4645737032758,1547.4654307432475,1125.6281178833892,1969.3027436031057,901.5270454265893,2193.4038160599057,1814.2426736626476,1404.14814720386,2224.337200121435,1186.285430022629,2442.199917302666,405.8662318863141,260.418160467785,551.3143033048432,183.14887252669146,628.5835912459368,487.0050825939399,192.8010611647669,781.2091040231129,36.50517478051876,937.504990407361,638.1605702709312,331.3106856088491,945.0104549330133,168.29668438211797,1108.0244561597444,734.1361506764187,258.7037257177518,1209.5685756350854,6.130249958460126,1462.1420513943772,887.2036673926484,745.6827430224557,1028.724591762841,670.4997519507908,1103.907582834506,733.5510444779329,0.0,1516.352312219223,0.0,1932.2154857067833,1828.2510536690752,725.4505752969108,2931.0515320412396,139.58782116169846,3516.914286176452,1510.502202202423,771.7164000776206,2249.2880043272253,379.2364426988195,2641.7679617060267,2387.881782053726,1925.5690467825502,2850.194517324902,1679.965406169738,3095.798157937714,378.4194736842105,378.4194736842105,378.4194736842105,378.4194736842105,378.4194736842105,547.1438888888889,547.1438888888889,547.1438888888889,547.1438888888889,547.1438888888889,665.7152631578947,665.7152631578947,665.7152631578947,665.7152631578947,665.7152631578947,1042.4389473684212,1042.4389473684212,1042.4389473684212,1042.4389473684212,1042.4389473684212,1552.766842105263,1552.766842105263,1552.766842105263,1552.766842105263,1552.766842105263,3818.9926315789476,3818.9926315789476,3818.9926315789476,3818.9926315789476,3818.9926315789476,240.43563742098522,204.33598411463063,276.53529072733977,185.15804329562977,295.7132315463407,434.0373484233701,215.64105139312724,652.4336454536129,99.61801859581078,768.4566782509294,546.3306697843277,466.4397153398223,626.2216242288331,423.99764579117885,668.6636937774766,287.3812556342742,285.58931313898177,289.1731981295667,284.6373436883577,290.12516758019075,576.2228199469023,499.3131470215451,653.1324928722595,458.4548832799492,693.9907566138554,654.431429677225,493.52712766537985,815.3357316890701,408.0467172215872,900.8161421328628,789.5658186142344,665.7465126056751,913.3851246227938,599.967506288628,979.1641309398409,930.3032936694342,619.526431223745,1241.0801561151234,454.42622304947264,1406.1803642893958,1265.585899199233,1252.0149157144842,1279.1568826839816,1244.8053307382113,1286.3664676602546,320.9742101208363,0.0,680.596215005726,0.0,871.6454051008236,462.05753613876783,381.95872951573045,542.1563427618051,339.4062384972419,584.7088337802938,375.6456003500417,0.0,821.3737418216108,0.0,1058.1668169783818,604.1793275498111,427.9472248708722,780.41143022875,334.32392032268604,874.0347347769361,878.5809917964907,614.0043152118966,1143.157668381085,473.44795577633096,1283.7140278166505,1077.9487217226863,851.135592487153,1304.7618509582196,730.6411175807759,1425.2563258645966,480.59999999999997,480.59999999999997,480.59999999999997,480.59999999999997,480.59999999999997,698.67,698.67,698.67,698.67,698.67,795.357894736842,795.357894736842,795.357894736842,795.357894736842,795.357894736842
2029-09-01,385.5944173341292,357.7923279654873,413.39650670277115,343.0224679883963,428.16636667986216,249.1088614726929,167.27660455749964,330.94111838788615,123.80321807130325,374.4145048740825,439.8978512142275,342.43686401109204,537.3588384173629,290.6607145594263,589.1349878690287,465.943681584397,419.4726016349956,512.4147615337984,394.78484041187613,537.1025227569179,534.3975044646428,475.47502266982224,593.3199862594633,444.1724542163238,624.6225547129618,699.5425387014755,546.6798293149504,852.4052480880005,465.471514953359,933.6135624495919,798.1714505270371,579.2820028253534,1017.0608982287208,462.9969837338339,1133.3459173202405,1547.3963154258065,1120.3185865709215,1974.4740442806915,893.433543116764,2201.359087734849,1807.843769772645,1392.6547060351188,2223.0328335101713,1172.085515924558,2443.602023620732,406.71854131124775,259.46359227267124,553.9734903498243,181.23440059592744,632.202682026568,484.9826563345014,187.12378643010408,782.8415262388987,28.886261793392976,941.0790508756099,672.1832411014242,361.52141047194146,982.845071730907,196.48231295002876,1147.8841692528197,735.8371413360123,254.49849706398805,1217.1757856080367,0.0,1472.8869403775493,882.7500463087345,739.4710306244458,1026.029061993023,663.3540535421673,1102.1460390753016,734.1940848067585,0.0,1526.7199647607226,0.0,1947.749338486266,1829.0760277149645,712.5756392352644,2945.5764161946645,119.43480785542397,3538.717247574505,1512.4467952183006,764.4831778165469,2260.4104126200546,367.12750607186535,2657.766084364736,2402.7641302673705,1934.7081594436195,2870.8201010911216,1686.0534249435016,3119.4748355912398,378.4194736842105,378.4194736842105,378.4194736842105,378.4194736842105,378.4194736842105,547.1438888888889,547.1438888888889,547.1438888888889,547.1438888888889,547.1438888888889,665.7152631578947,665.7152631578947,665.7152631578947,665.7152631578947,665.7152631578947,1042.4389473684212,1042.4389473684212,1042.4389473684212,1042.4389473684212,1042.4389473684212,1552.766842105263,1552.766842105263,1552.766842105263,1552.766842105263,1552.766842105263,3818.9926315789476,3818.9926315789476,3818.9926315789476,3818.9926315789476,3818.9926315789476,240.86199712112352,204.313883721661,277.41011052058604,184.89769847819653,296.8262957640505,435.69188420171383,214.582485666882,656.8012827365457,97.11811769525264,774.265650708175,547.2346169990842,466.3511902844266,628.1180437137418,423.3818698422648,671.0873641559036,286.9589804032344,285.1447768991876,288.77318390728124,284.18098128766275,289.7369795188061,585.4534892328286,507.58838001038833,663.3185984552689,466.22254073596696,704.6844377296902,666.3972373429438,503.49404748446665,829.3004272014209,416.95172787215074,915.8427468137368,795.2230988128201,669.8656058020221,920.5805918236182,603.2694376400357,987.1767599856046,936.1464803639665,621.5088877476733,1250.7840729802597,454.3576666702675,1417.9352940576655,1273.0614294066688,1259.3218558120514,1286.8010030012863,1252.022707339911,1294.1001514734266,321.0275135612236,0.0,685.1170438382742,0.0,878.5396067979572,462.7424944762621,381.6486334694288,543.8363554830954,338.56751980954857,586.9174691429756,373.44178931832255,0.0,824.7071386441837,0.0,1064.4418554735475,604.9060291195341,426.48462383136234,783.3274344077058,331.69825227202114,878.113805967047,875.5259805502554,607.6625111533206,1143.3894499471903,465.360043036199,1285.691918064312,1071.8316993643527,842.2009076933421,1301.4624910353634,720.2095496181178,1423.4538491105877,480.59999999999997,480.59999999999997,480.59999999999997,480.59999999999997,480.59999999999997,698.67,698.67,698.67,698.67,698.67,795.357894736842,795.357894736842,795.357894736842,795.357894736842,795.357894736842
2029-10-01,385.84229035318975,357.70319365742307,413.98138704895644,342.754298537797,428.9302821685825,250.74370388715727,167.9195046107298,333.56790316358473,123.91914874512771,377.56825902918683,443.1931749474507,344.55079931121014,541.8355505836913,292.14703725445736,594.239312640444,465.73389984667796,418.6995135128286,512.7682861805273,393.7124957729711,537.7553039203848,534.05418480236,474.41746502945335,593.6909045752668,442.73545765009663,625.3729119546234,699.3182769745207,544.602618609078,854.0339353399634,462.40992510243666,936.2266288466047,796.7377709444218,575.1950209413303,1018.2805209475132,457.50043500218806,1135.9751068866553,1555.7382865429522,1123.483668930986,1987.9929041549185,893.8484033246287,2217.628169761276,1806.1349164623134,1385.9130742610423,2226.3567586635845,1162.670220591617,2449.5996123330096,407.64626034666423,258.60633766371996,556.6861830296085,179.42887873840579,635.8636419549227,483.6094771938743,182.14006492066846,785.0788894670801,21.98443965052786,945.2345147372207,632.0238780206229,317.5963119533492,946.4514440878966,150.5566674801101,1113.4910885611357,737.5112115486266,250.33794643940263,1224.6844766578506,0.0,1483.4952737471258,882.833014448532,737.8172200110863,1027.8488088859776,660.7775792161933,1104.8884496808707,734.9166916357203,0.0,1537.049296643296,0.0,1963.1822430535706,1832.7986963392182,702.7644756835921,2962.8329169948443,102.43379596029081,3563.1635967181455,1514.486883119629,757.4567090233472,2271.517057215911,355.2844290346975,2673.6893372045606,2420.893321850933,1947.1637381709475,2894.622905530918,1695.4948968409553,3146.2917468609103,378.4194736842105,378.4194736842105,378.4194736842105,378.4194736842105,378.4194736842105,547.1438888888889,547.1438888888889,547.1438888888889,547.1438888888889,547.1438888888889,665.7152631578947,665.7152631578947,665.7152631578947,665.7152631578947,665.7152631578947,1042.4389473684212,1042.4389473684212,1042.4389473684212,1042.4389473684212,1042.4389473684212,1552.766842105263,1552.766842105263,1552.766842105263,1552.766842105263,1552.766842105263,3818.9926315789476,3818.9926315789476,3818.9926315789476,3818.9926315789476,3818.9926315789476,241.44060990880112,204.4494728989585,278.43174691864374,184.79793136247963,298.0832884551226,438.5421307582956,214.75252044461698,662.3317410719743,95.86428996547522,781.219971551116,548.6810221362955,466.8171544524587,630.5448898201323,423.32697474542044,674.0350695271705,286.6823902363167,284.8461955838474,288.51858488878594,283.87071717472315,289.4940632979102,598.132268170111,519.323304980892,676.9412313593301,477.4560432866193,718.8084930536028,678.9642841457019,514.0864380710548,843.842130220349,426.49508234389856,931.4334859475052,803.6094453592025,676.7324121047031,930.4864786137018,609.3289881882505,997.8899025301545,942.3485999936496,623.897079125612,1260.8001208616872,454.71970866446713,1429.977491322832,1280.0050902559553,1266.0989702945683,1293.9112102173424,1258.7113440650812,1301.2988364468295,321.0914774003201,0.0,689.5943752414347,0.0,885.361539719527,463.70270594095723,381.625853153119,545.7795587287955,338.02252510957993,589.3828867723346,370.9826346131034,0.0,827.7180666792877,0.0,1070.3587649644483,605.5643252511655,424.98015729790325,786.1484932044278,329.04481807273265,882.0838324295985,873.6021315319778,602.4917136536226,1144.712549410333,458.4643041557464,1288.7399589082092,1069.1439764918937,836.7296796569195,1301.5582733268677,713.2595844633396,1425.0283685204477,480.59999999999997,480.59999999999997,480.59999999999997,480.59999999999997,480.59999999999997,698.67,698.67,698.67,698.67,698.67,795.357894736842,795.357894736842,795.357894736842,795.357894736842,795.357894736842
2029-11-01,386.2024490608211,357.7303337118439,414.6745644097983,342.6045224326998,429.8003756889424,253.27396406399768,169.46956262989315,337.07836549810224,124.94847436802513,381.59945375997023,446.9699420941821,347.1601604306966,546.7797237576676,294.1362139219699,599.8036702663943,466.0329004346173,418.4418747686377,513.6239261005969,393.159142383586,538.9066584856487,534.7686409236853,474.4261365864982,595.1111452608725,442.36918115736756,627.1681006900031,700.5206833522421,543.9740067157977,857.0673599886866,460.80858475268656,940.2327819517977,796.9985248245687,572.8338758660044,1021.163173783133,453.74640610676715,1140.2506435423702,1569.6911031834397,1132.3208682452494,2007.0613381216301,899.9679309343356,2239.414275432544,1807.306164262527,1382.1111094008597,2232.5012191241944,1156.226236505599,2458.386092019455,408.6357927128417,257.8320225665942,559.4395628590892,177.7175196764002,639.5540657492832,482.89304822016527,177.85582640620441,787.9302700341261,15.804802317537735,949.9812941227929,665.296269421544,347.147537543012,983.445001300076,178.1310237325419,1152.461515110546,739.1465873037532,246.2077574224644,1232.085417185042,0.0,1493.9591705594767,886.727057341515,739.9950399179536,1033.4590747650764,662.0436556616866,1111.4104590213435,735.7007994433571,0.0,1547.3264284347497,0.0,1978.5025438364269,1839.4312705172538,696.0233983079468,2982.8391427265606,88.58796619675263,3590.2745748377547,1516.664721365755,750.6752984441481,2282.6541442873618,343.74341751704446,2689.5860252144657,2439.9156502088467,1960.5796041164836,2919.25169630121,1705.9323296299158,3173.8989707877777,378.4194736842105,378.4194736842105,378.4194736842105,378.4194736842105,378.4194736842105,547.1438888888889,547.1438888888889,547.1438888888889,547.1438888888889,547.1438888888889,665.7152631578947,665.7152631578947,665.7152631578947,665.7152631578947,665.7152631578947,1042.4389473684212,1042.4389473684212,1042.4389473684212,1042.4389473684212,1042.4389473684212,1552.766842105263,1552.766842105263,1552.766842105263,1552.766842105263,1552.766842105263,3818.9926315789476,3818.9926315789476,3818.9926315789476,3818.9926315789476,3818.9926315789476,242.18072651868906,204.7518093355548,279.6096437018233,184.86769708201473,299.4937559553634,442.2173889169982,215.77928865941965,668.6554891745767,95.48404789758109,788.9507299364152,550.6194883107669,467.7867837357737,633.45219288576,423.78190943030864,677.4570671912251,286.52915901180893,284.6712334887006,288.3870845349173,283.6842105545492,289.37410746906863,612.8636395412886,533.1219934352744,692.6052856473029,490.7592439414543,734.968035141123,690.1353000828819,523.3061689745441,856.9644311912198,434.6781930732396,945.5924070925244,813.1895669156477,684.8109780428363,941.5681557884591,616.6098527041552,1009.7692811271402,947.3364961151967,625.1161870113853,1269.5568052190083,453.9366477999854,1440.736344430408,1286.420731654113,1272.3500364971894,1300.4914268110367,1264.8749796950738,1307.9664836131524,321.18381646665443,0.0,694.047847149737,0.0,892.1318634501245,464.7673801614367,381.71916986092907,547.8155904619443,337.5998081387844,591.934952184089,368.4748952839957,0.0,830.6156685416433,0.0,1076.1279543347687,606.153977532255,423.4326444434828,788.8753106210272,326.36193624007257,885.9460188244375,872.6595310008042,598.3405941280646,1146.9784678735439,452.60865891442177,1292.7104030871867,1069.9530022699714,834.7881446421026,1305.1178598978404,709.8568140272973,1430.0491905126455,480.59999999999997,480.59999999999997,480.59999999999997,480.59999999999997,480.59999999999997,698.67,698.67,698.67,698.67,698.67,795.357894736842,795.357894736842,795.357894736842,795.357894736842,795.357894736842
2029-12-01,386.62652330429944,357.8252396169841,415.4278069916148,342.5245576580978,430.72848895050106,255.6243490551564,170.85107842298297,340.3976196873298,125.81527839964082,385.43341971067196,450.43929940437,349.47560909808163,551.4029897106584,295.83864862286595,605.039950185874,465.9165554465081,417.7753262341368,514.0577846588793,392.20029821506455,539.6328126779516,535.4861854701487,474.44605675063593,596.5263141896614,442.01848836839474,628.9538825719027,701.7570696257765,543.4005446942831,860.1135945572698,459.27364082442733,944.2404984271257,797.3365411604377,570.5803072736921,1024.0927750471833,450.11605802135864,1144.5570242995168,1585.034000993346,1142.607294777606,2027.4607072090857,907.5681071004943,2262.4998948861976,1808.3155503049534,1378.2047823688288,2238.4263182410778,1149.7084369027625,2466.9226637071442,409.6285987810679,257.08137452803055,562.1758230341053,176.0406616436044,643.2165359185315,482.6691490535417,174.1053682113842,791.2329298956992,10.18085963898801,955.1574384680953,625.260572077436,303.4336979838538,947.0874461710182,132.46317112163825,1118.0579730332338,740.7372515955211,242.09951759187982,1239.3749855991623,0.0,1504.2762817885969,892.87286713031,744.4444694496331,1041.301264810987,665.5918831817735,1120.1538510788466,736.5052172705431,0.0,1557.5141132364197,0.0,1993.6750892182918,1848.2238817645693,691.5969822815675,3004.850781247571,77.13894193122292,3619.308821597916,1518.9707763393696,744.1256901683944,2293.815862510345,332.4892381400639,2705.4523145386756,2457.1380653143087,1972.2603779401547,2942.0157526884627,1714.6691065226353,3199.6070241059824,378.4194736842105,378.4194736842105,378.4194736842105,378.4194736842105,378.4194736842105,547.1438888888889,547.1438888888889,547.1438888888889,547.1438888888889,547.1438888888889,665.7152631578947,665.7152631578947,665.7152631578947,665.7152631578947,665.7152631578947,1042.4389473684212,1042.4389473684212,1042.4389473684212,1042.4389473684212,1042.4389473684212,1552.766842105263,1552.766842105263,1552.766842105263,1552.766842105263,1552.766842105263,3818.9926315789476,3818.9926315789476,3818.9926315789476,3818.9926315789476,3818.9926315789476,243.054136481585,205.19250067800544,280.91577228516456,185.0785066573538,301.0297663058162,446.11978127884043,217.06381254592517,675.1757500117557,95.37782915656396,796.8617334011169,552.861492163485,469.0711522533292,636.6518320736407,424.557534176059,681.1654501509109,286.4484598840849,284.5690547396101,288.3278650285597,283.57062075660787,289.32629901156196,627.6660670149281,547.0025215409412,708.329612488915,504.1500130078856,751.1821210219706,698.2259076155549,529.4680519568894,866.9837632742203,439.8154411382234,956.6363740928864,821.8956638204523,692.0328801043877,951.758447536517,623.0432762552284,1020.7480513856763,949.4310777758709,623.485554636274,1275.3766009154679,450.3269954683632,1448.5351600833787,1292.3961857086401,1278.1628181514645,1306.6295532658157,1270.6013416367152,1314.191029780565,321.31401980850694,0.0,698.4887605284687,0.0,898.8628415359483,465.6678190553372,381.6594819412257,549.6761561694487,337.030052849354,594.3055852613204,366.08656676853366,0.0,833.5701854223523,0.0,1081.9208578321934,606.6774354382859,421.8436468169842,791.5112240595877,323.6506966119176,889.7041742646542,872.1782287285109,594.687869307136,1149.6685881498859,447.27111586453066,1297.0853415924912,1073.3818601334372,835.4982433100497,1311.2654769568246,709.1225718726253,1437.641148394249,480.59999999999997,480.59999999999997,480.59999999999997,480.59999999999997,480.59999999999997,698.67,698.67,698.67,698.67,698.67,795.357894736842,795.357894736842,795.357894736842,795.357894736842,795.357894736842
2030-01-01,387.0530702111352,357.926337960006,416.17980246226443,342.4527614515936,431.65337897067684,256.7542001612819,171.02300906012613,342.4853912624377,125.47831378763709,388.03008653492674,452.88942323613355,350.78486405871206,554.993982413555,296.54181699570694,609.2370294765601,464.55443259686047,415.86921742617227,513.2396477675486,390.0051968667442,539.1036683269767,535.0960629786453,473.3661933974941,596.8259325597965,440.5722001825075,629.6199257747829,701.5640504945362,541.4181295010816,861.7099714879909,456.3406089733088,946.7874920157636,796.0536248509306,566.7350923022407,1025.3721573996206,444.90962188574923,1147.1976278161121,1597.2143947481748,1149.7883580270993,2044.6404314692502,912.0932760190279,2282.3355134773215,1805.882536338268,1370.911605458526,2240.85346721801,1139.833298428663,2471.931774247873,410.54115822776316,256.2701818119424,564.8121346435839,174.3137255910376,646.7685908644887,482.6762369038337,170.62574899645284,794.7267248112146,4.848927295656779,960.5035465120106,659.131372677286,333.6679213009836,984.5948240535884,160.765462757323,1157.497282597249,742.2852125930054,238.0129750666489,1246.5574501193619,0.0,1514.4520763052387,899.3337286283771,749.2281206754494,1049.4393365813048,669.4845164504566,1129.1829408062977,737.2805742972693,0.0,1567.5667014092078,0.0,2008.6562064374252,1857.8979369620342,688.2013921329453,3027.594481791123,66.80010269249169,3648.995771231577,1521.3546668750039,737.753991084818,2304.9553426651896,321.4661320712819,2721.243201678726,2470.249775882585,1979.8930706738604,2960.6064810913094,1719.3910710317255,3221.108480733444,378.4194736842105,378.4194736842105,378.4194736842105,378.4194736842105,378.4194736842105,547.1438888888889,547.1438888888889,547.1438888888889,547.1438888888889,547.1438888888889,665.7152631578947,665.7152631578947,665.7152631578947,665.7152631578947,665.7152631578947,1042.4389473684212,1042.4389473684212,1042.4389473684212,1042.4389473684212,1042.4389473684212,1552.766842105263,1552.766842105263,1552.766842105263,1552.766842105263,1552.766842105263,3818.9926315789476,3818.9926315789476,3818.9926315789476,3818.9926315789476,3818.9926315789476,244.0007435245871,205.71127904747706,282.2902080016971,185.37000104401235,302.63148600516183,449.5816415469655,217.93738762279128,681.2258954711397,94.87637772557372,804.2869053683573,555.1254755728321,470.38832210806913,639.8626290375951,425.3717093299138,684.8792418157504,286.37495116092794,284.4743091260515,288.2755931958044,283.4645930450234,289.2853092768325,640.4609380804071,558.885911183868,722.0359649769463,515.5491781450814,765.3726980157328,702.2684382735806,531.6036536615848,872.9332228855765,440.93798683646196,963.5988897106993,827.6573591497579,696.3271527690611,958.9875655304547,626.5579806293159,1028.7567376701998,947.2846998707744,617.6560595639357,1276.913340177613,442.5408444009278,1452.0285553406209,1298.0157533899473,1283.6215517157925,1312.4099550641022,1275.974632076398,1320.0568747034968,321.48123236639753,0.0,702.9179698434083,0.0,905.5562366280702,466.10887459392507,381.15126060177556,551.0664885860746,336.0175281684461,596.200221019404,363.92267954322045,0.0,836.6887666435554,0.0,1087.8457504156083,607.1419261193917,420.21955381882924,794.0642984199541,320.91704353415554,893.3668087046278,871.4523895668452,590.8264463316954,1152.0783328019952,441.74391398802203,1301.1608651456684,1077.8788522278676,837.307199610988,1318.4505048447472,709.5035091582708,1446.2541952974643,480.59999999999997,480.59999999999997,480.59999999999997,480.59999999999997,480.59999999999997,698.67,698.67,698.67,698.67,698.67,795.357894736842,795.357894736842,795.357894736842,795.357894736842,795.357894736842
2030-02-01,387.42446931303743,357.9758849460305,416.8730536800444,342.331324501058,432.51761412501685,255.92324191042098,169.24471607172163,342.6017677491203,123.19674921991259,388.6497346009294,453.8613179966183,350.6284973949946,557.094138598242,295.786061450382,611.9365745428546,461.4279403725146,412.20475069169095,510.6511300533383,386.0549311737534,536.8009495712759,532.7357495154649,470.32376122060947,595.1477378103205,437.1673924389675,628.3041065919624,698.8050805238291,536.8895376216576,860.7206234260007,450.8719054548789,946.7382555927793,791.8336677812641,559.9811518706779,1023.6861836918504,436.809502793179,1146.8578327693492,1602.5362587574696,1150.1661378399294,2054.9063796750097,909.8445111024863,2295.228006412453,1797.5599780329917,1357.7825926137598,2237.3373634522236,1124.1508566097928,2470.9690994561906,411.29387687656686,255.3181970374491,567.2695567156846,172.45611712291782,650.1316366302159,482.63558164050255,167.13691736621138,798.1342459147937,0.0,965.7429113105109,620.1688080103851,291.10896622670117,949.228649794069,116.29592527911916,1124.041690741651,743.8011195336633,233.95664392625793,1253.6455951410685,0.0,1524.5004728075028,904.3395226915466,752.5752388834553,1056.1038064996378,671.9504631104068,1136.7285822726863,737.9872497942468,0.0,1577.4480877694177,0.0,2023.4116579437273,1867.0202975574966,684.398536653971,3049.6420584610223,56.130726173973244,3677.9098689410202,1523.7478437108236,731.4883340586103,2316.007353363037,310.600469555872,2736.8952178657755,2477.9536002238283,1982.1784243900602,2973.7287760575964,1718.7978622283708,3237.1093382192857,378.4194736842105,378.4194736842105,378.4194736842105,378.4194736842105,378.4194736842105,547.1438888888889,547.1438888888889,547.1438888888889,547.1438888888889,547.1438888888889,665.7152631578947,665.7152631578947,665.7152631578947,665.7152631578947,665.7152631578947,1042.4389473684212,1042.4389473684212,1042.4389473684212,1042.4389473684212,1042.4389473684212,1552.766842105263,1552.766842105263,1552.766842105263,1552.766842105263,1552.766842105263,3818.9926315789476,3818.9926315789476,3818.9926315789476,3818.9926315789476,3818.9926315789476,244.94238060306554,206.22981527648398,283.6549459296471,185.6637649467375,304.2209962593936,452.0423561617681,217.83841951679977,686.2462928067364,93.41757817416033,810.6671341493759,557.1091396440091,471.4356356164386,642.7826436715796,425.9215866017918,688.2966926862265,286.2463572282171,284.32471298632424,288.16800147010997,283.3038394828186,289.1888749736156,649.6013212630435,567.1248854894952,732.0777570365917,523.3092789847977,775.8933635412892,702.2367250954471,529.6860845089604,874.7873656819338,438.0185566973894,966.4548934935049,828.9521506082298,696.1707376713754,961.7335635450842,625.6306120486715,1032.273689167788,940.2574205920603,606.98636429355,1273.5284768905706,429.93611563496637,1450.5787255491541,1303.2845949815046,1288.7313365266148,1317.8378534363944,1280.9999179724546,1325.5692719905546,321.6749422962872,0.0,707.3265783060956,0.0,912.2040099363062,465.85246799583473,379.9560673389973,551.7488686526722,334.3236044900524,597.3813315016171,362.0209744074144,0.0,840.0111547612098,0.0,1093.9434380741636,607.5614168620087,418.57354128043596,796.5492924435815,318.1737323777254,896.9491013462921,869.8293661423422,586.1024896194592,1153.5562426652252,435.3725864666778,1304.2861458180066,1081.666384045963,838.4364004241716,1324.8963676677545,709.2204716250949,1454.1122964668311,480.59999999999997,480.59999999999997,480.59999999999997,480.59999999999997,480.59999999999997,698.67,698.67,698.67,698.67,698.67,795.357894736842,795.357894736842,795.357894736842,795.357894736842,795.357894736842
2030-03-01,387.7024865787485,357.9355298849163,417.4694432725807,342.12183414131795,433.28313901617906,252.8814084985328,165.2657902817032,340.4970267153624,118.71999310401247,387.04282389305314,453.26104246483186,348.91215893501885,557.6099259946449,293.47681455980575,613.0452703698579,456.46898892807286,406.71364119044284,506.2243366657029,380.2811127048269,532.6568651513188,528.0353436674202,464.94861156527037,591.12207576957,431.4337851360033,624.6369021988371,692.9883818192402,529.3223497424281,856.6544138960523,442.3747702016216,943.6019934368588,786.336899562565,551.9777971196414,1020.6960020054886,427.4745239468383,1145.1992751782918,1599.1302181062024,1141.8694672626925,2056.3909689497123,898.9496933770778,2299.310742835327,1782.584850352619,1338.05297664505,2227.116724060188,1101.895418737904,2463.274281967334,411.8407849742672,254.17883256259876,569.5027373859357,170.42092034389992,653.2606496046344,482.3458812928772,163.43632152006433,801.2554410656901,0.0,970.6761446949969,655.0777098391043,322.4603609716236,987.695058706585,145.7573943857745,1164.398025292434,745.3029842934726,229.94651632693774,1260.6594522600076,0.0,1534.4425758672292,906.7708665482347,753.3658400965317,1060.1758929999378,671.8694197940644,1141.672313302405,738.6111369431051,0.0,1587.1474909748051,0.0,2037.9324290541458,1874.415546179761,679.0083135849425,3069.822778774579,43.94822126894519,3704.8828710905764,1526.0912902365355,725.266563988716,2326.916016484355,299.8284281695619,2752.354152303509,2480.336039754481,1979.2009765201753,2981.4711029887867,1712.9729741769504,3247.6991053320116,378.4194736842105,378.4194736842105,378.4194736842105,378.4194736842105,378.4194736842105,547.1438888888889,547.1438888888889,547.1438888888889,547.1438888888889,547.1438888888889,665.7152631578947,665.7152631578947,665.7152631578947,665.7152631578947,665.7152631578947,1042.4389473684212,1042.4389473684212,1042.4389473684212,1042.4389473684212,1042.4389473684212,1552.766842105263,1552.766842105263,1552.766842105263,1552.766842105263,1552.766842105263,3818.9926315789476,3818.9926315789476,3818.9926315789476,3818.9926315789476,3818.9926315789476,245.80126563944654,206.67017392983766,284.93235734905545,185.8817814591079,305.72074981978517,453.19725544693074,216.46131076612525,689.9332001277362,90.69534015444736,815.6991707394141,558.5692996818732,471.9695686926057,645.1690306711407,425.9634616045574,691.175137759189,286.0199375210707,284.07751814306266,287.9623568990787,283.04560784849593,288.99426719364544,654.2985376328265,570.9304388021266,737.6666364635265,526.6411362983172,781.9559389673359,699.0319682672546,524.6158611356169,873.4480753988922,431.95730422193446,966.1066323125747,825.2275988233622,691.0106694328473,959.4445282138771,619.7079256941363,1030.747271952588,928.6290420919673,591.7549507431156,1265.503133440819,412.7905897140381,1444.4674944698966,1308.0884981720283,1293.377902620746,1322.7990937233105,1285.5628987341274,1330.614097609929,321.8782572735523,0.0,711.6992213288188,0.0,918.7916084831792,464.7907216591302,377.9656842772735,551.6157590409869,331.83988316816215,597.7415601500983,360.36700624468705,0.0,843.5247981896648,0.0,1100.2023751604343,607.9576820606528,416.9266349316533,798.9887291896523,315.4413911443723,900.4739729769333,866.9363269579065,580.142043705529,1153.730610210284,427.7825807277034,1306.0900731881097,1083.2466637959035,837.3870904161034,1329.1062371757034,706.7741920580847,1459.7191355337222,480.59999999999997,480.59999999999997,480.59999999999997,480.59999999999997,480.59999999999997,698.67,698.67,698.67,698.67,698.67,795.357894736842,795.357894736842,795.357894736842,795.357894736842,795.357894736842
2030-04-01,387.8783102784514,357.7963505616338,417.960269995269,341.8153094620745,433.94131109482834,247.93211616481437,159.38932272873387,336.4749096008949,112.3509637158161,383.51326861381267,451.37873922583634,345.9256039549022,556.8318744967705,289.9036258422185,612.8538526094542,450.08166276469785,399.7997887480045,500.3635367813912,373.0875431766362,527.0757823527595,521.2349277709968,457.48059261063565,584.989262931358,423.6111020566938,618.8587534852998,684.4188257687437,519.0208297765574,849.8168217609299,431.1531444057084,937.6845071317789,781.0132504501123,544.1740884400325,1017.8524124601921,418.35328362217757,1143.673217278047,1587.4452389976643,1125.3456152962474,2049.544862699081,879.8551902048697,2295.035287790459,1762.2675064983946,1313.0314607966404,2211.5035522001485,1074.3748115175836,2450.1602014792056,412.1915339908045,252.8611546677029,571.5219133139061,168.21689065230518,656.1661773293038,481.7486812009845,159.46432311000183,804.0330392919672,0.0,975.2466045278017,617.1581459844134,281.0209387898517,953.2953531789751,102.44804746774082,1131.8682445010859,746.813220915598,226.00309347711004,1267.623348354086,0.0,1544.3037285557825,906.453087375023,751.4246821019487,1061.4814926480972,669.0658418006279,1143.8403329494179,739.1726378424563,0.0,1596.6884626135475,0.0,2052.24374452319,1879.5036564995573,671.4462596357123,3087.5610533634026,29.665767551794943,3729.3415454473197,1528.3602234674138,719.0609254908094,2337.659521444018,289.1206734407383,2767.5997734940893,2478.8742949406687,1972.4360674807942,2985.3125224005435,1703.390759142736,3254.3578307386015,378.4194736842105,378.4194736842105,378.4194736842105,378.4194736842105,378.4194736842105,547.1438888888889,547.1438888888889,547.1438888888889,547.1438888888889,547.1438888888889,665.7152631578947,665.7152631578947,665.7152631578947,665.7152631578947,665.7152631578947,1042.4389473684212,1042.4389473684212,1042.4389473684212,1042.4389473684212,1042.4389473684212,1552.766842105263,1552.766842105263,1552.766842105263,1552.766842105263,1552.766842105263,3818.9926315789476,3818.9926315789476,3818.9926315789476,3818.9926315789476,3818.9926315789476,246.51827285432137,206.97308398630867,286.06346172233407,185.96470240017692,307.0718433084658,453.0790481246196,213.8378914064946,692.3202048427446,86.74102689999069,819.4170693492485,559.3878619830139,471.8717062032674,646.9040177627603,425.3787484452772,693.3969755207505,285.68345905044515,283.7204843975976,287.6464337032927,282.6776541132724,288.6892639876179,654.8309812101589,570.580655707034,739.0813067132839,525.822670283499,783.8392921368189,694.232800407262,517.9709687842391,870.4946320302848,424.3318707345082,964.1337300800158,817.0796742316488,681.4424203206031,952.7169281426945,609.38512918036,1024.7742192829376,913.5862071636234,573.1472113392551,1254.0252029879916,392.2889948075597,1434.883419519687,1312.2019382433373,1297.3356706790833,1327.0682058075913,1289.4379660355735,1334.965910451101,322.07286154924907,0.0,716.0190300506232,0.0,925.3029320669782,462.9887273842195,375.244880950856,550.732573817583,328.63096253313165,597.3464922353073,358.92290223263245,0.0,847.1936174302971,0.0,1106.5874348790562,608.3598818134042,415.30728582576137,801.412477801047,312.7480942073261,903.9716694194822,862.8303318629689,573.0011039527068,1152.6595597732312,419.02932662538,1306.6313371005579,1081.8269027756949,833.3655683344227,1330.288237216967,701.370484412497,1462.2833211388927,480.59999999999997,480.59999999999997,480.59999999999997,480.59999999999997,480.59999999999997,698.67,698.67,698.67,698.67,698.67,795.357894736842,795.357894736842,795.357894736842,795.357894736842,795.357894736842
2030-05-01,387.9743542946445,357.5806560991963,418.36805249009274,341.4340039328644,434.5147046564246,241.8519207431607,152.3915608991963,331.3122805871251,104.8657447320902,378.8380967542312,448.80946525989657,342.2635221976599,555.3554083221333,285.6609899458466,611.9579405739465,443.0404784697952,392.23753484672585,493.8434220928645,365.2484710469703,520.8324858926201,513.1416319373346,448.7266124453644,577.5566514293049,414.50613334025525,611.777130534414,674.1413624349336,507.0293517932852,841.2533730765821,418.25109613990946,930.0316287299578,773.7428838343975,534.4493644373588,1013.0364032314362,407.32468225768196,1140.1610854111132,1570.1293086010332,1103.2409598622671,2037.0176573397994,855.2065245947975,2285.052092607269,1739.8038725687734,1285.9124067164894,2193.6953384210574,1044.7825654824637,2434.825179655083,412.4191786930943,251.437663256608,573.4006941295806,165.91623318097464,658.922124205214,480.9492853161112,155.32510374210068,806.5734668901216,0.0,979.5613133513148,652.7759646328875,313.1553772806364,992.3965519851386,132.73194024975305,1172.819989016022,748.354663244829,222.14739551656396,1274.5619309730941,0.0,1554.1095419537346,904.1818107067459,747.5468505529622,1060.8167708605297,664.3345279712646,1144.0290934422271,739.7260960040481,0.0,1606.1283324694668,0.0,2066.4045205917205,1882.4707773974028,661.8943166646486,3103.047238130157,13.46307190037328,3751.478482894432,1530.5785886397894,712.8925454416958,2348.264631837883,278.4968349927087,2782.66034228687,2476.075062619116,1964.3886304533341,2987.7614947848983,1692.5552133652623,3259.59491187297,378.4194736842105,378.4194736842105,378.4194736842105,378.4194736842105,378.4194736842105,547.1438888888889,547.1438888888889,547.1438888888889,547.1438888888889,547.1438888888889,665.7152631578947,665.7152631578947,665.7152631578947,665.7152631578947,665.7152631578947,1042.4389473684212,1042.4389473684212,1042.4389473684212,1042.4389473684212,1042.4389473684212,1552.766842105263,1552.766842105263,1552.766842105263,1552.766842105263,1552.766842105263,3818.9926315789476,3818.9926315789476,3818.9926315789476,3818.9926315789476,3818.9926315789476,247.0662542418445,207.11125972516646,287.0212487585225,185.88516888818125,308.24733959550775,452.0500040283273,210.3295981215452,693.7704099351095,81.91563248356721,822.1843755730874,559.606111694563,471.1830285232768,648.0291948658491,424.20826558853105,695.0039578005949,285.2577813201609,283.2744644177515,287.2410982225703,282.22082731334655,288.2947353269753,652.4771149455914,567.3537057556416,737.6005241355413,522.1318946234808,782.8223352677021,689.674901022531,511.5864731355657,867.7633289094963,416.97699582061534,962.3728062244467,806.1360090122372,669.0931501612904,943.178867863184,596.2891313967249,1015.9828866277495,896.9828345278177,553.0158792345892,1240.9497898210461,370.28343423506146,1423.6822348205737,1315.343200443449,1300.3228741783316,1330.3635267085663,1292.343325849988,1338.3430750369098,322.2442971553421,0.0,720.2729184086998,0.0,931.7256234495459,460.68480571010656,372.03167233354424,549.3379390866689,324.93469522724547,596.4349161929676,357.6603442815747,0.0,850.9909947809444,0.0,1113.0729028587348,608.8024113871732,413.74921693003523,803.8556058443111,310.1272073746807,907.4776153996656,858.0283937520715,565.1956739343018,1150.861113569841,409.6282915311116,1306.4284959730312,1077.5487800745937,826.51264800955,1328.5849121396373,693.1497028499956,1461.9478572991916,480.59999999999997,480.59999999999997,480.59999999999997,480.59999999999997,480.59999999999997,698.67,698.67,698.67,698.67,698.67,795.357894736842,795.357894736842,795.357894736842,795.357894736842,795.357894736842
2030-06-01,388.0373402574084,357.33506868692444,418.73961182789236,341.02448691510483,435.050193599712,235.6876194634384,145.31900933050136,326.0562295963755,97.31068519737855,374.06455372949824,446.2967600841546,338.6691045881212,553.924415580188,281.4919126058535,611.1016075624557,436.29161729276086,384.9728945211749,487.6103400643468,357.70982304876986,514.8734115367519,504.9358069722956,439.86681112510166,570.0048028194896,405.2989070812798,604.5727068633114,663.6890567916005,494.88043401670313,832.4976795664978,405.200853167539,922.177260415662,766.2888699560173,524.5659124422448,1008.0118274697898,396.1505912630532,1136.4271486489813,1551.329464534461,1079.7010110342162,2022.957918034706,829.1483951122113,2273.510533956711,1719.5511543871964,1261.051535205979,2178.050773568414,1017.4736125159573,2421.6286962584354,412.6509920795834,250.03510463554574,575.266879523621,163.64541443090076,661.656569728266,480.1941503345739,151.26405474985603,809.1242459192918,0.0,983.8683591986731,615.5143421531736,272.44574165698083,958.5829426493665,90.19054764337841,1140.8381366629687,749.9464726154422,218.39686215786878,1281.4960830730156,0.0,1563.8818136286013,901.4748735082454,743.2496699430667,1059.7000770734242,659.1925305490654,1143.7572164674255,740.3494571230434,0.0,1615.5478808943121,0.0,2080.497043522799,1884.2260561406292,651.2576385109062,3117.1944737703525,0.0,3772.2089456361427,1532.8189347689586,706.8312975875754,2358.806571950342,268.0253653349655,2797.6125042029516,2474.838091374443,1957.9567399093362,2991.71944283955,1683.3635219434982,3266.312660805388,378.4194736842105,378.4194736842105,378.4194736842105,378.4194736842105,378.4194736842105,547.1438888888889,547.1438888888889,547.1438888888889,547.1438888888889,547.1438888888889,665.7152631578947,665.7152631578947,665.7152631578947,665.7152631578947,665.7152631578947,1042.4389473684212,1042.4389473684212,1042.4389473684212,1042.4389473684212,1042.4389473684212,1552.766842105263,1552.766842105263,1552.766842105263,1552.766842105263,1552.766842105263,3818.9926315789476,3818.9926315789476,3818.9926315789476,3818.9926315789476,3818.9926315789476,247.4549737898864,207.09433441129445,287.81561316847836,185.65274474141748,309.2572028383553,450.7071592421274,206.5326761451982,694.8816423390565,76.81498199995457,824.5993364843002,559.4176213123561,470.09681884972963,648.7384237749826,422.6451425414593,696.1901000832529,284.7904250871346,282.7869724715124,286.79387770275684,281.72263826946306,287.8582119048062,649.1877463025274,563.2001179083406,735.1753746967142,517.5191903239288,780.8563022811261,686.9703323844428,507.07385379912193,866.8668109697637,411.50384955067017,962.4368152182155,794.671047994625,656.2368554136317,933.1052405756184,582.6936906049789,1006.6484053842712,880.9319157068736,533.4728205755423,1228.391010838205,348.88517628702266,1412.9786551267246,1317.261482483802,1302.0886616870894,1332.4343032805145,1294.028100638836,1340.494864328768,322.3861295550355,0.0,724.4557541187228,0.0,938.0552421681817,458.2472244076956,368.6940361448347,547.8004126705566,321.1189048801898,595.3755439352014,356.58733663187974,0.0,854.9265485394155,0.0,1119.6692548652939,609.3212209385786,412.28774023466354,806.3547016424936,307.6137036107087,911.0287382664485,853.4065427086338,557.6008256565691,1149.2122597606985,400.4540384726597,1306.3590469446078,1071.4599255000126,817.8751379199639,1325.0447130800612,683.1582195180631,1459.761631481962,480.59999999999997,480.59999999999997,480.59999999999997,480.59999999999997,480.59999999999997,698.67,698.67,698.67,698.67,698.67,795.357894736842,795.357894736842,795.357894736842,795.357894736842,795.357894736842
2030-07-01,388.1245324033465,357.1167580688429,419.1323067378501,340.6438779536378,435.6051868530552,230.48433704452722,139.21651461347574,321.7521594755787,90.7304839469796,370.2381901420748,444.5402207552312,335.84161693657904,553.2388245738833,278.09548365792006,610.9849578525423,430.70930598511126,378.87993657890456,482.53867539131795,351.3455840818573,510.07302788836523,497.87604513192787,432.15958064262816,563.5925096212276,397.2477088826877,598.5043813811681,654.7008528687791,484.2125009334614,825.1892048040968,393.6405639678239,915.7611417697342,760.5216290079691,516.3934086953859,1004.6498493205522,386.70029165432607,1134.342966361612,1535.5963398107785,1059.2749502909994,2011.9177293305577,806.2292121086168,2264.96346751294,1705.9533895536895,1242.8914727379056,2169.0153063694734,996.8898294295205,2415.0169496778585,413.0440908092148,248.81009497949583,577.2780866389338,161.56078469495762,664.527396923472,479.7985297509254,147.59541727754856,812.0016422243023,0.0,988.4845457257836,651.6411593623086,305.158856871482,998.1234618531353,121.0901336732303,1182.1921850513868,751.6008828340675,214.76209125399737,1288.4396744141377,0.0,1573.6352824410499,900.1194213582457,740.319798880259,1059.9190438362325,655.4262494388284,1144.812593277663,741.1266111546607,0.0,1625.0336914471245,0.0,2094.609327852496,1886.15528804101,640.9182257714233,3131.3923503105966,0.0,3792.9245396413144,1535.187285532093,700.9806634581527,2369.3939076060333,257.8083954813719,2812.566175582814,2477.7108885997,1955.6863124327888,2999.735464766611,1678.360756344117,3277.061020855283,378.4194736842105,378.4194736842105,378.4194736842105,378.4194736842105,378.4194736842105,547.1438888888889,547.1438888888889,547.1438888888889,547.1438888888889,547.1438888888889,665.7152631578947,665.7152631578947,665.7152631578947,665.7152631578947,665.7152631578947,1042.4389473684212,1042.4389473684212,1042.4389473684212,1042.4389473684212,1042.4389473684212,1552.766842105263,1552.766842105263,1552.766842105263,1552.766842105263,1552.766842105263,3818.9926315789476,3818.9926315789476,3818.9926315789476,3818.9926315789476,3818.9926315789476,247.7264560237264,206.96420835177236,288.48870369568044,185.3092642760468,310.143647771406,449.7258126190096,203.12167283306522,696.329952404954,72.11322357178227,827.3384016662369,559.1211100454306,468.9115214884546,649.3306986024065,420.98767756756104,697.2545425233001,284.3419196851134,282.3185317265883,286.3653076436385,281.2436068736218,287.440232496605,647.0819856129478,560.2387378524345,733.9252333734612,514.1032624796618,780.0607087462339,687.0922678064821,505.4057304198425,868.7788051931218,408.8847574331902,965.2997781797741,785.0513475859373,645.2396664249463,924.8630287469282,570.9647108081698,999.1379843637047,867.3312361121533,516.4147513963833,1218.2477208279233,329.9903688911305,1404.672103333176,1317.831131532256,1302.5073336757278,1333.1549293887842,1294.3665660644472,1341.2956970000648,322.5018638756903,0.0,728.572279760325,0.0,944.2971881990372,456.0977786394834,365.6534919288001,546.5420653501667,317.60496461374964,594.5905926652172,355.7602173424105,0.0,859.0581505063728,0.0,1126.4351774997278,609.9492152347561,410.95515409557026,808.943276373942,305.23955911537774,914.6588713541346,849.9924843433228,551.2433543270165,1148.741614359629,392.5328790058538,1307.4520896807917,1065.2348140705917,809.1267326247716,1321.3428955164118,673.0693143566798,1457.4003137845036,480.59999999999997,480.59999999999997,480.59999999999997,480.59999999999997,480.59999999999997,698.67,698.67,698.67,698.67,698.67,795.357894736842,795.357894736842,795.357894736842,795.357894736842,795.357894736842
2030-08-01,388.2868580817108,356.9765617118063,419.5971544516153,340.34296676529453,436.2307493981271,227.01631223662915,134.8580509398082,319.1745735334501,85.89897462587211,368.1336498473862,444.01766843508153,334.2585653197783,553.7767715503848,275.94904178977356,612.0862950803895,426.8713891799991,374.53635541500404,479.20642294499413,346.7333687273504,507.00940963264776,492.97992208556764,426.62230617462166,559.3375379965137,391.3698227219316,594.5900214492037,648.5089287600318,476.35723644164693,820.6606210784167,384.9016498975049,912.1162076225587,757.9400165146503,511.4300010654332,1004.4500319638674,380.47155535803665,1135.4084776712639,1526.683640306918,1045.7151027942512,2007.652177819585,790.2005672406468,2263.1667133731894,1702.3993611017534,1234.8196600657757,2169.979062137731,986.4179438904126,2418.380778313094,413.7517343977039,247.91541773823275,579.5880510571751,159.81487451288868,667.6885942825191,480.055968865154,144.61177366627084,815.5001640640371,0.0,993.7048927634438,615.1854307274384,265.32273304122754,965.0481284136492,79.45817489542799,1150.912686559449,753.3215073167634,211.24514008360143,1295.3978745499253,0.0,1583.3759446425424,901.6385094810792,740.2798293768717,1062.9971895852866,654.5580305715115,1148.7189883906467,742.1268899920924,0.0,1634.6576582071618,0.0,2108.8146288214175,1889.7371480160757,632.3511437885606,3147.123152243591,0.0,3815.1094669894583,1537.796746537365,695.451330542511,2380.142162532219,247.95532829524473,2827.638164779485,2486.2300680250837,1959.1124485585256,3013.347687491642,1679.0812132169167,3293.3789228332507,378.4194736842105,378.4194736842105,378.4194736842105,378.4194736842105,378.4194736842105,547.1438888888889,547.1438888888889,547.1438888888889,547.1438888888889,547.1438888888889,665.7152631578947,665.7152631578947,665.7152631578947,665.7152631578947,665.7152631578947,1042.4389473684212,1042.4389473684212,1042.4389473684212,1042.4389473684212,1042.4389473684212,1552.766842105263,1552.766842105263,1552.766842105263,1552.766842105263,1552.766842105263,3818.9926315789476,3818.9926315789476,3818.9926315789476,3818.9926315789476,3818.9926315789476,247.94209985984978,206.78216230534545,289.10203741435413,184.91594547951502,310.96825424018454,449.68310680167514,200.67301599514045,698.6931976082099,68.38640525416889,830.9798083491814,559.0453543588437,467.9556514135039,650.1350573041835,419.56424672379217,698.5264619938953,283.9686585395097,281.9255297431864,286.011787335833,280.8401175701397,287.0971995088797,647.8981974547946,560.2076784328899,735.5887164766993,513.6220902025029,782.1743047070863,690.1328864083353,506.67375546169967,873.5920173549708,409.21109214629956,971.054680670371,779.1544999184524,637.9787700546631,920.3302297822418,562.9791635645249,995.3298362723799,857.4431394658372,503.10299821584726,1211.7832807158272,314.85979817679015,1400.0264807548842,1317.1251882960112,1301.6518864322743,1332.598490159748,1293.4316948171643,1340.818681774858,322.6040863538235,0.0,732.6362586484568,0.0,950.4658501799807,454.62134723204144,363.2946563406862,545.9480381233967,314.7773518046537,594.4653426594292,355.27665002187064,0.0,863.4849232028655,0.0,1133.470568330269,610.7116146998337,409.77610211175966,811.6471272879078,303.0291110493454,918.3941183503221,848.705556308486,547.0417316123294,1150.3693810046427,386.7828247424961,1310.628287874476,1060.7200508248402,802.1132947806503,1319.32680686903,664.7284556321745,1456.711646017506,480.59999999999997,480.59999999999997,480.59999999999997,480.59999999999997,480.59999999999997,698.67,698.67,698.67,698.67,698.67,795.357894736842,795.357894736842,795.357894736842,795.357894736842,795.357894736842
2030-09-01,388.55349220189095,356.9435689441067,420.1634154596752,340.15079721340874,436.95618719037316,225.59114433681148,132.5509657084345,318.6313229651885,83.12337081210924,368.0589178615137,444.8683308380806,334.058877445208,555.6777842309533,275.1913553302444,614.5453063459169,424.9129411658908,372.07708226948114,477.74880006230046,344.00803223076355,505.81785010101805,490.7639778552465,423.77134636643365,557.7566093440593,388.18151088800187,593.3464448224911,645.8036571348862,472.0045426649125,819.6027716048599,379.6737631027389,911.9335511670334,759.2865690235511,510.4175523088195,1008.1555857382828,378.2058871791184,1140.3672508679838,1526.5605935459998,1040.9893814255793,2012.1318056664204,783.0296749866059,2270.091512105394,1710.3161440101007,1238.2618941227804,2182.3703938974213,987.4830738701415,2433.14921415006,414.88871172542036,247.46540850820202,582.3120149426387,158.52177867405476,671.255644776786,481.14541135815773,142.4911507201822,819.7996719961333,0.0,999.7097479600577,652.3510401832792,299.14029781379617,1005.5617825527622,111.49709093000831,1193.20498943655,755.103535505845,207.83971642015592,1302.367354591534,0.0,1593.1012584808063,906.82343330775,743.9206158188041,1069.7262507966957,657.3784940278017,1156.2683725876982,743.3870305101755,0.0,1644.4589576225544,0.0,2123.1534189010054,1896.125083234839,626.7064028914765,3165.5437635782014,0.0,3839.9224375106123,1540.7367514438815,690.3304300991533,2391.14307278861,238.55207188476652,2842.9214310029965,2500.5218727345273,1968.3599505887023,3032.6837948803523,1685.6489294487328,3315.3948160203217,378.4194736842105,378.4194736842105,378.4194736842105,378.4194736842105,378.4194736842105,547.1438888888889,547.1438888888889,547.1438888888889,547.1438888888889,547.1438888888889,665.7152631578947,665.7152631578947,665.7152631578947,665.7152631578947,665.7152631578947,1042.4389473684212,1042.4389473684212,1042.4389473684212,1042.4389473684212,1042.4389473684212,1552.766842105263,1552.766842105263,1552.766842105263,1552.766842105263,1552.766842105263,3818.9926315789476,3818.9926315789476,3818.9926315789476,3818.9926315789476,3818.9926315789476,248.1650868169164,206.6112652873426,289.71890834649025,184.53579759975653,311.7943760340763,450.9085630448073,199.51554626154083,702.3015798280737,65.9630060954305,835.8541199941841,559.465627086164,467.50423248102766,651.4270216913003,418.649741597049,700.281512575279,283.70692120760253,281.6442404940586,285.7696019211465,280.5484413649883,286.86540105021675,652.5432587510386,564.0135768863206,741.0729406157566,516.9821833956892,788.104334106388,695.2957713123228,510.0810105942776,880.510532030368,411.68566896281607,978.9058736618296,777.9122978528246,635.3855732848172,920.4390224208321,559.6682508580632,996.1563448475861,851.634319958134,493.90328669871366,1209.3653532175545,303.8586752796466,1399.4099646366215,1315.4450757060747,1299.823700594232,1331.0664508179175,1291.5248450660654,1339.365306346084,322.71105596260435,0.0,736.667070505927,0.0,956.5812032320671,454.08421030283534,361.8835598727759,546.2848607328948,312.9019643318068,595.2664562738639,355.2508198906695,0.0,868.3224409457628,0.0,1140.891739631281,611.6222180477406,408.7638337758598,814.4806023196214,300.9953171314232,922.249118964058,850.1125086108002,545.5618829750492,1154.6631342465512,383.7693631060566,1316.455654115544,1059.426431715376,798.3449134848827,1320.5079499458695,659.6453569249329,1459.2075065058193,480.59999999999997,480.59999999999997,480.59999999999997,480.59999999999997,480.59999999999997,698.67,698.67,698.67,698.67,698.67,795.357894736842,795.357894736842,795.357894736842,795.357894736842,795.357894736842
2030-10-01,388.9220980283609,357.0153614676475,420.8288345890743,340.06490766976844,437.77928838695334,225.9784651734515,132.06465067767311,319.8922796692299,82.17293672679085,369.78399362011214,446.86697628991664,335.0170357187269,558.7169168611064,275.5967547902824,618.1371977895509,424.4959195553903,371.163938423433,477.82790068734755,342.8313234470807,506.16051566369987,491.11093899317194,423.489254910275,558.7326230760689,387.565235241236,594.6566427451079,646.4635969818203,471.03253014070975,821.8946638229309,377.8347758813698,915.0924180822708,764.358089407275,513.1522231454747,1015.5639556690752,379.6991066938934,1149.0170721206566,1534.898132913312,1044.7674666587764,2025.0287991678479,784.3855502110542,2285.41071561557,1728.7412400728826,1252.2544586691724,2205.228021476593,999.1208560484513,2458.3616240973142,416.5045639044417,247.50917640185665,585.4999514070267,157.73037679110837,675.278751017775,483.0659193926547,141.23173677792357,824.9001020073858,0.0,1006.4995115214617,617.5011836720829,260.9738357475097,974.0285315966561,71.56868216258022,1163.4336851815856,756.9356636263017,204.53310439272445,1309.338222859879,0.0,1602.8020824527166,915.4605210552295,751.0280660875387,1079.8929760229203,663.673324385953,1167.247717724506,744.9003369672929,0.0,1654.433218972914,0.0,2137.6225625384,1905.8076207500987,624.4692546726092,3187.1459868275883,0.0,3867.8569938062546,1544.0461610749107,685.6546286617566,2402.4376934880647,229.63412706726854,2858.458195082553,2519.2656023083055,1982.1067449748466,3056.4244596417643,1696.7411020164468,3341.790102600164,378.4194736842105,378.4194736842105,378.4194736842105,378.4194736842105,378.4194736842105,547.1438888888889,547.1438888888889,547.1438888888889,547.1438888888889,547.1438888888889,665.7152631578947,665.7152631578947,665.7152631578947,665.7152631578947,665.7152631578947,1042.4389473684212,1042.4389473684212,1042.4389473684212,1042.4389473684212,1042.4389473684212,1552.766842105263,1552.766842105263,1552.766842105263,1552.766842105263,1552.766842105263,3818.9926315789476,3818.9926315789476,3818.9926315789476,3818.9926315789476,3818.9926315789476,248.4428386914866,206.49883187367476,290.38684550929844,184.21607825171222,312.66959913126095,453.4011690638599,199.6476026824103,707.1547354453096,64.84102054226526,841.9613175854546,560.5333611475528,467.70846032469734,653.3582619704082,418.39523176255545,702.6714905325501,283.56239614056403,281.48034710807536,285.6444451730527,280.3742585595657,286.75053372156236,660.8573668937463,571.4964021730959,750.2183316143967,524.0233896652505,797.6913441222421,701.1216380296489,514.1677334221475,888.0755426371503,414.84847159941245,987.3948044598853,781.0959320795041,637.230899046471,924.9609651125372,560.8026002476722,1001.389263911336,849.3395716408988,488.24948784927466,1210.429655432523,296.42038083497425,1402.2587624468233,1313.2943840617597,1297.5263261533335,1329.062441970186,1289.149545389482,1337.4392227340375,322.8416603579965,0.0,740.6846711126665,0.0,962.6637705760849,454.5815731370266,361.515169906393,547.6479763676602,312.0736431901189,597.0895030839343,355.7772591629377,0.0,873.6665598195489,0.0,1148.7952507933735,612.6813341831185,407.91813456032475,817.4445338059122,299.1376847607156,926.2249836055213,854.2641669198551,546.8538482577435,1161.6744855819668,383.54211646849666,1324.9862173712136,1062.1047028058663,798.5716611367429,1325.6377444749896,658.5697327500212,1465.6396728617115,480.59999999999997,480.59999999999997,480.59999999999997,480.59999999999997,480.59999999999997,698.67,698.67,698.67,698.67,698.67,795.357894736842,795.357894736842,795.357894736842,795.357894736842,795.357894736842
2030-11-01,389.3574110927062,357.1565970106597,421.55822517475264,340.04991452957256,438.6649076558398,227.48070112216303,132.70130321789983,322.26009902642625,82.34974808126003,372.611654163066,449.4945577379817,336.6137203459331,562.3753951300304,276.6457754814072,622.3433399945562,424.90196394313887,371.07843342350844,478.7254944627693,342.4846828349548,507.3192450513229,493.29856877555295,425.05363018946906,561.5435073616368,388.798506565612,597.7986309854939,649.5941469872032,472.5461697734736,826.6421242009328,378.4894318786797,920.6988620957268,772.0609096979615,518.5397330516594,1025.5820863442636,383.85660795831126,1160.2652114376117,1549.1628627436214,1054.5147676637598,2043.810957823483,791.7329671525835,2306.5927583346593,1754.4909322871795,1273.6124748072737,2235.369389767085,1018.1457942710738,2490.836070303285,418.57142399535337,248.01844239100524,589.1244055997015,157.41217091369532,679.7306770770115,485.61723815405935,140.63244347535363,830.6020328327651,0.0,1013.8752050058275,656.5462547813388,296.7328710515809,1016.3596385110967,105.58201094514698,1207.5104986175306,758.8031761769394,201.30924148763916,1316.2971108662396,0.0,1612.4657636699303,926.3289559602995,760.3809624576165,1092.2769494629824,672.2210909093162,1180.4368210112827,746.6159418869117,0.0,1664.5317926427886,0.0,2152.1745883568483,1918.439282797416,625.2910968730116,3211.58746872182,0.0,3898.57244249416,1547.6975440657636,681.3944017107722,2414.0006864207553,221.17085733468298,2874.2242307968445,2540.0274536513293,1997.9177187805794,3082.137188522079,1709.9219221304934,3370.1329851721653,378.4194736842105,378.4194736842105,378.4194736842105,378.4194736842105,378.4194736842105,547.1438888888889,547.1438888888889,547.1438888888889,547.1438888888889,547.1438888888889,665.7152631578947,665.7152631578947,665.7152631578947,665.7152631578947,665.7152631578947,1042.4389473684212,1042.4389473684212,1042.4389473684212,1042.4389473684212,1042.4389473684212,1552.766842105263,1552.766842105263,1552.766842105263,1552.766842105263,1552.766842105263,3818.9926315789476,3818.9926315789476,3818.9926315789476,3818.9926315789476,3818.9926315789476,248.79422913994273,206.46363344187085,291.1248248380146,183.9755044772702,313.61295380261527,456.83464339379225,200.74228502435983,712.9270017632247,64.6932196405989,848.9760671469855,562.2372936814514,468.5568457329905,655.9177416299124,418.7891077603706,705.6854796025323,283.50805040730876,281.40681157715454,285.609289237463,280.2905284486351,286.72557236598243,671.6545023246499,581.4699168316598,761.83908781764,533.5593557885088,809.749648860791,705.8843660890354,517.2073475940987,894.5613845839722,416.97268151866353,994.7960506594073,787.3970272054223,642.2060211371856,932.588033273659,565.073299163435,1009.7207552474097,849.2547162532423,484.83654290230766,1213.672889604177,291.2393883096237,1407.270044196861,1311.2993283884773,1295.3859396851851,1327.2127170917695,1286.931951936561,1335.6667048403935,323.01009374621566,0.0,744.7042735690618,0.0,968.7293065999488,456.0270234984355,362.10284726649957,549.9511997303714,312.2056286432836,599.8484183535874,356.89321965774457,0.0,879.5557944965082,0.0,1157.2202873796014,613.8757893409339,407.225331392905,820.5262472889628,297.4422756080147,930.3093030738531,860.6571833331186,550.413529949597,1170.9008367166402,385.596589089601,1335.7177775766363,1068.51973702729,802.5577680519865,1334.4817060025935,661.2654720338567,1475.7740020207232,480.59999999999997,480.59999999999997,480.59999999999997,480.59999999999997,480.59999999999997,698.67,698.67,698.67,698.67,698.67,795.357894736842,795.357894736842,795.357894736842,795.357894736842,795.357894736842
2030-12-01,389.7986274467548,357.3063973426472,422.29085755086237,340.04490009984,439.55235479366956,229.1257120346135,133.48856453929233,324.7628595299347,82.68132993240292,375.5700941368241,452.08519576922924,338.18279151505385,565.9876000234046,277.67213925502324,626.4982522834352,425.2227612601084,370.9121300380749,479.53339248214195,342.05960720136954,508.3859153188473,496.18186335195,427.3193109230021,565.044415780898,390.7360799451235,601.6276467587766,653.7632153361327,475.11296132585574,832.4134693464097,380.20501388289614,927.3214167893693,780.695287061223,524.8797543586335,1036.5108197638126,388.9777526103828,1172.4128215120631,1565.290685384632,1066.166045711177,2064.415325058087,801.006080884654,2329.5752898846104,1782.885601681599,1297.6552142530704,2268.1159891101274,1039.8765709316644,2525.8946324315334,420.98950457471153,248.89302561271376,593.0859835367094,157.46677116415242,684.5122379852706,488.4299534716972,140.32306081494994,836.5368461284445,0.0,1021.4686328523416,623.8954280568366,260.82574823767806,986.9651078759953,67.94498083375015,1179.8458752799231,760.6913244732477,198.15209296764897,1323.2305559788465,0.0,1622.079522716196,937.4733770929861,770.0235611825727,1104.9231930033995,681.0658464801656,1193.8809077058065,748.4484578958971,0.0,1674.6714087496962,0.0,2166.727351390777,1932.8890193487553,628.037896370726,3237.7401423267847,0.0,3930.9423014088625,1551.5971171359108,677.4539675375958,2425.7402667342258,213.0654193134908,2890.1288149583306,2559.8743834127927,2012.858578091335,3106.8901887342504,1722.2564315143109,3397.4923353112745,378.4194736842105,378.4194736842105,378.4194736842105,378.4194736842105,378.4194736842105,547.1438888888889,547.1438888888889,547.1438888888889,547.1438888888889,547.1438888888889,665.7152631578947,665.7152631578947,665.7152631578947,665.7152631578947,665.7152631578947,1042.4389473684212,1042.4389473684212,1042.4389473684212,1042.4389473684212,1042.4389473684212,1552.766842105263,1552.766842105263,1552.766842105263,1552.766842105263,1552.766842105263,3818.9926315789476,3818.9926315789476,3818.9926315789476,3818.9926315789476,3818.9926315789476,249.20494378482684,206.49125796430093,291.91862960535275,183.79961237214656,314.6102751975071,460.6489042435962,202.23892073070857,719.0588877564837,64.95861698948698,856.3391914977053,564.4060289249724,469.8777768366382,658.9342810133065,419.65964291471073,709.152414935234,283.49094187702906,281.37068692325374,285.6111968308044,280.2443014790606,286.7375822749975,683.0257338259526,592.0249816022507,774.0264860496544,543.680831983409,822.3706356684961,708.0496180439313,517.665080414725,898.4341556731376,416.52329479920917,999.5759412886534,794.7802873200814,648.2753087131489,941.2852659270138,570.444538828216,1019.1160358119467,849.7042099324444,481.98806733843,1217.4203525264588,286.6388665853599,1412.769553279529,1310.0926915115765,1294.0352873053964,1326.1500957177566,1285.5047913208632,1334.6805917022898,323.2216936446745,0.0,748.7321881761238,0.0,974.7846383959563,458.18562189343083,363.41143579083945,552.9598079960222,313.0626494238378,603.3085943630239,358.55033246241305,0.0,885.9429817661161,0.0,1166.1203267087083,615.180956039153,406.66032008075183,823.7015919975541,295.8837322278512,934.4781798504548,868.3323878775101,555.2810423931495,1181.3837333618708,388.97251510458295,1347.6922606504372,1077.4848830529468,809.115969370567,1345.8537967353266,666.5449839768028,1488.4247821290908,480.59999999999997,480.59999999999997,480.59999999999997,480.59999999999997,480.59999999999997,698.67,698.67,698.67,698.67,698.67,795.357894736842,795.357894736842,795.357894736842,795.357894736842,795.357894736842
2031-01-01,390.1737039889026,357.3926483815853,422.95475959621996,339.97771259019794,440.3696953876073,229.92877309350493,133.44150090183706,326.4160452851728,82.18263755001354,377.6749086369963,454.0091295603633,339.09423957898167,568.9240195417449,278.0457042763727,629.9725548443539,424.59666654126386,369.8032646586114,479.3900684239163,340.69426990845227,508.49906317407545,498.47995537428744,429.00527933012836,567.9546314184465,392.0968576816689,604.863053066906,657.3702756805534,477.13198818203205,837.6085631790747,381.3803979484426,933.3601534126642,788.3928057410667,530.3033124723679,1046.4822990097655,393.19326917337156,1183.5923423087618,1578.7577757438153,1075.196385353153,2082.3191661344777,807.6793967081136,2349.836154779517,1808.8461563663145,1319.302525113873,2298.389787618756,1059.2324710110136,2558.4598417216157,423.6087287621044,249.98247323575384,597.234984288455,157.7435249873801,689.4739325368287,491.0422837271162,139.8410467264991,842.2435207277333,0.0,1028.819177884311,664.899507189231,298.6024778579591,1031.1965365205028,104.00718102572091,1225.7918333527412,762.5881113117711,195.04843274254392,1330.127789880998,0.0,1631.6332441209001,946.681075109273,777.7427871183733,1115.6193631001727,687.9943216232078,1205.3678285953383,750.2956264743002,0.0,1684.75183214033,0.0,2181.1816914004085,1947.4951905597438,631.0451628281662,3263.9452182913215,0.0,3963.3092955237216,1555.6007567231575,673.6872929835499,2437.514220462765,205.17076537188336,2906.0307480744314,2576.1041403695845,2024.2258767087199,3127.9824040304493,1731.0405491388856,3421.1677316002833,378.4194736842105,378.4194736842105,378.4194736842105,378.4194736842105,378.4194736842105,547.1438888888889,547.1438888888889,547.1438888888889,547.1438888888889,547.1438888888889,665.7152631578947,665.7152631578947,665.7152631578947,665.7152631578947,665.7152631578947,1042.4389473684212,1042.4389473684212,1042.4389473684212,1042.4389473684212,1042.4389473684212,1552.766842105263,1552.766842105263,1552.766842105263,1552.766842105263,1552.766842105263,3818.9926315789476,3818.9926315789476,3818.9926315789476,3818.9926315789476,3818.9926315789476,249.632169122028,206.53879862730372,292.72553961675226,183.64544555198148,315.6188926920745,464.20269106340606,203.49568474588511,724.909697380927,64.99508763970215,863.4102944871099,566.7509859490101,471.3824662062407,662.1195056917795,420.7179400928944,712.7840318051258,283.4461604176892,281.3070583825657,285.58526245281274,280.1706604264063,286.7216604089721,692.8233347245637,601.0136710174314,784.6329984316959,552.2397871730174,833.40688227611,706.6726773246721,514.5957994126375,898.7495552367068,412.55495802186914,1000.790396627475,801.0122572178789,653.204986523475,948.8195279122828,574.6823739670729,1027.3421404686849,849.0840520544815,478.09925724475994,1220.0688468642031,281.0135850020954,1417.1545191068676,1310.1881092881085,1293.9879697930537,1326.3882487831634,1285.3816456863058,1334.9945728899113,323.47106712610145,0.0,752.7639515492355,0.0,980.8257963990254,460.74093108657274,365.1242912064269,556.3575709667186,314.32795127009945,607.153910903046,360.6041996184381,0.0,892.6848757776754,0.0,1175.3527349872702,616.5643101777915,406.1901210032113,826.9384993523718,294.4288330042156,938.6997873513674,876.0854403148733,560.2513614785605,1191.919519151186,392.46450709676935,1359.706373532977,1087.1487236093499,816.3942615576582,1357.9031856610416,672.5559535926969,1501.741493626003,480.59999999999997,480.59999999999997,480.59999999999997,480.59999999999997,480.59999999999997,698.67,698.67,698.67,698.67,698.67,795.357894736842,795.357894736842,795.357894736842,795.357894736842,795.357894736842
2031-02-01,390.4168291482709,357.34947067617964,423.48418762036215,339.7824364878811,441.05122180866067,229.15322456792035,131.82325277641013,326.48319635943056,80.11670526217034,378.18974387367035,454.8419767892228,338.92344425889576,570.7605093195499,277.3417238521595,632.3422297262862,422.42833537259,367.1563794092626,477.7002913359174,337.793152803745,507.06351794143507,499.09179853274793,429.0103452383699,569.173251827126,391.77957317573157,606.4040238897643,659.0503438757055,477.23789297406125,840.8627947773498,380.6500284325628,937.4506593188482,793.59053285562,533.2469400796928,1053.9341256315474,394.9394064174814,1192.2416592937586,1585.7615579026929,1077.802167936135,2093.7209478692507,807.9487420164011,2363.5743737889848,1828.0784902793625,1334.2592876195097,2321.8976929392156,1071.9178362064627,2584.2391443522624,426.26088049516835,251.1182096662529,601.4035513240838,158.07366578839162,694.4480952019451,493.00071886623664,138.73216391619445,847.2692738162789,0.0,1035.4744436334886,633.8442939051907,264.3481031401938,1003.3404846701876,68.05325179628915,1199.6353360140924,764.485790126492,191.98933903005627,1336.9822412229278,0.0,1641.120980867909,952.0383737624733,781.6246141942945,1122.452133330652,691.0923044236996,1212.984443101247,752.0595153993497,0.0,1694.6770655898754,0.0,2195.442639128592,1960.4611473306172,632.5135211450367,3288.4087735161975,0.0,3993.8809499272875,1559.5423003247806,669.9263893493071,2449.158211300254,197.3179366435868,2921.7666640059742,2586.898129192765,2030.199876517962,3143.5963818675677,1734.453929784473,3439.3423286010566,378.4194736842105,378.4194736842105,378.4194736842105,378.4194736842105,378.4194736842105,547.1438888888889,547.1438888888889,547.1438888888889,547.1438888888889,547.1438888888889,665.7152631578947,665.7152631578947,665.7152631578947,665.7152631578947,665.7152631578947,1042.4389473684212,1042.4389473684212,1042.4389473684212,1042.4389473684212,1042.4389473684212,1552.766842105263,1552.766842105263,1552.766842105263,1552.766842105263,1552.766842105263,3818.9926315789476,3818.9926315789476,3818.9926315789476,3818.9926315789476,3818.9926315789476,250.01726776805012,206.54752881304205,293.4870067230582,183.45422999319402,316.5803055429062,466.9460463511008,203.96207971633243,729.9300129858691,64.25184744161174,869.6402452605898,568.9380838759091,472.7366354825593,665.139532269259,421.6296160235922,716.246551728226,283.3141637727682,281.15637926908613,285.4719482764503,280.01005625150503,286.6182712940314,699.1965947538775,606.5850846984106,791.8081048093445,557.3852199814438,841.0079695263113,701.6295887283617,507.8751516473425,895.3840258093809,404.943106948051,998.3160705086723,804.2251785872579,655.1269901890087,953.3233669855072,575.9185776024387,1032.531779572077,846.2624559445374,472.0375577405283,1220.4873541485463,273.2305805696486,1419.294331319426,1311.8747003002798,1295.5330721843968,1328.2163284161627,1286.851582247834,1336.8978183527256,323.743027707196,0.0,756.7852661508264,0.0,986.8389553240049,463.3775654332283,366.9258298732584,559.8293009931982,315.6858453570244,611.0692855094322,362.8260893212464,0.0,899.5538465171676,0.0,1184.6904675275007,617.9897128004045,405.7781595776168,830.2012660231921,293.0407719280108,942.9386536727982,882.7360872151509,564.1435797715577,1201.328594658744,394.89131019214886,1370.5808642381528,1095.4590349966686,822.3398602565172,1368.57820973682,677.2452986758118,1513.6727713175255,480.59999999999997,480.59999999999997,480.59999999999997,480.59999999999997,480.59999999999997,698.67,698.67,698.67,698.67,698.67,795.357894736842,795.357894736842,795.357894736842,795.357894736842,795.357894736842
2031-03-01,390.48447369649216,357.13327003135373,423.8356773616306,339.415443084249,441.55350430873534,228.735965464664,130.57052794776934,326.90140298155865,78.42013926691905,379.05179166240896,454.47471545032465,337.56115580673173,571.3882750939175,275.450827246073,633.4986036545763,418.53313674298704,362.7867346873374,474.2795387986367,333.1714585952735,503.89481489070056,497.3577323461097,426.67471047902103,568.0407542131984,389.12435511213016,605.5911095800892,658.0059672975908,474.63286587503774,841.3790687201439,377.21590574430644,938.7960288508752,795.4166646899386,532.838321974356,1057.9950074055212,393.34357740670265,1197.4897519731744,1584.1964293730957,1071.8767929953572,2096.516065750834,799.7069861696835,2368.685872576508,1838.0408469394972,1339.9827750930515,2336.0989187859427,1075.3894244246271,2600.6922694543673,428.7940334087534,252.14796444012322,605.4401023773836,158.3047403005384,699.2833265169684,493.9614051704125,136.651862641783,851.2709476990419,0.0,1041.0916421673764,675.5027304778415,302.83484041650115,1048.170620539182,104.85502382141408,1246.150437134269,766.3807688574208,188.97009499906062,1343.791442715781,0.0,1650.5408632030346,952.4190624426438,780.5424969922432,1124.2956278930446,689.2330715967178,1215.60505328857,753.6659379003727,0.0,1704.3747742675446,0.0,2209.4388435876044,1970.2880613739524,630.9415340445369,3309.6345887033676,0.0,4021.16243134712,1563.2671469116342,666.0149077969852,2460.5193860262834,189.34965576732793,2937.1846380559405,2591.725977692642,2030.2491115966054,3153.202843788679,1731.964526483086,3451.487428902198,378.4194736842105,378.4194736842105,378.4194736842105,378.4194736842105,378.4194736842105,547.1438888888889,547.1438888888889,547.1438888888889,547.1438888888889,547.1438888888889,665.7152631578947,665.7152631578947,665.7152631578947,665.7152631578947,665.7152631578947,1042.4389473684212,1042.4389473684212,1042.4389473684212,1042.4389473684212,1042.4389473684212,1552.766842105263,1552.766842105263,1552.766842105263,1552.766842105263,1552.766842105263,3818.9926315789476,3818.9926315789476,3818.9926315789476,3818.9926315789476,3818.9926315789476,250.3029438674416,206.46006726202802,294.1458204728552,183.16853906540206,317.43734866948114,468.56618564160266,203.32480449818075,733.8075667850246,62.415320765737874,874.7170505174674,570.6690652488817,473.641838203945,667.6962922938184,422.09612383632236,719.242006661441,283.05685542181106,280.88054882300855,285.2331620206136,279.7243859423947,286.38932490122744,701.0377437543106,607.631270533816,794.4442169748052,558.0090816354282,844.0664058731929,693.6214377597114,498.20384195848726,889.0390335609355,394.38824418908695,992.8546313303359,803.3671704756546,652.9891458272677,953.7451951240414,573.1008202328122,1033.633520718497,840.8339812215286,463.39679321325804,1218.2711692297992,262.8832870838644,1418.7846753591928,1315.1574182676238,1298.675516092923,1331.6393204423246,1289.9195055626135,1340.3953309726342,324.0161146703509,0.0,760.7755220518126,0.0,992.8039572232142,465.85709223793594,368.57742959927737,563.1367548765945,316.89760882249,614.816575653382,364.9352325396706,0.0,906.2701794505977,0.0,1193.8543699970276,619.4215098485593,405.38836481818305,833.4546548789355,291.6832565207957,947.1597631763228,887.3871707037708,566.0599134659049,1208.7144279416368,395.35480805828865,1379.419533349253,1100.6814124393238,825.2178241003535,1376.1450007782942,678.8777927952756,1522.485032083372,480.59999999999997,480.59999999999997,480.59999999999997,480.59999999999997,480.59999999999997,698.67,698.67,698.67,698.67,698.67,795.357894736842,795.357894736842,795.357894736842,795.357894736842,795.357894736842
2031-04-01,390.3658087018649,356.7331552902577,423.99846211347216,338.8658081653413,441.8658092383885,227.223167787156,128.22931526675688,326.2170203075551,75.63883111529486,378.80750445901714,453.1350954284345,335.2349059752898,571.0352848815792,272.6004303283067,633.6697605285624,413.168675292337,356.95183112363367,469.38551946104036,327.08663265901,499.25071792566405,493.1991397815299,421.91962614209365,564.4786534209661,384.05238452114315,602.3458950419166,654.1804308475932,469.2598496572101,839.1010120379764,371.020790899819,937.3400707953674,793.8868161604718,529.0925831661596,1058.681049154784,388.4206468879313,1199.3529854330122,1574.1654530499954,1057.5223675632747,2090.8085385367162,783.0557283984544,2365.2751777015364,1838.4478193316563,1336.186651265494,2340.7089873978184,1069.3604057303453,2607.535232932967,431.10058925446333,252.96380973082228,609.2373687781044,158.328645608888,703.8725329000387,493.76531878259084,133.44045239443,854.0901851707517,0.0,1045.5127704394622,644.1830185982241,268.37019607123835,1019.9958411252098,68.71963410377725,1219.6464030926709,768.2720667236347,185.988642562241,1350.5554908850283,0.0,1659.8935599707688,947.7753297876943,774.4483034707039,1121.1023561046848,682.3683207398026,1213.182338835586,755.0772924392137,0.0,1713.8091304241927,0.0,2223.1354193537127,1976.1318191898818,625.4825891353823,3326.7810492443814,0.0,4044.3134527108336,1566.6627951545915,661.8386729453186,2471.4869173638644,181.15085802164253,2952.174732287541,2591.398465784114,2025.1833142817238,3157.6136172865035,1724.3815150460791,3458.4154165221485,378.4194736842105,378.4194736842105,378.4194736842105,378.4194736842105,378.4194736842105,547.1438888888889,547.1438888888889,547.1438888888889,547.1438888888889,547.1438888888889,665.7152631578947,665.7152631578947,665.7152631578947,665.7152631578947,665.7152631578947,1042.4389473684212,1042.4389473684212,1042.4389473684212,1042.4389473684212,1042.4389473684212,1552.766842105263,1552.766842105263,1552.766842105263,1552.766842105263,1552.766842105263,3818.9926315789476,3818.9926315789476,3818.9926315789476,3818.9926315789476,3818.9926315789476,250.4501948424594,206.2373295964872,294.6630600884316,182.7492449345645,318.1511447503543,469.0676129821057,201.58786826340167,736.5473577008097,59.48925388159017,878.6459720826213,571.7510034390519,473.9049667125649,669.597040165539,421.92425970161867,721.5777471764852,282.668081229508,280.47340884856993,284.8627536104461,279.3074891461966,286.0286733128194,698.2217414941857,604.02701401845,792.4164689699214,553.9860650469655,842.457417941406,683.953285813016,486.8865671391654,881.0200044868666,382.1948728436822,985.7116987823498,798.4218994107223,646.7748393974734,950.0689594239711,566.2123387654351,1030.6314600560095,833.1637433004305,452.5413748729033,1213.7861117279576,250.33574164577954,1415.9917449550815,1319.7573016094216,1303.1363091867356,1336.3782940321075,1294.3064069621837,1345.2081962566594,324.26777793570926,0.0,764.7129840580388,0.0,998.6994998105263,468.06731757475893,369.96671495860727,566.1679201909105,317.8507698187767,618.2838653307412,366.64484914561666,0.0,912.5481044478256,0.0,1202.559208827124,620.8276680899685,404.9883041593822,836.6670320205548,290.3236420712583,951.3316941086787,889.6076179247304,565.5686901879176,1213.6465456615433,393.4230098277358,1385.7922260217251,1101.8354560799485,824.0472392844514,1379.6236728754457,676.4722491118437,1527.1986630480533,480.59999999999997,480.59999999999997,480.59999999999997,480.59999999999997,480.59999999999997,698.67,698.67,698.67,698.67,698.67,795.357894736842,795.357894736842,795.357894736842,795.357894736842,795.357894736842
2031-05-01,390.0847766911192,356.1730093367472,423.9965440454912,338.1573829297371,442.0121704525013,224.67582822303865,124.86043586906501,324.4912205770123,71.83350868101653,377.5181477650608,451.3152964714852,332.4366654327705,570.1939275102,269.2823926934533,633.3482002495172,406.94630497615395,350.26292298084235,463.62968697146556,320.1498762958331,493.7427336564748,487.1015024063486,415.23044739053694,558.9725574221602,377.04894941338705,597.1540553993101,648.2285706849963,461.7733525487043,834.6837888212883,362.7190179137992,933.7381234561933,789.8613184844867,522.8695852963033,1056.85305167267,381.0302270400808,1198.6924099288926,1557.8947571354606,1036.964103646669,2078.825410624252,760.2196939807483,2355.569820290173,1831.1885671949358,1324.7591851849934,2337.617949204878,1055.7185759922115,2606.6585583976603,433.1321162168829,253.51699782191443,612.7472346118514,158.09646617458742,708.1677662591783,492.46806332168035,129.15289780656815,855.7832288367925,0.0,1048.7944105166957,684.3637440512383,305.43208943707447,1063.2953986654022,104.1246479232999,1264.6028401791768,770.1588824485402,183.04314784362475,1357.2746170534556,0.0,1669.179851062317,939.1538272620933,764.3883777225589,1113.9192768016278,671.5442326546812,1206.7634218695052,756.2958071017509,0.0,1722.9840623244418,0.0,2236.5371979114966,1977.991105427032,616.1329758759914,3339.8492349780727,0.0,4063.3363663020627,1569.6787878930052,657.3456230528188,2482.0119527331917,172.66862923146982,2966.6889465545405,2587.7605351212933,2016.8464221229174,3158.674648119669,1713.5482995925302,3461.972770650056,378.4194736842105,378.4194736842105,378.4194736842105,378.4194736842105,378.4194736842105,547.1438888888889,547.1438888888889,547.1438888888889,547.1438888888889,547.1438888888889,665.7152631578947,665.7152631578947,665.7152631578947,665.7152631578947,665.7152631578947,1042.4389473684212,1042.4389473684212,1042.4389473684212,1042.4389473684212,1042.4389473684212,1552.766842105263,1552.766842105263,1552.766842105263,1552.766842105263,1552.766842105263,3818.9926315789476,3818.9926315789476,3818.9926315789476,3818.9926315789476,3818.9926315789476,250.45040645168956,205.87062316958432,295.0301897337948,182.1876133009659,318.7131996024132,468.7651229945491,199.06559129548197,738.4646546936162,55.78771508035254,881.7425309087456,572.1359165668076,473.4778656123498,670.7939675212655,421.065776042794,723.2060570908212,282.17570976658124,279.96282402454364,284.38859550861883,278.7872284740862,285.5641910590763,691.5799052109162,596.6034653483626,786.5563450734697,546.1472316713811,837.0125787504513,674.1502790847298,475.44812391517326,872.8524342542864,369.8876039813463,978.4129541881134,790.3438186733729,637.4382552553831,943.2493820913627,556.207174689576,1024.4804626571697,824.2158003512327,440.43468590815604,1207.9969147943093,236.5509688602716,1411.880631842194,1325.1709461879436,1308.412017853066,1341.9298745228214,1299.5088371751622,1350.833055200725,324.4798678232969,0.0,768.5802835583838,0.0,1004.5086294176488,470.03251393189146,371.11778447154785,568.9472433922351,318.5693344457403,621.4956934180426,367.71139281830835,0.0,918.1450432722401,0.0,1210.5629200758913,622.1814795499265,404.5508868651524,839.8120722347006,288.93463450136613,955.4283245984868,889.494093507848,562.765999929048,1216.2221870866479,389.1917002153105,1389.7964868003855,1098.9334562909612,818.839903562123,1379.0270090197994,670.0402036749279,1527.8267089069946,480.59999999999997,480.59999999999997,480.59999999999997,480.59999999999997,480.59999999999997,698.67,698.67,698.67,698.67,698.67,795.357894736842,795.357894736842,795.357894736842,795.357894736842,795.357894736842
2031-06-01,389.693321093433,355.504718391819,423.881923795047,337.3420232065866,442.0446189802794,221.980911566763,121.35068616343364,322.6111369700924,67.89087891791493,376.0709442156111,449.6260782039079,329.7769932587556,569.4751631490602,266.1071668816435,633.1449895261724,400.6478449034566,343.5017337447386,457.7939560621746,313.1428621916697,488.1528276152435,479.9483065258396,407.4905392852113,552.4060737664679,368.99735043862756,590.8992626130516,641.2962081039678,453.3188812990699,829.2735349088657,353.4559264339679,929.1364897739678,784.7781163106522,515.6068226060406,1053.9494100152638,372.60957282546576,1196.9466597958385,1539.0781618095602,1013.8949426305005,2064.2613809886197,734.8913574416251,2343.2649661774954,1819.692456871448,1309.1288888617842,2330.256024881112,1037.8919933566503,2601.4929203862457,434.8978145185753,253.81642593039712,615.9792031067534,157.61693824292746,712.178690794223,490.3180810293221,124.03702821754922,856.599133841095,0.0,1051.1859431473495,650.7314756983358,268.70645012860126,1032.7565012680702,65.75565529467985,1235.7072961019917,772.0380831627127,180.12948752634134,1363.946678799084,0.0,1678.3981202309064,928.4322980772383,752.2401681348927,1104.624428019584,658.6380991030217,1198.226497051455,757.3567359638275,0.0,1731.936454819563,0.0,2249.681930461673,1976.6787838924765,603.7032606577375,3349.6543071272154,0.0,4079.047553845671,1572.3313346594296,652.5504285720938,2492.1122407467656,163.9168222131966,2980.7458471056625,2583.1128793508847,2007.5381656511163,3158.687593050653,1701.7640989981146,3464.4616597036547,378.4194736842105,378.4194736842105,378.4194736842105,378.4194736842105,378.4194736842105,547.1438888888889,547.1438888888889,547.1438888888889,547.1438888888889,547.1438888888889,665.7152631578947,665.7152631578947,665.7152631578947,665.7152631578947,665.7152631578947,1042.4389473684212,1042.4389473684212,1042.4389473684212,1042.4389473684212,1042.4389473684212,1552.766842105263,1552.766842105263,1552.766842105263,1552.766842105263,1552.766842105263,3818.9926315789476,3818.9926315789476,3818.9926315789476,3818.9926315789476,3818.9926315789476,250.3292590702078,205.38555315157615,295.2729649888395,181.50920938230308,319.1493087581125,468.19183140424076,196.29063434433596,740.0930284641456,51.84312340626161,884.5405394022199,571.9206053620806,472.4571691999222,671.3840415242389,419.61721873877553,724.2239919853855,281.6347084421494,279.4037580269734,283.86565885732546,278.21856561891116,285.0508512653877,682.6192737004721,586.8675030969872,778.3710443039571,535.9993749638859,829.2391724370584,665.5173838751936,465.1931433820008,865.8416243683863,358.77089061999214,972.263877130395,780.7319786369264,626.5781858270058,934.8857714468471,544.6839833967355,1016.7799738771174,815.2183722353683,428.30429875268976,1202.1324457180467,222.75619721501687,1407.6805472557198,1330.7739310038623,1313.8781928207538,1347.6696691869709,1304.9023319109774,1356.6455300967473,324.6429884403067,0.0,772.3687738447356,0.0,1010.2230973408385,471.8829493056106,372.1607392680576,571.6051593431637,319.1833151856076,624.5825834256136,367.9755654113557,0.0,922.9026263432709,0.0,1217.7076274633507,623.4617821666734,404.05458373715044,842.8689805961964,287.4945095714663,959.4290547618805,887.5983170930733,558.2030111483,1216.9936230378466,383.21175486513914,1391.9848793210076,1092.9592297134827,810.5791610646795,1375.339298362286,660.5647495950028,1525.3537098319625,480.59999999999997,480.59999999999997,480.59999999999997,480.59999999999997,480.59999999999997,698.67,698.67,698.67,698.67,698.67,795.357894736842,795.357894736842,795.357894736842,795.357894736842,795.357894736842
2031-07-01,389.2576247594353,354.79441039570304,423.7208391231676,336.4858277649703,442.02942175390035,220.01517323026798,118.57665993934846,321.4536865211875,64.68744975354747,375.3428967069885,448.61758268101846,327.80583901865015,569.4293263433867,263.624600198017,633.6105651640199,394.9981393131284,337.39301587169575,452.603262754561,306.79029404343464,483.2059845828221,472.7531483990121,399.71338171052724,545.792915087497,360.91100565726964,584.5952911407546,634.6706012868951,445.183392179846,824.1578103939443,344.51831234172624,924.8228902320641,780.235865447957,508.9025185876819,1051.5692123082322,364.7566780681608,1195.7150528277534,1521.8324324843943,992.430806428806,2051.2340585399825,711.1861925867747,2332.478672382014,1807.9211086647747,1293.2565625820423,2322.585654747507,1019.8410224755906,2596.0011948539586,436.4478689245456,253.91198798601064,618.9837498630806,156.93980123741392,715.9559366116773,487.6884514354529,118.46533487240748,856.9115679984984,0.0,1053.061348672616,687.8174919736198,302.7239430085863,1072.9110409386533,98.14299512091225,1277.4919888263273,773.9024469226968,177.23948900107962,1370.565404844314,0.0,1687.542601240173,917.8461748009757,740.2388242929372,1095.4535253090144,645.8849193355418,1189.8074302664097,758.3137095155005,0.0,1740.721503674504,0.0,2262.6256443214743,1973.5862769103571,589.5826606653877,3357.5898931553265,0.0,4092.841814285466,1574.6919113760457,647.5230881629427,2501.8607345891487,154.96465083098178,2994.4191719211094,2579.5231664454946,1999.32528840696,3159.7210444840293,1691.0951656989887,3467.9511671920004,378.4194736842105,378.4194736842105,378.4194736842105,378.4194736842105,378.4194736842105,547.1438888888889,547.1438888888889,547.1438888888889,547.1438888888889,547.1438888888889,665.7152631578947,665.7152631578947,665.7152631578947,665.7152631578947,665.7152631578947,1042.4389473684212,1042.4389473684212,1042.4389473684212,1042.4389473684212,1042.4389473684212,1552.766842105263,1552.766842105263,1552.766842105263,1552.766842105263,1552.766842105263,3818.9926315789476,3818.9926315789476,3818.9926315789476,3818.9926315789476,3818.9926315789476,250.14132079589965,204.83661545615132,295.44602613564797,180.76849074441003,319.51415084738926,467.9472463250337,193.8620688226335,742.0324238274338,48.25431827448341,887.6401743755839,571.3076122755255,471.04526017746673,671.5699643735842,417.780885625373,724.8343389256779,281.1130318264445,278.86416184295615,283.3619018099329,277.66944966422795,284.55661398866107,673.0679125731019,576.5470390874174,769.5887860587865,525.2703250481475,820.8655000980564,658.7642960411788,456.83099965516294,860.6975924271946,349.55393595009207,967.9746561322655,771.3356716154946,615.9436758396664,926.7276673913227,533.3916780837578,1009.2796651472313,807.2624343582777,417.24056738829705,1197.2843013282584,210.04145056049492,1404.4834181560605,1335.942401699002,1318.9109525953368,1352.9738508026671,1309.8629952590147,1362.0218081389892,324.75857711954967,0.0,776.0806113433935,0.0,1015.8454420248104,473.79323821983024,373.2700337079629,574.3164427316976,319.8670813110334,627.7193951286271,367.3856658592608,0.0,926.7700438651416,0.0,1223.9429946807657,624.6520475680227,403.48251401274734,845.8215811232981,285.98619931150733,963.317895824538,884.7425779004996,552.7014840231534,1216.7836717778457,376.3046529008134,1393.1805029001857,1085.5939998420758,800.9457817553589,1370.2422179287928,649.7264158967905,1521.4615837873612,480.59999999999997,480.59999999999997,480.59999999999997,480.59999999999997,480.59999999999997,698.67,698.67,698.67,698.67,698.67,795.357894736842,795.357894736842,795.357894736842,795.357894736842,795.357894736842
2031-08-01,388.84105365752293,354.1053985770107,423.57670873803517,335.65208181548854,442.0300254995573,219.39289034884985,117.15247909860483,321.63330159909486,62.83726062191218,375.94852007578754,448.61600767912637,326.8492156079987,570.3827997502541,262.1606073202121,635.0714080380407,390.45583181796184,332.39532482016836,448.5163388157553,301.55068047759056,479.3609831583331,466.36434934622355,392.7471842125433,539.9815144799038,353.6380652352757,579.0906334571714,629.398695837397,438.41354081837017,820.3838508564238,336.9526772145122,921.8447144602817,777.5415676420005,504.0632597596705,1051.0198755243305,358.7779086971827,1196.3052265868182,1509.5475924507875,975.9609081779118,2043.1342767236633,692.4929821579466,2326.6022027436284,1799.2629065004064,1280.5298026692249,2317.996010331588,1004.9528412589096,2593.572971741903,437.84698445145017,253.86810966689438,621.825859236006,156.12933243759915,719.5646364653012,484.98174987107444,112.83982807220531,857.1236716699436,0.0,1054.8240676255928,650.9423242921393,262.80451017528094,1039.0801384089978,56.60629642569984,1245.2783521585789,775.7402819830043,174.3605474364157,1377.1200165295927,0.0,1696.603000507468,909.4299293714988,730.4185463386032,1088.4413124043945,635.3187491023773,1183.5411096406203,759.2204786013972,0.0,1749.3944631333043,0.0,2275.42439241588,1970.305436961102,575.3609104093832,3365.2499635128206,0.0,4106.3142432434215,1576.863312197512,642.3649771139765,2511.361647281047,145.91273660084835,3007.8138877941756,2578.2168720632885,1993.4323781595376,3163.0013659670394,1682.7656157731699,3473.668128353407,378.4194736842105,378.4194736842105,378.4194736842105,378.4194736842105,378.4194736842105,547.1438888888889,547.1438888888889,547.1438888888889,547.1438888888889,547.1438888888889,665.7152631578947,665.7152631578947,665.7152631578947,665.7152631578947,665.7152631578947,1042.4389473684212,1042.4389473684212,1042.4389473684212,1042.4389473684212,1042.4389473684212,1552.766842105263,1552.766842105263,1552.766842105263,1552.766842105263,1552.766842105263,3818.9926315789476,3818.9926315789476,3818.9926315789476,3818.9926315789476,3818.9926315789476,249.95671404778687,204.2938631715834,295.6195649239903,180.0354736436003,319.87795445197344,468.526530502454,192.27463803756018,744.7784229673479,45.51582016558535,891.5372408393227,570.5386631701942,469.4837109744386,671.5936153659499,415.7982676204434,725.279058719945,280.6740563266761,278.4074084382083,282.94070421514397,277.2032517474597,284.14486090589253,664.3727422616132,567.0888460445277,761.6566384786987,515.406776179201,813.3387083440255,653.7993142872862,450.26968241646864,857.3289461581037,342.14456548509685,965.4540630894755,763.5299501587738,606.909540043406,920.1503602741416,523.7049471696168,1003.3549531479307,800.9477044764958,407.8426127128061,1194.0527962401854,199.00553271334593,1402.8898762396457,1340.163288537785,1322.997201377651,1357.3293756979192,1313.8777175738298,1366.4488595017403,324.83817853262434,0.0,779.7280313936044,0.0,1021.3882657260001,475.9075488696898,374.5896821536186,577.225415585761,320.76456546070574,631.0505322786738,365.99827536413227,0.0,929.8047330776977,0.0,1229.3269137380294,625.7389695034017,402.82103298095836,848.656906025845,284.39587920341035,967.082059803393,881.7752315192137,547.1092660131911,1216.4411970252363,369.3179718381166,1394.2324912003107,1078.7634518871605,791.8650152413963,1365.6618885329246,639.4502207733342,1518.0766830009868,480.59999999999997,480.59999999999997,480.59999999999997,480.59999999999997,480.59999999999997,698.67,698.67,698.67,698.67,698.67,795.357894736842,795.357894736842,795.357894736842,795.357894736842,795.357894736842
2031-09-01,388.48835439631347,353.48237885692777,423.49432993569917,334.8854543516291,442.09125444099783,220.28608308014577,117.25001460620601,323.3221515540855,62.51210322942552,378.060062930866,449.62114717730935,326.90673931969593,572.3355550349228,261.7147101453388,637.5275842092799,387.07963088321475,328.5672843315769,445.5919774348526,297.4826002260193,476.6766615404102,461.22323535176395,387.0331653509155,535.4133053526124,347.6196906629648,574.8267800405631,625.978159432208,433.5067161994395,818.4496026649765,331.2562619820312,920.7000568823848,777.3459505672831,501.73937472779676,1052.9525264067695,355.32338131306966,1199.3685198214966,1503.9441293759558,966.2049569174652,2041.6833018344464,680.5310215488922,2327.3572372030194,1795.6286613686043,1272.8586631608669,2318.3986595763417,995.1371016130064,2596.120221124202,439.1459629936673,253.73532439928815,624.5566015880464,155.23592264602422,723.0560033413103,482.5325174999442,107.49450593873848,857.57052906115,0.0,1056.8094727030405,684.7978141469345,293.6394267380215,1075.9562015558474,85.83653342703644,1283.7590948668326,777.5366598705477,171.47685680580287,1383.5964629352925,0.0,1705.5657333134382,904.5200039869203,724.115515250595,1084.9244927232457,628.2756306094221,1180.7643773644186,760.1141707408455,0.0,1757.9939056103472,0.0,2288.11751475977,1968.2097718087177,562.4094821039371,3374.0100615134984,0.0,4120.841465419163,1578.9498424416,637.1790370916839,2520.720647791516,136.86329674954095,3021.036388133659,2579.2153494769886,1989.8799348444434,3168.5507641095337,1676.7954958209039,3481.6352031330734,378.4194736842105,378.4194736842105,378.4194736842105,378.4194736842105,378.4194736842105,547.1438888888889,547.1438888888889,547.1438888888889,547.1438888888889,547.1438888888889,665.7152631578947,665.7152631578947,665.7152631578947,665.7152631578947,665.7152631578947,1042.4389473684212,1042.4389473684212,1042.4389473684212,1042.4389473684212,1042.4389473684212,1552.766842105263,1552.766842105263,1552.766842105263,1552.766842105263,1552.766842105263,3818.9926315789476,3818.9926315789476,3818.9926315789476,3818.9926315789476,3818.9926315789476,249.84338273606375,203.8251735753047,295.8615918968228,179.3779999586514,320.3087655134761,470.1771709675612,191.77542590415771,748.5789160309647,43.87449883922466,896.4798430958978,569.8193066227722,467.9779227047509,671.6606905407934,413.874687498302,725.7639257472423,280.36021430131575,278.0759268636327,282.6445017389988,276.86239916236354,283.85802944026796,657.2885367544442,559.2475559968354,755.3295175120529,507.16328496935586,807.4137885395326,649.7501653872855,444.63662144242926,854.8637093321418,335.67005122172446,963.8302795528466,757.9064048121625,600.0671404378725,915.7456691864525,516.2150312390308,999.5977783852941,796.1764821692643,400.0121606733369,1192.3408036651917,189.5498648786255,1402.803099459903,1343.1076137362188,1325.807936334374,1360.4072911380636,1316.617482714644,1369.5977447577936,324.90012829834865,0.0,783.3300334047017,0.0,1026.8709204924517,478.27328042604194,376.1669359294513,580.3796249226325,321.9229404156375,634.6236204364463,363.95696793038,0.0,932.151090710624,0.0,1234.0042184376284,626.7112744026736,402.0585417823245,851.3640070230226,282.711777577764,970.7107712275831,879.3331622091081,542.0627530225149,1216.6035713957012,362.8878481421373,1395.778476276079,1074.1273558780754,784.9962129003188,1363.258498855832,631.3952931933857,1516.859418562765,480.59999999999997,480.59999999999997,480.59999999999997,480.59999999999997,480.59999999999997,698.67,698.67,698.67,698.67,698.67,795.357894736842,795.357894736842,795.357894736842,795.357894736842,795.357894736842
2031-10-01,388.21528883624757,352.9410643507139,423.48951332178126,334.2016325927741,442.22894507972103,222.3666192669874,118.54099082914179,326.19224770483305,63.383625721536305,381.3496128124385,451.2934375304594,327.6386756310641,574.9481994298548,261.9470833720103,640.6397916889085,384.5068267799207,325.54610319958203,443.46755036025934,294.2232187975271,474.79043476231425,457.24218866541537,382.48360406710964,532.0007732637212,342.7681059992597,571.716271331571,624.206073716048,430.2597319548072,818.1524154772887,327.22573789414804,921.1864095379478,779.4655143064678,501.74697979760447,1057.1840488153312,354.2090083397709,1204.7220202731646,1504.5925018819657,962.732662477565,2046.4523412863664,674.8696227939772,2334.3153809699543,1796.9895951557085,1270.2136379956419,2323.765552315775,990.3639107543564,2603.6152795570606,440.3595848093394,253.5281542604092,627.1910153582696,154.27395678129005,726.4452128373888,480.53307988712277,102.62117180349208,858.4449879707535,0.0,1059.2106891401822,645.2768901405485,251.12107661844703,1039.43270366265,41.72580068483069,1248.8279795962662,779.2760415225792,168.57203411929606,1389.9800489258623,0.0,1714.4165528588564,903.4490504575479,721.6621316292675,1085.235969285828,625.0878310017436,1181.8102699133522,761.0046708292122,0.0,1766.5311055302905,0.0,2300.7170239652382,1968.1068931365974,551.5340298812359,3384.679756391959,0.0,4137.234089996369,1581.029744059648,632.0421986487721,2530.017289470524,127.89256514924432,3034.166922970052,2581.321237659614,1987.4697767959042,3175.1726985233236,1671.9861882120586,3490.656287107169,378.4194736842105,378.4194736842105,378.4194736842105,378.4194736842105,378.4194736842105,547.1438888888889,547.1438888888889,547.1438888888889,547.1438888888889,547.1438888888889,665.7152631578947,665.7152631578947,665.7152631578947,665.7152631578947,665.7152631578947,1042.4389473684212,1042.4389473684212,1042.4389473684212,1042.4389473684212,1042.4389473684212,1552.766842105263,1552.766842105263,1552.766842105263,1552.766842105263,1552.766842105263,3818.9926315789476,3818.9926315789476,3818.9926315789476,3818.9926315789476,3818.9926315789476,249.84968287588998,203.47883860295974,296.2205271488202,178.84432758296558,320.8550381688144,472.8219386645756,192.28681569730549,753.3570616318457,43.252531620943216,902.3913457082081,569.255741236989,466.6339521598678,671.8775303141102,412.11612671264714,726.3953557613308,280.1821563531121,277.8803645411496,282.48394816507454,276.65753764104454,283.7067750651796,651.6713460394282,552.8790824119004,750.4636096669559,500.3956923597764,802.9469997190799,645.2082548389669,438.52293661397437,851.8935730639595,328.721361306947,961.6951483709868,754.0926320805609,595.0438537396756,913.1414104214462,510.54919024608023,997.6360739150415,792.1549371121234,392.9548292938536,1191.3550449303932,180.87977201539775,1403.4301022088491,1344.651886316748,1327.2196423984658,1362.0841302350302,1317.9587628168786,1371.3450098166174,324.964547471926,0.0,786.9073767871514,0.0,1032.3145048608649,480.80251449856087,377.9137344639171,583.6912945332047,323.2540700705126,638.3509589266091,361.4551741495317,0.0,934.0033385553775,0.0,1238.169550895983,627.5593484810975,401.18511380728114,853.9335831549138,280.92380163681617,974.1948953253788,877.675344038387,537.8204494764494,1217.5302386003245,357.27253674042004,1398.078151336354,1072.6478569037672,781.3011172112415,1363.994596596293,626.5231617495874,1518.772552057947,480.59999999999997,480.59999999999997,480.59999999999997,480.59999999999997,480.59999999999997,698.67,698.67,698.67,698.67,698.67,795.357894736842,795.357894736842,795.357894736842,795.357894736842,795.357894736842
2031-11-01,388.00640713771327,352.4659583132037,423.5468559622228,333.5850948751831,442.42771940024346,224.88671705695947,120.27748785388793,329.495946260031,64.70383483975618,385.0695992741628,453.03505100122914,328.4470323760515,577.6230696264067,262.2596474814259,643.8104545210324,382.05041162122893,322.6446951348903,441.45612810756757,291.08540825152295,473.0154149909349,453.83574041170755,378.5129320761623,529.1585487472528,338.497690147904,569.1737906755111,623.2271881068411,427.8170796041561,818.6372966095262,324.0054594621046,922.4489167515776,782.9393176722309,503.1247644882788,1062.753870856183,354.47328310930425,1211.4053522351576,1509.0253727432964,963.0759670998948,2054.974778386698,673.0403453518377,2345.0104001347554,1801.4768773953697,1270.7251962320495,2332.2285585586897,988.7633656140356,2614.190389176704,441.4572111064147,253.21571202094745,629.698710191882,153.21241563179296,729.7020065810365,479.0017005611885,98.2375866703992,859.7658144519778,0.0,1062.0467499564597,677.0250870259573,279.89447044471467,1074.1557036072,68.91883038592948,1285.1313436659852,780.9456707070439,165.63251106718917,1396.2588303468985,0.0,1723.1439464055711,905.509625194486,722.3507101563569,1088.6685402326152,625.0475365423507,1185.9717138466212,761.8729893043275,0.0,1774.9884104198568,0.0,2313.205977887482,1970.05411934011,542.7899884628082,3397.318250217412,0.0,4155.552319745979,1583.1371736931249,626.9873565198488,2539.2869908664006,119.03276614654601,3047.241581239704,2582.4568307249583,1984.1234084595712,3180.7902529903454,1666.2587778810844,3498.6548835688322,378.4194736842105,378.4194736842105,378.4194736842105,378.4194736842105,378.4194736842105,547.1438888888889,547.1438888888889,547.1438888888889,547.1438888888889,547.1438888888889,665.7152631578947,665.7152631578947,665.7152631578947,665.7152631578947,665.7152631578947,1042.4389473684212,1042.4389473684212,1042.4389473684212,1042.4389473684212,1042.4389473684212,1552.766842105263,1552.766842105263,1552.766842105263,1552.766842105263,1552.766842105263,3818.9926315789476,3818.9926315789476,3818.9926315789476,3818.9926315789476,3818.9926315789476,249.99195036859646,203.27113249470517,296.71276824248775,178.45069799920043,321.5332027379925,476.06925259320445,193.41685337788834,758.7216518085206,43.25776629475166,908.8807388916573,568.8214142056033,465.42511007223254,672.2177183389741,410.4958235013793,727.1470049098274,280.11629150117267,277.7971274290815,282.4354555732638,276.5650715157831,283.66751148656226,646.5336458207164,546.9957696258323,746.0715220156005,494.1162728973002,798.9510187441326,640.31603003223,432.07080048323303,848.5612595812269,321.44052228532837,959.1915377791315,750.8512429957931,590.6020794870899,911.1004065044963,505.4697113730913,996.2327746184949,787.6043363127039,385.3913547495675,1189.8173178758404,171.71570829415134,1403.4929643312566,1344.8468122590173,1327.2830023692163,1362.4106221488182,1317.9522283652598,1371.7413961527748,325.0479929294315,0.0,790.4772326809658,0.0,1037.7365162989684,483.27297364203105,379.60766349645644,586.9382837876057,324.5354674816199,642.0104798024422,358.69308997170236,0.0,935.5624339023675,0.0,1242.0242728655332,628.2759724910402,400.19322878928165,856.3587161927987,279.02427119772244,977.527673784358,876.6315875245937,534.2117139738322,1219.0514610753553,352.3011561499902,1400.9620188991971,1074.3508257862804,780.8052115807457,1367.8964399918152,624.8591040340553,1523.8425475385056,480.59999999999997,480.59999999999997,480.59999999999997,480.59999999999997,480.59999999999997,698.67,698.67,698.67,698.67,698.67,795.357894736842,795.357894736842,795.357894736842,795.357894736842,795.357894736842
2031-12-01,387.82146180701994,352.0167680890263,423.6261555250136,332.99552455134216,442.64739906269773,226.8770199172232,121.4900162193861,332.2640236150603,65.50317050491014,388.2508693295363,454.1442115551416,328.629875204671,579.6585479056123,261.9503840184835,646.3380390917998,378.8890303683121,319.0416296111081,438.7364311255161,287.2476979588435,470.5303627777807,450.09620976202746,374.2133728358521,525.9790466882027,333.9006157188215,566.2918038052335,621.7693977205031,424.9064059534005,818.6323894876057,320.32294157712727,923.2158538638789,786.30487506726,504.4098876387517,1068.1998624957682,354.65317556735664,1217.9565745671634,1513.4130894231785,963.4045245031364,2063.4216543432203,671.2124743893639,2355.613704456993,1806.008569220514,1271.3107245704002,2340.7064138706273,987.2524946000273,2624.7646438410006,442.3689298639021,252.72784645914982,632.0100132686543,151.9810209003752,732.756838827429,477.80003517112743,94.20492234685622,861.3951479953987,0.0,1065.1800516832927,636.2125716286648,236.12927040362462,1036.295872853705,23.58501662782203,1248.8401266295077,782.5388670548476,162.65082539447394,1402.4269087152213,0.0,1731.7424308472948,909.1933011266907,724.6725910185581,1093.7140112348231,626.6459637736127,1191.7406384797687,762.6789668896331,0.0,1783.3269483805734,0.0,2325.546188547635,1973.3847067774354,535.5088005649463,3411.2606129899245,0.0,4175.132188165309,1585.2583288193673,621.9994931910516,2548.517164447683,110.26823676350887,3060.2484208752257,2580.2650197861094,1977.4829606389765,3183.047078933242,1657.254991717062,3503.275047855157,378.4194736842105,378.4194736842105,378.4194736842105,378.4194736842105,378.4194736842105,547.1438888888889,547.1438888888889,547.1438888888889,547.1438888888889,547.1438888888889,665.7152631578947,665.7152631578947,665.7152631578947,665.7152631578947,665.7152631578947,1042.4389473684212,1042.4389473684212,1042.4389473684212,1042.4389473684212,1042.4389473684212,1552.766842105263,1552.766842105263,1552.766842105263,1552.766842105263,1552.766842105263,3818.9926315789476,3818.9926315789476,3818.9926315789476,3818.9926315789476,3818.9926315789476,250.2503843738412,203.1821950414875,297.3185737061949,178.17721945867459,322.3235492890078,479.3086411190851,194.55470814170292,764.0625740964673,43.27918124746867,915.3381009907016,568.362815994913,464.1977555212021,672.527876468624,408.86006714454317,727.865564845283,280.11131851083684,277.7749113457778,282.44772567589587,276.53369503934016,283.6889419823335,640.3471099247438,540.0691649810763,740.6250548684113,486.796506729753,793.8977131197346,632.7680679610352,422.97452542442034,842.56161049765,311.5217059518438,954.0144299702265,746.4329412410597,584.9923177327552,907.8735647493642,499.22698649396835,993.638895988151,781.1267709707681,375.9233171433142,1186.330224798222,160.65898229747927,1401.594559644057,1343.8466239819743,1326.1522263470265,1361.541021616922,1316.7520776034603,1370.9411703604883,325.15919144872214,0.0,794.0489192905964,0.0,1043.1465872065921,485.36943015808697,380.93336359993356,589.8054967162403,325.4517032409146,645.2871570752593,355.8396370053068,0.0,936.9980313948987,0.0,1245.7384284143693,628.8580626164057,399.0795130847141,858.6366121480974,277.0096586460029,980.7064665868086,875.6787709722904,530.7129897021284,1220.6445522424524,347.449918402355,1403.9076235422258,1078.342446835798,782.6143073070325,1374.0705863645635,625.5087331823759,1531.1761604892201,480.59999999999997,480.59999999999997,480.59999999999997,480.59999999999997,480.59999999999997,698.67,698.67,698.67,698.67,698.67,795.357894736842,795.357894736842,795.357894736842,795.357894736842,795.357894736842
2032-01-01,387.6086401666491,351.5416374934148,423.6756428398834,332.38104232325907,442.8362380100391,227.40963796043707,121.25055797970671,333.5687179411674,64.85354673994374,389.9657291809304,454.00207601697025,327.5682084258437,580.4359436080969,260.4002162680577,647.6039357658829,374.29877900363886,314.0129298885147,434.584628118763,281.986072546105,466.6114854611727,445.06595229388876,368.62718971641266,521.5047148713649,328.01909709712845,562.1128074906491,618.503181431147,420.1979506631276,816.8084121991665,314.8482968176172,922.1580660446768,788.0181073740221,504.0579275932948,1071.9782871547493,353.2040820847834,1222.8321326632608,1513.6210365389386,959.5830509743884,2067.659022103489,665.2503711432211,2361.9917019346562,1807.2663151988982,1268.6512178526916,2345.8814125451045,982.5119473875194,2632.020683010277,443.0057029066689,251.97528896189294,634.0361168514448,150.49038155373074,735.521024259607,476.6941494039487,90.28877840311384,863.0995204047836,0.0,1068.377373748977,667.1355732673962,264.1212196619017,1070.1499268728908,50.01984430898278,1284.2513022258097,784.0573392922444,159.62793258474062,1408.486745999748,0.0,1740.2148683131095,912.6377182736921,726.7651900193148,1098.5102465280695,628.0204093841768,1197.2550271632076,763.3760670487895,0.0,1791.501423092966,0.0,2337.6930184914345,1976.935192299433,528.5252558367501,3425.345128762116,0.0,4194.812907507916,1587.3423824779507,617.0266112201872,2557.658153735714,101.54635773950054,3073.138407216401,2572.810674538223,1965.612570572552,3180.008778503894,1643.0385778407895,3502.5827712356563,378.4194736842105,378.4194736842105,378.4194736842105,378.4194736842105,378.4194736842105,547.1438888888889,547.1438888888889,547.1438888888889,547.1438888888889,547.1438888888889,665.7152631578947,665.7152631578947,665.7152631578947,665.7152631578947,665.7152631578947,1042.4389473684212,1042.4389473684212,1042.4389473684212,1042.4389473684212,1042.4389473684212,1552.766842105263,1552.766842105263,1552.766842105263,1552.766842105263,1552.766842105263,3818.9926315789476,3818.9926315789476,3818.9926315789476,3818.9926315789476,3818.9926315789476,250.5743756699452,203.16135982780256,297.98739151208787,177.97319516166425,323.17555617822615,481.8661886171359,195.02611835149025,768.7062588827815,42.64233102286602,921.0900462114057,567.6431903846934,462.71500571277977,672.571375056607,406.97190760582566,728.3144731635612,280.1019670597744,277.7484431298769,282.4554909896719,276.49813354211886,283.7058005774299,631.5112588620915,530.4986671377806,732.5238505864024,476.8357277842403,786.1867899399426,621.4490199265106,410.1185078128776,832.7795320401435,297.84917325251007,945.048866600511,739.088688485986,576.4653339754449,901.7120429965272,490.07167689171985,988.1057000802523,771.6268218578011,363.45480487294304,1179.7988388426593,146.61342084973728,1396.6402228658649,1341.822486996407,1323.9984583417445,1359.6465156510694,1314.5294431189548,1369.1155308738591,325.29698611031904,0.0,797.6218494571076,0.0,1048.5444331100891,486.7554069201848,381.554230744726,591.9565830956435,325.66610590151356,647.844707938856,353.00868305679114,0.0,938.4247050206428,0.0,1249.426966688939,629.3089456162676,397.84701424254456,860.7708769899906,274.88286320025423,983.735028032281,874.1219152957763,526.6288783984207,1221.6149521931318,342.02320254670053,1406.220628044852,1083.0745442674793,785.1798692580301,1380.9692192769285,626.9233231592601,1539.2257653756983,480.59999999999997,480.59999999999997,480.59999999999997,480.59999999999997,480.59999999999997,698.67,698.67,698.67,698.67,698.67,795.357894736842,795.357894736842,795.357894736842,795.357894736842,795.357894736842
2032-02-01,387.32096442710485,350.99354680043,423.6483820537797,331.694606186259,442.9473226679507,225.8558503215382,118.93026883468222,332.7814318083942,62.12605366978997,389.58564697328643,452.24254450414634,324.89578514764764,579.589303860645,257.24281923950775,647.2422697687849,367.8643317706792,307.14320011398445,428.58546342737395,274.8850989213654,460.843564619993,438.0317652467022,361.04109107906675,515.0224394143377,320.1397954275104,555.923735065894,612.4278098982775,412.6907538159856,812.1648659805694,306.5804427722681,918.2751770242869,786.9030971169216,500.89263670526617,1072.913557528577,348.9495796115743,1224.8566146222688,1506.3643295919346,948.3260178144676,2064.402641369402,651.8681646826883,2360.860494501181,1802.749040921737,1260.2449754023623,2345.253106441112,972.0396905951945,2633.4583912482794,443.28802043779206,250.8783076140973,635.6977332614867,148.66064767650948,737.9153931990746,475.4409592961109,86.24562158775626,864.6362970044656,0.0,1071.396320162029,626.0069418260013,220.08269950364013,1031.9311841483623,4.43544576988586,1247.5784378821168,785.5118630150221,156.57388218651693,1414.449843843527,0.0,1748.5731461586706,914.159041518596,726.9444559208409,1101.3736271163511,627.4867073220337,1200.8313757151584,763.9290273017666,0.0,1799.4777675165374,0.0,2349.6130357556344,1979.4101144012807,520.5422086533752,3438.278020149186,0.0,4213.301595077761,1589.3238061150953,612.0020538312949,2566.6455583988954,92.79987293052613,3085.8477392996647,2559.192125290046,1947.6098625572608,3170.7743880228313,1622.7067854804686,3495.6774650996235,378.4194736842105,378.4194736842105,378.4194736842105,378.4194736842105,378.4194736842105,547.1438888888889,547.1438888888889,547.1438888888889,547.1438888888889,547.1438888888889,665.7152631578947,665.7152631578947,665.7152631578947,665.7152631578947,665.7152631578947,1042.4389473684212,1042.4389473684212,1042.4389473684212,1042.4389473684212,1042.4389473684212,1552.766842105263,1552.766842105263,1552.766842105263,1552.766842105263,1552.766842105263,3818.9926315789476,3818.9926315789476,3818.9926315789476,3818.9926315789476,3818.9926315789476,250.8958979232501,203.14054539111768,298.6512504553825,177.77051435842233,324.0212814880779,483.17877913898985,194.26763453928152,772.0899237386982,40.78358897068648,925.5739693072933,566.4125062041282,460.72670747225243,672.0983049360041,404.58112689594344,728.243885512313,280.02625503307405,277.6557379299379,282.3967721362102,276.3964007188968,283.6561093472513,618.8605570033883,517.1186230154821,720.6024909912945,463.06822058440684,774.6528934223697,606.7593942184016,393.90301021651555,819.6157782202876,280.82305621551365,932.6957322212895,727.6019772571783,563.8044316535515,891.3995228608051,476.7869855516248,978.4169689627317,758.6739383140998,347.5547926819888,1169.7930839462108,129.14774656492978,1388.2001300632699,1338.88698333499,1320.934259661385,1356.8397070085948,1311.3968752097824,1366.3770914601976,325.45102364766205,0.0,801.1862191035988,0.0,1053.9205416895652,487.15658878196587,381.19582746316075,593.117350100771,324.9041730125456,649.4090045513861,350.2545353230344,0.0,939.8974426614279,0.0,1253.1452371849496,629.6404538617918,396.5072955045558,862.7736122190278,272.6553051272742,986.6256025963094,871.3287793650904,521.3267348896893,1221.3308238404916,335.3881487621326,1407.2694099680484,1086.7854437855385,786.7398767647512,1386.8310108063258,627.340669284958,1546.230218286119,480.59999999999997,480.59999999999997,480.59999999999997,480.59999999999997,480.59999999999997,698.67,698.67,698.67,698.67,698.67,795.357894736842,795.357894736842,795.357894736842,795.357894736842,795.357894736842
2032-03-01,386.93136610870425,350.34538708648046,423.51734513092805,330.90908573092406,442.95364648648444,222.0692872157741,114.38265995756038,329.7559144739878,57.17413922663434,386.96443520491385,448.8596455710345,320.60649214721633,577.1127989948527,252.47200439081294,645.2472867512561,359.61211607271184,298.4588000889666,420.7654320564571,265.9711009726019,453.2531311728218,428.76053819466927,351.22188078303844,506.2991956063001,310.0294690331096,547.4916073562289,603.1793187400034,402.0206286595503,804.3380088204565,295.1550745543097,911.203562925697,782.5089512739498,494.46280353253115,1070.5550990153686,341.43828754490255,1223.5796150029971,1490.1485250383987,928.1383602064216,2052.158689870376,629.5704601394336,2350.7265899373638,1791.6097542164407,1245.2444010681684,2337.975107364713,954.9878072081486,2628.2317012247327,443.17510020658386,249.39590595219306,636.9542944609747,146.450709004548,739.8994914086197,473.8756787615081,81.91023251713864,865.8411250058775,0.0,1074.072768323199,656.6654477927364,247.85202849499456,1065.4788670904782,30.669899493069238,1282.6609960924034,786.921068928116,153.50660469779154,1420.3355331584405,0.0,1756.8369672808003,912.7252987502462,724.1782081829186,1101.2723893175737,624.012566319026,1201.4380311814666,764.3293131399191,0.0,1807.2486000360016,0.0,2361.299471199545,1979.783474461704,510.5320362120326,3449.034912711375,0.0,4229.574739281513,1591.1495333252633,606.8716665505361,2575.4274000999903,83.9740498264623,3098.3250168240643,2539.8953176828945,1923.9601013498768,3155.8305340159122,1596.7445176729611,3483.046117692828,378.4194736842105,378.4194736842105,378.4194736842105,378.4194736842105,378.4194736842105,547.1438888888889,547.1438888888889,547.1438888888889,547.1438888888889,547.1438888888889,665.7152631578947,665.7152631578947,665.7152631578947,665.7152631578947,665.7152631578947,1042.4389473684212,1042.4389473684212,1042.4389473684212,1042.4389473684212,1042.4389473684212,1552.766842105263,1552.766842105263,1552.766842105263,1552.766842105263,1552.766842105263,3818.9926315789476,3818.9926315789476,3818.9926315789476,3818.9926315789476,3818.9926315789476,251.14743740218074,203.05218483304228,299.24268997131924,177.5015819056875,324.793292898674,482.94089195935726,191.97341433028163,773.9083695884328,37.39694183983522,928.4848420788793,564.4847873826247,458.046767067298,670.9228076979515,401.50156877478065,727.4680059904688,279.8416481986983,277.4542588747878,282.2290375226088,276.18595829646034,283.49733810093625,602.071099638101,499.6050146326876,704.5371846435145,445.1699069735617,758.9722923026404,589.9882291047826,375.616833926913,804.3596242826522,261.7320302386698,918.2444279708955,711.6955930886305,546.7322139425812,876.6589722346798,459.09541877124246,964.2957674060185,742.7046484818318,328.65935100694605,1156.7499459567175,108.69778672341306,1376.7115102402504,1335.0527078823925,1316.9722052035563,1353.1332105612287,1307.3669381554248,1362.7384776093602,325.60497205524746,0.0,804.7262258683443,0.0,1059.259391956552,486.4338903174446,379.71895036140256,593.1488302734866,323.02663850975523,649.841142125134,347.58627499201305,0.0,941.4259819643288,0.0,1256.9033262933715,629.8740825664433,395.08159253325243,864.6665725996343,270.3480822031197,989.400082929767,866.9519405260181,514.4587468587157,1219.4451341933204,327.1967377229613,1406.7071433290748,1087.9962929255023,785.8151433170826,1390.177442533922,625.2814075876096,1550.7111782633951,480.59999999999997,480.59999999999997,480.59999999999997,480.59999999999997,480.59999999999997,698.67,698.67,698.67,698.67,698.67,795.357894736842,795.357894736842,795.357894736842,795.357894736842,795.357894736842
2032-04-01,386.4423087198253,349.5995828352446,423.285034604406,330.02688470906105,442.85773273058953,216.44505400941728,108.00272184989282,324.8873861689417,50.39273289014548,382.4973751286891,444.22354084722906,315.070354251989,573.3767274424691,246.45772387326775,641.9893578211904,350.0288591181042,288.44639179220104,411.6113264440074,255.730706025315,444.32701221089343,417.61057517863577,339.527780162003,495.6933701952685,298.04629530941685,537.1748550478546,591.1756425988174,388.6052952689406,793.7459899286941,280.9897982499436,901.3614869476912,775.275631967359,485.2080829508321,1065.343180983886,331.1096975358021,1219.441566398916,1465.7417190893264,899.7875748890327,2031.6958632896199,599.1244357826268,2332.359002396026,1775.0399177447873,1224.8403747273264,2325.239460762248,932.5468674993003,2617.5329679902743,442.6863535853079,247.54728865246278,637.8254185181531,143.87966040688883,741.4930467637271,471.975496061349,77.25938135968767,866.6916107630104,0.0,1076.384546698268,615.4033876529179,203.7210670574865,1027.0857082483494,0.0,1245.7919410646723,788.3085614780804,150.44902892899245,1426.1680940271683,0.0,1765.030970693871,908.2429207623982,718.3726764841837,1098.1131650406128,617.5041092113822,1198.981732313414,764.6038674092473,0.0,1814.8419759347698,0.0,2372.7809710889537,1977.6265681125021,498.0644669568344,3457.18866926817,0.0,4243.206035507118,1592.8030853453201,601.6179207276605,2583.98824996298,75.05080202452882,3110.5553686661115,2516.7911181561017,1896.5334963979735,3137.04873991423,1567.0216348389679,3466.5606014732357,378.4194736842105,378.4194736842105,378.4194736842105,378.4194736842105,378.4194736842105,547.1438888888889,547.1438888888889,547.1438888888889,547.1438888888889,547.1438888888889,665.7152631578947,665.7152631578947,665.7152631578947,665.7152631578947,665.7152631578947,1042.4389473684212,1042.4389473684212,1042.4389473684212,1042.4389473684212,1042.4389473684212,1552.766842105263,1552.766842105263,1552.766842105263,1552.766842105263,1552.766842105263,3818.9926315789476,3818.9926315789476,3818.9926315789476,3818.9926315789476,3818.9926315789476,251.27973535401838,202.84696809970805,299.7125026083287,177.1170604958557,325.4424102121811,481.18501039419095,188.17563067787597,774.194390110506,32.514397703583654,929.8556230847983,561.8017240941625,454.61676113901075,668.9866870493144,397.6747495690863,725.9286986192387,279.5358244021164,277.1316812633697,281.9399675408631,275.85448022091055,283.2171685833223,581.8539461384216,478.6687920653974,685.0391002114459,423.85167896410326,739.85621331274,573.0570440779652,357.1812697755801,788.9328183803502,242.49726467743807,903.6168234784923,692.1997864834768,526.0787553862848,858.3208175806689,437.8269576159015,946.5726153510521,725.0052984086649,308.05438425106735,1141.9562125662624,86.54921110484372,1363.461385712486,1330.2376813181133,1312.0302963620582,1348.4450662741685,1302.3576231041538,1358.1177395320728,325.7413775501574,0.0,808.2249270265821,0.0,1064.5443126859327,484.62654844794736,377.16272253251424,592.0903743633805,320.0725650149404,649.1805318809543,344.9952882286888,0.0,943.0023425177317,0.0,1260.6935901087857,630.0406245197362,393.60044767503814,866.4808013644342,267.9916037262924,992.08964531318,861.0755274273708,506.1086669648933,1216.0423878898484,317.5325223442021,1404.6185325105396,1085.9282372863909,781.6264921903326,1390.2299823824492,619.9661901080515,1551.8902844647303,480.59999999999997,480.59999999999997,480.59999999999997,480.59999999999997,480.59999999999997,698.67,698.67,698.67,698.67,698.67,795.357894736842,795.357894736842,795.357894736842,795.357894736842,795.357894736842
2032-05-01,385.88730852147665,348.78961263348236,422.98500440947095,329.0814616929854,442.6931553499679,209.83816254626726,100.645355465655,319.0309696268795,42.63667670407975,377.0396483884548,439.0003274797376,308.9533365408606,569.0473184186146,239.86587260458225,638.134782354893,339.9592877208049,277.95063906528213,401.9679363763277,245.00854446703565,434.91003097457417,405.4860435054186,326.8628766776907,484.1092103331465,285.09431930046026,525.8777677103769,577.5574622432481,373.58522727042134,781.5296972160749,265.22497744110717,889.889947045389,766.4615842428454,474.3866233916295,1058.5365450940615,319.221800439421,1213.7013680462699,1436.0483569178286,866.177528307952,2005.9191855277054,563.4336506089551,2308.6630632267024,1756.0880104163903,1202.080812672165,2310.0952081606156,907.7644888705453,2604.411531962235,441.9087722837623,245.4192478814436,638.398296686081,141.03418804271183,742.7833565248127,469.8812995709827,72.4335528660825,867.329046275883,0.0,1078.4731617128612,645.7645207374653,231.23315354824064,1060.29588792669,11.01336472896503,1280.5156767459657,789.699009290711,147.42517125019663,1431.9728473312255,0.0,1773.1808237902487,901.5798654493298,710.3956245633883,1092.7641063352712,608.8289965927319,1194.3307343059278,764.8144273328998,0.0,1822.3207063774744,0.0,2384.1209171199043,1973.2718218486925,483.47041442768295,3463.073229269702,0.0,4254.530226962113,1594.3185983398841,596.2739389715437,2592.3632577082244,66.06271368211287,3122.5744829976557,2492.7709758955266,1868.2208626308684,3117.321089160185,1536.428614959019,3449.1133368320343,378.4194736842105,378.4194736842105,378.4194736842105,378.4194736842105,378.4194736842105,547.1438888888889,547.1438888888889,547.1438888888889,547.1438888888889,547.1438888888889,665.7152631578947,665.7152631578947,665.7152631578947,665.7152631578947,665.7152631578947,1042.4389473684212,1042.4389473684212,1042.4389473684212,1042.4389473684212,1042.4389473684212,1552.766842105263,1552.766842105263,1552.766842105263,1552.766842105263,1552.766842105263,3818.9926315789476,3818.9926315789476,3818.9926315789476,3818.9926315789476,3818.9926315789476,251.27467652342273,202.50673040990296,300.0426226369425,176.59875903709556,325.9505940097499,478.27440280050064,183.2372523166121,773.3115532843892,26.498766122046334,930.0500394789549,558.4649783170769,450.5382420616494,666.3917145725044,393.2021634259535,723.7277932082003,279.12920858005396,276.7084275740058,281.54998958610213,275.42238766454267,282.83602949556524,559.8785003325147,455.97925362778216,663.7777470372473,400.782778815893,718.9742218491365,558.09769750073,340.7279553773096,775.4674396241503,225.25027987424255,890.9451151272174,670.9318065721693,503.66113524481057,838.202477899528,414.7985911021512,927.0650220421874,707.4737634785231,287.6373414369785,1127.3101855200678,64.59924222740801,1350.3482847296382,1324.3164360791736,1305.9830469555945,1342.6498252027527,1296.2434339836932,1352.389438174654,325.84683105999295,0.0,811.6694068788872,0.0,1069.7626502826747,481.95329302501705,373.7457639388052,590.1608221112289,316.2605141117551,647.646071938279,342.48677077265,0.0,944.632331565014,0.0,1264.5221607359576,630.1780453614393,392.10158479316294,868.2545059297157,265.6234651162661,994.7326256066126,854.2440179636386,496.82061012441807,1211.6674258028593,306.9394247098322,1401.5486112174449,1080.7274949208436,774.3198302674494,1387.1351595742376,611.5407584203338,1549.9142314213534,480.59999999999997,480.59999999999997,480.59999999999997,480.59999999999997,480.59999999999997,698.67,698.67,698.67,698.67,698.67,795.357894736842,795.357894736842,795.357894736842,795.357894736842,795.357894736842
2032-06-01,385.32389016117077,347.9729647403748,422.67481558196675,328.1302856105769,442.51749471176464,203.36199381057628,93.42383468422479,313.30015293692776,35.01918764835057,371.704799972802,433.99623712193943,303.061543106916,564.9309311369628,233.50248691143483,634.489987332444,330.4089222227475,267.97700142719447,392.8408430183005,234.81004350455692,426.00780094093807,393.6438796637653,314.4840296990769,472.80372962845365,272.43035940533616,514.8573999221944,563.93767749027,358.5731244089916,769.3022305715483,249.47320558456244,878.4021493959774,757.8497076037193,463.7810378681905,1051.918377339248,307.55705707119085,1208.1423581362476,1405.4147773865716,831.6540003518147,1979.1755544213283,526.8435875521001,2283.985967221043,1738.9519691061146,1181.1631083638122,2296.740829848417,884.837776094464,2593.066162117765,440.9875559056991,243.15679051054212,638.818321300856,138.05919639436502,743.9159154170331,467.8709411498035,67.71020904777686,868.0316732518302,0.0,1080.6170621810318,604.351606675962,186.99064099194374,1021.7125723599802,0.0,1243.4355853796148,791.1141066181825,144.45609592099424,1437.772117315371,0.0,1781.3091854982522,894.3201967943414,701.8309288753259,1086.809464713357,599.5710052933489,1189.069388295334,765.0472136998304,0.0,1829.772049438218,0.0,2395.407118424236,1967.766596994253,467.7957786344198,3467.737415354086,0.0,4264.596912607747,1595.7804398940323,590.9231099067367,2600.6377698813276,57.092653350985984,3134.4682264370786,2471.1123552779686,1842.299051817597,3099.92565873834,1508.2419843542748,3433.9827262016624,378.4194736842105,378.4194736842105,378.4194736842105,378.4194736842105,378.4194736842105,547.1438888888889,547.1438888888889,547.1438888888889,547.1438888888889,547.1438888888889,665.7152631578947,665.7152631578947,665.7152631578947,665.7152631578947,665.7152631578947,1042.4389473684212,1042.4389473684212,1042.4389473684212,1042.4389473684212,1042.4389473684212,1552.766842105263,1552.766842105263,1552.766842105263,1552.766842105263,1552.766842105263,3818.9926315789476,3818.9926315789476,3818.9926315789476,3818.9926315789476,3818.9926315789476,251.1499590948196,202.04912211262402,300.2507960770152,175.96430246583262,326.33561572380654,474.81037779433996,177.7592984669526,771.8614571217273,19.950912574278107,929.6698430144017,554.7278215030265,446.0643754238598,663.3912675821931,388.3369196943025,721.1187233117505,278.66866252631644,276.23135722600944,281.10596782662344,274.9365387852214,282.4007862674115,538.4410478202267,433.8325830071533,643.0495126333001,378.259336075208,698.6227595652454,546.9724232640696,328.11891140979236,765.8259351183467,211.85298323720758,882.0918632909315,650.3134203955631,481.9009564868122,818.7258843043139,392.4318350352883,908.1950057558379,692.2170819548392,269.5148490196019,1114.9193148900763,44.954287772757084,1339.4798761369211,1317.2020690975871,1298.7435359333526,1335.6606022618216,1288.9374401898529,1345.4666980053214,325.9160339448973,0.0,815.0548433183113,0.0,1074.9098357979374,478.7705522985496,369.82439669173505,587.7167079053642,311.9467515256148,645.5943530714844,340.10499967934123,0.0,946.3608167932418,0.0,1268.4342196350015,630.3277952782191,390.62622055021683,870.0293700062214,263.2847589759656,997.3708315804727,847.3623555795921,487.4991691931328,1207.2255419660514,296.3218514253264,1398.402859733858,1073.4373150484084,764.9381062192978,1381.936523877519,601.0479015288328,1545.826728567984,480.59999999999997,480.59999999999997,480.59999999999997,480.59999999999997,480.59999999999997,698.67,698.67,698.67,698.67,698.67,795.357894736842,795.357894736842,795.357894736842,795.357894736842,795.357894736842
2032-07-01,384.819824317496,347.217374671474,422.422273963518,327.2410732970248,442.3985753379672,198.119345663084,87.44085386798336,308.79783745818463,28.642905101836163,367.59578622433185,429.96675435685034,298.1503352681827,561.7831734455181,228.122862627328,631.8106460863727,322.30316988167385,259.4508273608072,385.1555124025405,226.06052039659676,418.54581936675095,383.4019926303224,303.709073679871,463.09491158077384,261.3722104874437,505.43177477320114,552.0234399040972,345.27594491386435,758.7709348943301,235.44133820030316,868.6055416078914,751.3076162560337,455.2586637434339,1047.3565687686337,297.98265772111523,1204.6325747909523,1378.5482138702594,800.9236842434881,1956.1727434970308,494.06065287926594,2263.035774861253,1727.9280680938955,1166.3830109667028,2289.473125221088,868.0621993678816,2587.7939368199095,440.1017244178214,240.9387502639444,639.2646985716984,135.13342024469722,745.0700285909456,466.29060746572634,63.43515985199804,869.1460550794546,0.0,1083.1630116242477,634.6401049539797,214.46859596077758,1054.811613947182,0.0,1278.0277280998205,792.5693313607459,141.55667206263593,1443.5819906588558,0.0,1789.4324659109766,888.3176725689681,694.5321659776251,1082.103179160311,591.5836156009743,1185.0517295369618,765.3954025019964,0.0,1837.2901834658605,0.0,2406.7342858529137,1962.627644563213,452.55589848340674,3472.699390643019,0.0,4274.925005747917,1597.3080363160445,585.6839138452889,2608.9321587868003,48.25859878269989,3146.357473849389,2454.737323798171,1821.6895394733278,3087.785108123014,1485.3829040507549,3424.091743545587,378.4194736842105,378.4194736842105,378.4194736842105,378.4194736842105,378.4194736842105,547.1438888888889,547.1438888888889,547.1438888888889,547.1438888888889,547.1438888888889,665.7152631578947,665.7152631578947,665.7152631578947,665.7152631578947,665.7152631578947,1042.4389473684212,1042.4389473684212,1042.4389473684212,1042.4389473684212,1042.4389473684212,1552.766842105263,1552.766842105263,1552.766842105263,1552.766842105263,1552.766842105263,3818.9926315789476,3818.9926315789476,3818.9926315789476,3818.9926315789476,3818.9926315789476,250.95437549846574,201.52288941344983,300.38586158348164,175.26241243078516,326.6463385661463,471.4788530906748,172.42740719301855,770.5302989883311,13.556326559888646,929.401379621461,550.9475032271316,441.55230850244857,660.3426979518147,383.4361113049607,718.4588951493025,278.21408877255243,275.76037045649304,280.6678070886118,274.4568326010865,281.97134494401837,519.9614585621994,414.64855168329325,625.2743654411055,358.7010699038743,681.2218472205244,540.8594709436568,320.53218141487815,761.1867604724355,203.48330885271452,878.235633034599,632.8228557055616,463.2762883167543,802.3694230943688,373.20467439145045,892.4410370196726,681.0856142029625,255.5368694225022,1106.6343589834228,29.464098757882653,1332.7071296480422,1308.9349974711483,1290.352163015831,1327.5178319264658,1280.4800322114436,1337.389962730853,325.9536515444727,0.0,818.3863621711905,0.0,1079.9912396916343,475.4978701644292,365.81806212272477,585.1776782061336,307.5506641005693,643.445076228289,337.94403009732446,0.0,948.2824240944052,0.0,1272.5246959053543,630.5301572320038,389.21441224745024,871.8459022165574,261.01542272440616,1000.0448917396016,841.4915135915676,479.20497870373976,1203.7780484793955,286.7402570445813,1396.2427701385539,1065.7240688799873,755.1474008283972,1376.3007369315774,590.1535459259899,1541.2945918339847,480.59999999999997,480.59999999999997,480.59999999999997,480.59999999999997,480.59999999999997,698.67,698.67,698.67,698.67,698.67,795.357894736842,795.357894736842,795.357894736842,795.357894736842,795.357894736842
2032-08-01,384.43630839389635,346.58400583548683,422.2886109523059,326.4749701013318,442.3976466864609,194.93642648341932,83.52252133695507,306.3503316298836,24.333884227895936,365.5389687389427,427.4403010581158,294.74801572882194,560.1325863874097,224.2552391476346,630.625362968597,316.26554842784924,252.99557777431974,379.53551908137877,219.3834058646322,413.14769099106627,375.8241763382802,295.60173050636564,456.0466221701948,252.98355615816106,498.6647965183994,543.2087218164021,335.08747420530517,751.329969427499,224.52306141190996,861.8943822208942,748.3173147001987,450.3012378728039,1046.3333915275934,291.9801970582504,1204.6544323421472,1359.3340930850031,777.8714844939009,1940.7967016761054,468.96947367987786,2249.6987124901284,1726.2930747690739,1161.0167802017459,2291.569369336402,860.7137487128529,2591.872400825295,439.4304590404539,238.9441283074034,639.9167897735044,132.4357651054703,746.4251529754375,465.46261460540785,59.93035716133613,870.9948720494796,0.0,1086.4338838166427,593.6913101840667,170.7279332085265,1016.6546871596067,0.0,1241.3539811778624,794.0722138312422,138.7338414357681,1449.410586226716,0.0,1797.5590965618117,885.1702588041738,690.0971267082128,1080.2433909001347,586.4645252822336,1183.875992326114,765.9387686048502,0.0,1844.9558523792475,0.0,2418.183678134396,1959.460775475074,439.35521970404056,3479.5663312461074,0.0,4287.122407749469,1599.0295930256943,580.6836416416589,2617.3755444097296,39.68735496889008,3158.371831082499,2445.556202730579,1808.3020745615722,3082.810330899586,1469.7608189717873,3421.3515864893707,378.4194736842105,378.4194736842105,378.4194736842105,378.4194736842105,378.4194736842105,547.1438888888889,547.1438888888889,547.1438888888889,547.1438888888889,547.1438888888889,665.7152631578947,665.7152631578947,665.7152631578947,665.7152631578947,665.7152631578947,1042.4389473684212,1042.4389473684212,1042.4389473684212,1042.4389473684212,1042.4389473684212,1552.766842105263,1552.766842105263,1552.766842105263,1552.766842105263,1552.766842105263,3818.9926315789476,3818.9926315789476,3818.9926315789476,3818.9926315789476,3818.9926315789476,250.7550319740287,200.99509386319403,300.51497008486336,174.56012674181312,326.9499372062443,468.8771329885722,167.8386124344878,769.9156535426566,7.911898390130489,929.842367587014,547.5101722470882,437.3880911556801,657.6322533384964,378.88573557586955,716.1346089183069,277.8216044875918,275.35158221598647,280.29162675919713,274.0393828841962,281.6038260909874,506.4370068818359,400.42433877079225,612.4496749928795,344.1051088368003,668.7689049268715,540.0101872369531,318.21891290172096,761.8014615721853,200.39229841112882,879.6280760627774,620.4219059499696,449.7487709027737,791.0950409971656,359.0786679089509,881.7651439909885,675.2614881705061,246.88514587320446,1103.6378304678078,19.31021402776298,1331.2127623132492,1299.751239941917,1281.044930145158,1318.4575497386759,1271.10720306563,1328.395276818204,325.9734405601175,0.0,821.6781653258922,0.0,1085.02130035771,472.5292613435498,362.1206757959304,582.9378468911692,303.4661147237576,641.5924079633421,336.1396709053468,0.0,950.5335141276144,0.0,1276.930243339444,630.819499910599,387.90031040961276,873.7386894115853,258.84949098721376,1002.7895088339842,837.5921780881939,472.89839721738855,1202.2859589589993,279.15482612977326,1396.0295300466146,1059.4309687637196,746.7906456640466,1372.0712918633926,580.7004740173452,1538.161463510094,480.59999999999997,480.59999999999997,480.59999999999997,480.59999999999997,480.59999999999997,698.67,698.67,698.67,698.67,698.67,795.357894736842,795.357894736842,795.357894736842,795.357894736842,795.357894736842
2032-09-01,384.2125827132143,346.1120656751854,422.3130997512432,325.8711659987326,442.55399942769606,194.1692084970553,82.02471253790219,306.3137044562084,22.44794905960211,365.8904679345085,426.6020471388702,293.0396391399794,560.164455137761,222.0846098905686,631.1194843871718,312.4727683479502,248.78790819550406,376.1576285003963,214.95532623951703,409.99021045638335,371.4636712487792,290.715170955178,452.21217154238036,247.8175301742024,495.109812323356,538.2433766736441,328.7573849470786,747.7293684002095,217.4679518423407,859.0188015049475,749.5979073816967,449.6276058327337,1049.5682089306597,290.2683831348471,1208.9274316285464,1349.8635053177445,764.5879863076034,1935.1390243278856,453.660366833466,2246.066643802023,1735.4168754481534,1166.4338113631536,2304.399939533153,864.1615585679975,2606.6721923283094,439.1184205877896,237.31741130442066,640.9194298711586,130.1106251226309,748.1262160529484,465.5944370303624,57.40292317526979,873.7859508854551,0.0,1090.637692620973,624.9326809891555,199.19574395469851,1050.6696180236127,0.0,1276.8423658231677,795.6224379481175,135.98671870491216,1455.2581571913229,0.0,1805.6896330392758,885.7589645415824,689.4066506601487,1082.111278423016,585.0944839106369,1186.4234451725279,766.725711393196,0.0,1852.8183928419014,0.0,2429.8051298615264,1959.5468949272727,429.4733270674103,3489.620462787135,0.0,4302.472045712687,1601.0514829625383,576.0277816581315,2626.075184266945,31.483940340165418,3170.6190255849115,2444.0656877808055,1802.6327992427382,3085.498576318873,1461.8715772068897,3426.259798354721,378.4194736842105,378.4194736842105,378.4194736842105,378.4194736842105,378.4194736842105,547.1438888888889,547.1438888888889,547.1438888888889,547.1438888888889,547.1438888888889,665.7152631578947,665.7152631578947,665.7152631578947,665.7152631578947,665.7152631578947,1042.4389473684212,1042.4389473684212,1042.4389473684212,1042.4389473684212,1042.4389473684212,1552.766842105263,1552.766842105263,1552.766842105263,1552.766842105263,1552.766842105263,3818.9926315789476,3818.9926315789476,3818.9926315789476,3818.9926315789476,3818.9926315789476,250.61996938167513,200.5337330984898,300.7062056648605,173.9254200730476,327.31451869030263,467.36688419507675,164.35431940393653,770.379448986217,3.378894358643322,931.3548740315102,544.747471204882,433.9032703689609,655.5916720408031,375.0172886748778,714.4776537348862,277.52785181100876,275.04163249850086,280.01407112351666,273.72082848873106,281.33487513328646,498.9939883703653,392.2861477739057,605.7018289668249,335.5976074570366,662.390369283694,543.7378113542643,320.49215242358275,766.9834702849458,201.89289611665822,885.5827265918704,614.1059018198941,442.31358668225647,785.8982169575318,351.0489192653865,877.1628843744018,678.740595875175,247.5551982840638,1109.9259934662862,18.487955813786016,1338.993235936564,1290.1076254989648,1271.2786500613342,1308.9366009365954,1261.275756860093,1318.9394941378366,325.9948715413514,0.0,824.9501539214943,0.0,1090.0201476859452,470.1528374549931,359.0202534249848,581.2854214850015,299.9810681590429,640.3246067509433,334.8439740085165,0.0,953.2666724857966,0.0,1281.8037310518516,631.2203629504085,386.70824366348626,875.7324822373307,256.81118029230885,1005.6295456085081,836.2837536118047,469.1985124883612,1203.3689947352482,274.1844781415318,1398.3830290820777,1056.0793831734334,741.3889376278014,1370.7698287190653,574.2096384316844,1537.9491279151823,480.59999999999997,480.59999999999997,480.59999999999997,480.59999999999997,480.59999999999997,698.67,698.67,698.67,698.67,698.67,795.357894736842,795.357894736842,795.357894736842,795.357894736842,795.357894736842
2032-10-01,384.15610142661933,345.8089765258281,422.5032263274106,325.4370664222827,442.87513643095593,195.6321431285388,82.76178524889137,308.5025010081862,22.799407625328683,368.4648786317489,427.26723741820064,292.84033878919246,561.6941360472088,221.42604889253187,633.1084259438694,310.62396028541394,246.52689608763058,374.7210244831973,212.47533073255818,408.7725898382697,370.2320600091292,288.9609102444252,451.50320977383325,245.78561193192618,494.6785080863323,537.0644528122007,326.22255054387585,747.9063550805255,214.21278996382836,859.916115660573,754.920510907285,453.0086337391949,1056.832388075375,292.6179489936471,1217.2230728209229,1349.9265396154929,760.8627899961408,1938.990289234845,447.92267301085997,2251.930406220126,1754.3436643741948,1181.6778235635686,2327.009505184821,877.4490956329234,2631.238233115466,439.24863485537537,236.1414565362165,642.3558131745342,128.24076805416337,750.2565016565874,466.71380416301804,55.880246455106715,877.5473618709293,0.0,1095.8026894032573,585.7604236767426,157.2678789943297,1014.2529683591554,0.0,1241.8896327216871,797.2136273815379,133.3083767101391,1461.1188780529367,0.0,1813.8185424721173,889.9772484396345,692.3540325274904,1087.6004643517786,587.3666990741639,1192.5877978051053,767.7623111535567,0.0,1860.884792084158,0.0,2441.6061100785405,1963.505031649007,423.5279716117948,3503.482091686219,0.0,4321.5949048309885,1603.4313675093456,571.7731393294334,2635.0895956892577,23.704705608855193,3183.1580294098358,2449.3033978059925,1803.718796744182,3094.8879988678027,1460.7519774300954,3437.8548181818896,378.4194736842105,378.4194736842105,378.4194736842105,378.4194736842105,378.4194736842105,547.1438888888889,547.1438888888889,547.1438888888889,547.1438888888889,547.1438888888889,665.7152631578947,665.7152631578947,665.7152631578947,665.7152631578947,665.7152631578947,1042.4389473684212,1042.4389473684212,1042.4389473684212,1042.4389473684212,1042.4389473684212,1552.766842105263,1552.766842105263,1552.766842105263,1552.766842105263,1552.766842105263,3818.9926315789476,3818.9926315789476,3818.9926315789476,3818.9926315789476,3818.9926315789476,250.6008491665583,200.19042673988105,301.01127159323556,173.40988982570877,327.79180850740784,466.99209641360835,162.0182647735511,771.9659280536656,0.000916714770710314,933.983276112446,542.8661562655191,431.3045097466308,654.4278027844073,372.0373850334714,713.6949274975667,277.33969349738413,274.8373819824948,279.8420050122735,273.50802899020977,281.1713580045585,497.6522180816018,390.25370463985735,605.0507315233463,333.1982443739306,662.106191789273,550.6369342012142,325.94630446436435,775.327563938064,206.57940741666283,894.6944609857655,613.6920494882463,440.78779837260583,786.5963006038868,348.9324149674219,878.4516840090707,687.1681606870252,253.19188996292866,1121.1444314111218,22.641996140752326,1351.694325233298,1280.6522269546012,1261.7013798534956,1299.6030740557069,1251.6337423310333,1309.6707115781692,326.03814343237815,0.0,828.2229435557826,0.0,1095.0086186213414,468.49875084836174,356.6468545580094,580.3506471387141,297.2255346537597,639.7719670429638,334.18857087750627,0.0,956.6140470547055,0.0,1287.2775812738425,631.7451344469431,385.6503959242593,877.8398729696269,254.9125660840836,1008.5777028098025,837.6825040569094,468.22128187591994,1207.1437262378988,271.94500759226935,1403.4200005215494,1056.4519694098574,739.7246712375199,1373.1792675821948,571.4632940834658,1541.440644736249,480.59999999999997,480.59999999999997,480.59999999999997,480.59999999999997,480.59999999999997,698.67,698.67,698.67,698.67,698.67,795.357894736842,795.357894736842,795.357894736842,795.357894736842,795.357894736842
2032-11-01,384.2409002709563,345.6487433249052,422.83305721700737,325.1466599473155,443.335140594597,198.66658966697292,85.07500810466321,312.25817122928265,24.729480399686196,372.6036989342597,428.949520320495,293.6636551328669,564.2353855081232,221.79303925193946,636.1060013890506,310.0310366345286,245.52440236399102,374.5376709050662,211.2552529077679,408.80682036128934,371.4272278716118,289.6367683516397,453.2176873915839,246.18558673165455,496.6688690115691,538.8325829900302,326.643434411247,751.0217315688135,213.91794922876835,863.7472167512922,763.163703798044,459.32265762596415,1067.0047499701238,297.9071018470467,1228.4203057490413,1357.102932204066,764.2751586655523,1949.93070574258,449.3354039732169,2264.870460434915,1779.956974041356,1203.6318893477192,2356.282058734993,897.4591881042245,2662.4547599784873,439.8296168931958,235.42461592268427,644.2346178637074,126.83445915710001,752.8247746292916,468.64798631890096,55.18926734617554,882.1067052916264,0.0,1101.7566497458868,619.314107437356,188.08356336453897,1050.544651510173,0.0,1279.6358780488572,798.8362475239601,130.68874761349514,1466.983747434425,0.0,1821.9371067618595,896.7261227692886,697.8401258556729,1095.6121196829044,592.1819399953145,1201.2703055432628,769.0112689531502,0.0,1869.1186291391039,0.0,2453.5506642378914,1971.1228368403374,421.3055676700967,3520.9401060105783,0.0,4344.280530257269,1606.162248948217,567.911888338193,2644.412609558241,16.34138426411755,3195.9831136323164,2459.1664846494555,1809.4567003934503,3108.8762689054606,1464.2983775074476,3454.0345917914633,378.4194736842105,378.4194736842105,378.4194736842105,378.4194736842105,378.4194736842105,547.1438888888889,547.1438888888889,547.1438888888889,547.1438888888889,547.1438888888889,665.7152631578947,665.7152631578947,665.7152631578947,665.7152631578947,665.7152631578947,1042.4389473684212,1042.4389473684212,1042.4389473684212,1042.4389473684212,1042.4389473684212,1552.766842105263,1552.766842105263,1552.766842105263,1552.766842105263,1552.766842105263,3818.9926315789476,3818.9926315789476,3818.9926315789476,3818.9926315789476,3818.9926315789476,250.7203182756188,199.98778124604559,301.45285530519203,173.03612094908482,328.4045156021528,467.4832681029568,160.56070205553982,774.4058341503737,0.0,937.458447363064,541.9086631697597,429.6341554262086,654.1831709133108,369.9883231874471,713.8290031520723,277.23208459770933,274.7137837091718,279.75038548624684,273.37593636213626,281.0882328332824,501.36144413330305,393.27667122687694,609.4462170397292,335.8566356203381,666.866252646268,558.9718889620168,332.8455217429547,785.0982561810789,212.71588915782792,905.2278887662058,617.8988901475275,443.8898082943913,791.9079720006637,351.44748355991265,884.3502967351424,699.0083353205596,262.25902506651465,1135.7576455746046,30.235953994053375,1367.7807166470657,1272.142650482769,1253.0707104747871,1291.214590490751,1242.9387423455466,1301.3465586199916,326.1189220686367,0.0,831.5126034051958,0.0,1100.0029966152429,467.527946709312,354.9613345442983,580.0945588743257,295.16032183163486,639.8955715869891,334.24661359934754,0.0,960.6492898363713,0.0,1293.4257115872902,632.3937275350593,384.72648267027284,880.0609723998457,253.15325883585507,1011.6341962342635,841.3622057297839,469.5401849452638,1213.184226514304,272.0097364034874,1410.7146750560805,1060.3700912053284,741.6189558388971,1379.1212265717597,572.2824151754804,1548.4577672351766,480.59999999999997,480.59999999999997,480.59999999999997,480.59999999999997,480.59999999999997,698.67,698.67,698.67,698.67,698.67,795.357894736842,795.357894736842,795.357894736842,795.357894736842,795.357894736842
2032-12-01,384.4146186983333,345.5789756968276,423.250261699839,324.94754035227777,443.88169704438883,202.3291706948723,88.02091589333122,316.63742549641336,27.294655530012534,377.3636858597321,431.0045340022832,294.86512176572126,567.1439462388452,222.54105901504772,639.4680089895187,309.8051318029062,244.89151157532194,374.71875203049046,210.4061508294178,409.2041127763946,373.91227164471456,291.60577886984635,456.2187644195828,247.8804545831976,499.9440887062315,542.1620786036069,328.63418394566736,755.6899732615465,215.197489908637,869.1266672985769,772.5942345066418,466.83619110838856,1078.352277904895,304.40223055306654,1240.786238460217,1367.422488738629,770.8544397771949,1963.9905377000632,453.92766376643317,2280.9173137108246,1807.6900746096007,1227.7288334366112,2387.6513157825902,919.6244240634609,2695.7557251557405,440.7997386213857,235.10510340029134,646.4943738424801,125.82982843908496,755.7696488036864,471.0537223192759,54.98640510943477,887.1210395291171,0.0,1108.156801796845,583.0270910976494,149.07582259591294,1016.9783595993858,0.0,1247.5149709909333,800.4807907987608,128.11780743028544,1472.8437741672362,0.0,1830.0366090817388,904.17870899329,704.0378983893863,1104.3195195971937,597.7130927560626,1210.6443252305176,770.4010284823635,0.0,1877.4491979649483,0.0,2465.5685380025716,1981.4006382979542,421.8052451925023,3540.996031403406,0.0,4369.531083990678,1609.1718582412755,564.3709571876943,2653.9727592948566,9.32047850297954,3209.0232379795716,2471.0059549510834,1817.197014672784,3124.8148952293827,1469.8610151499377,3472.150894752229,378.4194736842105,378.4194736842105,378.4194736842105,378.4194736842105,378.4194736842105,547.1438888888889,547.1438888888889,547.1438888888889,547.1438888888889,547.1438888888889,665.7152631578947,665.7152631578947,665.7152631578947,665.7152631578947,665.7152631578947,1042.4389473684212,1042.4389473684212,1042.4389473684212,1042.4389473684212,1042.4389473684212,1552.766842105263,1552.766842105263,1552.766842105263,1552.766842105263,1552.766842105263,3818.9926315789476,3818.9926315789476,3818.9926315789476,3818.9926315789476,3818.9926315789476,250.96738251931868,199.9147632165053,302.0200018221321,172.7930592118857,329.14170582675166,468.3458889658741,159.48688373364183,777.2048941981063,0.0,941.2862407277298,541.7543734596977,428.77150217334713,654.7372447460483,368.74935180247337,714.7593951169221,277.1547050599359,274.62051568010065,279.68889443977116,273.2742275720632,281.03518254780863,508.2971937389576,399.53049121023867,617.0638962676766,341.7481804918568,674.8462069860584,567.1284806618332,339.5754345125054,794.6815268111611,218.687878745675,915.5690825779915,624.6931171829704,449.5861753420413,799.8000590238994,356.5606124890478,892.8256218768929,712.4103092674168,272.9054555249653,1151.9151630098681,39.418501974288006,1385.4021165605454,1265.32876367259,1246.136494773717,1284.521032571463,1235.9406019211908,1294.716925423989,326.24421224076843,0.0,834.8265288767827,0.0,1105.0108845896655,467.06341379075207,353.7865951345527,580.3402324469514,293.60828522344684,640.5185423580573,335.0038824265346,0.0,965.3586652269811,0.0,1300.2346435897184,633.1552136001993,383.92538386611614,882.3850433342825,251.52203681988448,1014.7883903805141,846.4486515536739,472.2807272401408,1220.616575867207,273.5040174485763,1419.3932856587717,1066.726083236653,745.9638797474803,1387.4882867258257,575.5589591438574,1557.8932073294486,480.59999999999997,480.59999999999997,480.59999999999997,480.59999999999997,480.59999999999997,698.67,698.67,698.67,698.67,698.67,795.357894736842,795.357894736842,795.357894736842,795.357894736842,795.357894736842
2033-01-01,384.61232703712153,345.53471507154524,423.6899390026978,324.77473371483285,444.4499203594102,205.64857544701243,90.6281127904868,320.66903810353807,29.523492004207554,381.7736588898173,432.8091937817447,295.82155270172603,569.7968348617633,223.04686837796615,642.5715191855232,309.0888307803801,243.77076040786238,374.4069011528978,209.07053552246236,409.1071260382978,376.39766850468754,293.57835772929724,459.21697928007785,249.58059887987116,503.2147381295039,545.4823879840102,330.62408858760506,760.3406873804154,216.48061703326482,874.4841589347556,781.2983095867847,473.6352132191635,1088.961405954406,310.18919327386476,1252.4074258997048,1376.4165628719052,776.1315430649199,1976.7015826788904,457.2301262924591,2295.602999451351,1832.5996098465575,1249.0248680364782,2416.1743516566366,939.0007864498737,2726.198433243241,442.04740141593743,235.07116728331218,649.0236355485627,125.11504290035504,758.9797599315198,473.4909103757559,54.83124835202807,892.1505723994837,0.0,1114.563517849589,619.4750838118204,182.8200429303546,1056.1301246932862,0.0,1288.1031151615648,802.1403756509839,125.58817428607165,1478.692577015896,0.0,1838.1109339910058,910.2455336924912,708.8577277804836,1111.6333396044988,601.8704558897296,1218.620611495253,771.8427443816844,0.0,1885.7884769800798,0.0,2477.572147422977,1992.798399431082,423.4858070603982,3562.110991801766,0.0,4395.808306498691,1612.3377988738746,561.0271719048972,2663.648425842852,2.5184013276279984,3222.157196420121,2482.3363211331953,1824.4537654914755,3140.218876774915,1474.9536578068119,3489.7189844595787,378.4194736842105,378.4194736842105,378.4194736842105,378.4194736842105,378.4194736842105,547.1438888888889,547.1438888888889,547.1438888888889,547.1438888888889,547.1438888888889,665.7152631578947,665.7152631578947,665.7152631578947,665.7152631578947,665.7152631578947,1042.4389473684212,1042.4389473684212,1042.4389473684212,1042.4389473684212,1042.4389473684212,1552.766842105263,1552.766842105263,1552.766842105263,1552.766842105263,1552.766842105263,3818.9926315789476,3818.9926315789476,3818.9926315789476,3818.9926315789476,3818.9926315789476,251.3019470285182,199.9312397927893,302.6726542642471,172.64055157380835,329.9633424832281,469.00871367095846,158.22533464795288,779.792092693964,0.0,944.8957627999357,542.1606142863067,428.4737930660816,655.8474355065317,368.077669292837,716.2435592797763,277.0455772367125,274.4955983621862,279.59555611123886,273.1409220850941,280.95023238833096,516.3356722575553,406.8912890133341,625.7800555017765,348.7489604148416,683.922384100269,574.0080614946789,345.0372256400093,802.9788973493486,223.39646909221602,924.6196538971419,631.8101070552506,455.6121456754618,808.0080684350394,362.006978692449,901.6132354180521,725.5675278906158,283.3242996564649,1167.8107561247666,48.38258465707224,1402.7524711241595,1260.8262818467551,1241.5144337916045,1280.1381299019058,1231.2550145123055,1290.3975491812048,326.41047284288936,0.0,838.1615573114921,0.0,1110.0293209354372,466.85446591526744,352.8718658596873,580.8370659708476,292.3186095801604,641.3903222503745,336.347566719033,0.0,970.6298316467942,0.0,1307.592284889667,634.0109389622781,383.22826037452944,884.7936175500269,249.99996237478797,1018.0219155497683,851.8242454007005,475.3250342064252,1228.3234565949758,275.3098282594665,1428.3386625419346,1073.7627951241134,751.0020538976287,1396.523536350598,579.5354101210587,1567.990180127168,480.59999999999997,480.59999999999997,480.59999999999997,480.59999999999997,480.59999999999997,698.67,698.67,698.67,698.67,698.67,795.357894736842,795.357894736842,795.357894736842,795.357894736842,795.357894736842
2033-02-01,384.77349751414573,345.4554056667035,424.091589361588,324.5676693727498,444.9793256555417,207.88153739561852,92.15324982655272,323.6098249646843,30.672597055486534,385.0904777357505,433.9280078028131,296.0973578978683,571.758657707758,222.87482513586633,644.9811904697599,307.2721867923093,241.55215526974143,372.99221831487716,206.63838852337727,407.9059850612413,377.7522550935515,294.4232822106345,461.08122797646854,250.15476536658485,505.3497448205182,547.4344165936217,331.2538997981009,763.6149333891424,216.40800025048054,878.4608329367628,787.6494378682977,478.0930122682202,1097.2058634683751,313.6411611681791,1261.6577145684164,1380.2788827961463,776.2997664620686,1984.2579991302239,455.4358609095899,2305.1219046827027,1850.5250546151851,1263.3590497285882,2437.691059501782,951.4271096325836,2749.6229995977865,443.44153578447043,235.19158972755653,651.6914818413843,124.55880588482103,762.3242656841198,475.52151007316036,54.28545658123829,896.7575635650824,0.0,1120.539216982666,585.9480259293828,146.6058517415148,1025.2902001172506,0.0,1258.6907301545555,803.8120856342478,123.09644681047234,1484.5277244580232,0.0,1846.1579075831537,913.1177206604605,710.4905934762719,1115.744847844649,602.8449321596718,1223.3905091612492,773.250747137516,0.0,1894.0515951000834,0.0,2489.4770455801972,2003.6210291048942,424.65103732207285,3582.591020887716,0.0,4421.418829022339,1615.514756322626,557.7344644314251,2673.2950482138267,0.0,3235.2408282810275,2491.471256498118,1829.5401546094631,3153.4023583867724,1477.8892567311154,3505.05325626512,378.4194736842105,378.4194736842105,378.4194736842105,378.4194736842105,378.4194736842105,547.1438888888889,547.1438888888889,547.1438888888889,547.1438888888889,547.1438888888889,665.7152631578947,665.7152631578947,665.7152631578947,665.7152631578947,665.7152631578947,1042.4389473684212,1042.4389473684212,1042.4389473684212,1042.4389473684212,1042.4389473684212,1552.766842105263,1552.766842105263,1552.766842105263,1552.766842105263,1552.766842105263,3818.9926315789476,3818.9926315789476,3818.9926315789476,3818.9926315789476,3818.9926315789476,251.66720932691703,199.98037167824728,303.3540469755868,172.52173917739148,330.81267947644255,468.991380021863,156.29546984574603,781.68729019798,0.0,947.806992479042,542.8320145097264,428.4455754786473,657.2184535408055,367.6777797433865,717.9862492760662,276.84800966079234,274.28233846046453,279.41368086112016,272.9193256352904,280.77669368629427,523.5811351898352,413.46324169179786,633.6990286878726,354.9631107709655,692.1991596087049,579.2600067296255,348.88010627792795,809.639907181323,226.49078416296368,932.0292292962873,637.3098667041428,460.0275999431817,814.5921334651039,365.8463957264211,908.7733376818644,737.1170773586111,292.1523266482285,1182.0818280689937,55.76480283333774,1418.4693518838844,1259.010706902932,1239.580015584201,1278.4413982216631,1229.257460821125,1288.763952984739,326.60448728858256,0.0,841.5048389244371,0.0,1115.0456507309848,466.6560419970326,351.97200393597024,581.340080058095,291.04610871603086,642.2659752780344,338.0768387609919,0.0,976.2624160066573,0.0,1315.2985039184168,634.9383486320182,382.61237745581906,887.2643198082174,248.5642052684633,1021.3124919955732,856.3901152178852,477.5739639324294,1235.2062665033409,276.32788356203105,1436.4523468737393,1079.5267473169522,754.7797673973382,1404.2737272365662,582.2579343150433,1576.7955603188611,480.59999999999997,480.59999999999997,480.59999999999997,480.59999999999997,480.59999999999997,698.67,698.67,698.67,698.67,698.67,795.357894736842,795.357894736842,795.357894736842,795.357894736842,795.357894736842
2033-03-01,384.85762519010297,345.30051538521883,424.4147349949871,324.28580080137414,445.4294495788318,208.69952756105837,92.26771808608903,325.13133703602773,30.41331930251158,386.98573581960517,434.2217249911562,295.55319107747073,572.8902589048416,221.88553243582538,646.557917546487,304.1354281517592,238.01587907990412,370.2549772236142,202.88986863548115,405.3809876680372,377.2617086852416,293.4261720308302,461.09724533965306,248.8885431831741,505.63487418730915,547.1969124707875,329.7022162953599,764.6916086462152,214.158158952164,880.235665989411,790.6899577036194,479.25171279127665,1102.128202615962,313.80014518159453,1267.579770225644,1376.8266163870026,769.1758606640183,1984.4773721099868,446.36139668618296,2307.291836087822,1859.0349892595132,1268.2995532898453,2449.770425229181,954.4713529309593,2763.598625588067,444.8643823169198,235.34846748061958,654.38029715322,124.04313772383512,765.6856269100044,476.8084242665004,53.01164169603675,900.605206836964,0.0,1125.747247577523,624.4262808429744,182.4133089597375,1066.4392527262112,0.0,1301.258644039181,805.4967489140444,120.64298298527865,1490.35051484281,0.0,1854.1790779924668,911.743933323206,707.8850189442117,1115.6028477022003,599.5849706803708,1223.9028959660411,774.5612925855427,0.0,1902.1755823198669,0.0,2501.2206737412266,2012.4408195519695,423.87213758442863,3601.00950151951,0.0,4444.936613814766,1618.566937248161,554.3563107982254,2682.7775636980964,0.0,3248.1394589996244,2497.917651085066,1831.9626148571115,3163.872687313021,1478.1740018610105,3517.6613003091215,378.4194736842105,378.4194736842105,378.4194736842105,378.4194736842105,378.4194736842105,547.1438888888889,547.1438888888889,547.1438888888889,547.1438888888889,547.1438888888889,665.7152631578947,665.7152631578947,665.7152631578947,665.7152631578947,665.7152631578947,1042.4389473684212,1042.4389473684212,1042.4389473684212,1042.4389473684212,1042.4389473684212,1552.766842105263,1552.766842105263,1552.766842105263,1552.766842105263,1552.766842105263,3818.9926315789476,3818.9926315789476,3818.9926315789476,3818.9926315789476,3818.9926315789476,252.0064790319068,200.00543278915393,304.00752527465966,172.3798769726915,331.6330810911221,468.0458738911763,153.44905921438522,782.6426885679674,0.0,949.7722463650126,543.4995112268065,428.41770749892726,658.5813149546857,367.2804992684914,719.7185231851215,276.52630838398306,273.9450402545838,279.10757651338236,272.57374156084046,280.47887520712567,528.8068797793975,418.0195704286319,639.5941891301632,359.16381233603767,698.4499472227574,583.2934352819134,351.5130362135667,815.0738343502601,228.37969920850747,938.2071713553194,640.0224748186074,461.6624943818076,818.3824552554072,366.90875477475777,913.136194862457,746.3959633721126,298.7262348550477,1194.0656918891775,60.90169158035701,1431.8902351638683,1259.9565695512101,1240.4077574404348,1279.5053816619854,1230.0224510065855,1289.8906880958348,326.8067669036263,0.0,844.8372406932117,0.0,1120.0409298939287,466.30134502837114,350.9201331412009,581.6825569155413,289.62386432614176,642.9788257306005,339.93377535906757,0.0,981.998935920576,0.0,1323.0960524688771,635.9146397032712,382.05475791731806,889.7745214892243,247.19169571853047,1024.637583688012,859.3183143913515,478.1993081484995,1240.4373206342034,275.72983608198444,1442.9067927007186,1082.3748478033915,755.6537039256948,1409.0959916810882,582.0830962406685,1582.6665993661145,480.59999999999997,480.59999999999997,480.59999999999997,480.59999999999997,480.59999999999997,698.67,698.67,698.67,698.67,698.67,795.357894736842,795.357894736842,795.357894736842,795.357894736842,795.357894736842
2033-04-01,384.8543725196806,345.0596803395994,424.6490646997618,323.9187501189313,445.78999492042993,208.25685019907934,91.12574428966373,325.38795610849496,28.89984427528671,387.613856122872,433.86957678208137,294.3681913326086,573.3709622315541,220.25808031257617,647.4810732515866,299.88139306204954,233.36472601082406,366.39806011327505,198.0277466398605,401.73503948423854,374.7680210375304,290.428963119242,459.1070789558188,245.6238386001513,503.91220347490946,544.6578131853189,325.85683081342756,763.4587955572102,209.61880892836024,879.6968174422775,790.3272908316897,477.0185291318858,1103.6360525314935,310.573249478865,1270.0813321845144,1366.007872968049,754.7075303428101,1977.308215593288,429.95422332315195,2302.061522612946,1857.9188831584736,1263.6354547120295,2452.2023116049177,947.922383349856,2767.9153829670913,446.23808449520646,235.4638045019492,657.0123644884637,123.48996825553127,768.9862007348817,477.18907996553634,50.84694848812268,903.53121144295,0.0,1130.025468790326,592.1870817956485,147.51935347934773,1036.8548101119493,0.0,1273.084540779984,807.1973074987984,118.23026875575056,1496.1643462418463,0.0,1862.1780855740906,906.1141462246054,701.0308429728609,1111.19744947635,592.0803381203716,1220.1479543288392,775.7448989794383,0.0,1910.1317078028123,0.0,2512.77469999023,2018.4461302429045,420.33640944600734,3616.5558510398014,0.0,4465.5516402131525,1621.397558289233,550.795218956606,2691.9998976218603,0.0,3260.7573903923185,2502.4268516921793,1832.4720495545841,3172.381653829774,1476.5585609189868,3528.295142465372,378.4194736842105,378.4194736842105,378.4194736842105,378.4194736842105,378.4194736842105,547.1438888888889,547.1438888888889,547.1438888888889,547.1438888888889,547.1438888888889,665.7152631578947,665.7152631578947,665.7152631578947,665.7152631578947,665.7152631578947,1042.4389473684212,1042.4389473684212,1042.4389473684212,1042.4389473684212,1042.4389473684212,1552.766842105263,1552.766842105263,1552.766842105263,1552.766842105263,1552.766842105263,3818.9926315789476,3818.9926315789476,3818.9926315789476,3818.9926315789476,3818.9926315789476,252.27981391241792,199.96644626549718,304.5931815593387,172.17496970307053,332.3846581217653,466.2335127361736,149.7472107123794,782.7198147599679,0.0,950.8531627101084,543.9879957974713,428.2150038506728,659.7609877442698,366.7106018789361,721.2653897160064,276.07602008055187,273.4792486998729,278.6727914612308,272.0997139038872,280.0523262572165,531.6957868269469,420.2430822481913,643.1484914057025,361.0338329407274,702.3577407131664,587.0694255960818,353.8969395424524,820.2419116497113,230.02405632646173,944.1147948657019,639.7683687492504,460.3371475670753,819.1995899314254,365.0143113140448,914.522426184456,753.4919464472543,303.133486677337,1203.8504062171717,63.8805549245684,1443.1033379699402,1263.4359313226068,1243.769707873226,1283.1021547719877,1233.3220266657424,1293.5498359794713,326.99659000567374,0.0,848.1383859063652,0.0,1124.9949649786076,465.7483016040666,349.6741032346058,581.8224999735274,288.0096853508297,643.4869178573035,341.6479144599829,0.0,987.569356904316,0.0,1330.715123202868,636.9194890659703,381.534909596606,892.3040685353346,245.86185175350613,1027.9771263784346,860.2296981744506,476.82166831024347,1243.6377280386578,273.13615244488346,1447.3232439040178,1081.4003392204531,752.7168885470264,1410.0837898938798,578.1038053767685,1584.696873064138,480.59999999999997,480.59999999999997,480.59999999999997,480.59999999999997,480.59999999999997,698.67,698.67,698.67,698.67,698.67,795.357894736842,795.357894736842,795.357894736842,795.357894736842,795.357894736842
2033-05-01,384.7855792548115,344.75471472131477,424.8164437883083,323.4883179378946,446.08284057172847,207.12311510028994,89.29686299359722,324.94936720698263,26.70166656191671,387.54456363866313,433.2999908440627,292.9706967288501,573.6292849592753,218.42075923014343,648.179222457982,295.0506649386376,228.13923675374738,361.9620931235279,192.59254053052445,397.5087893467508,370.6558738056899,285.8162829594603,455.4954646519195,240.7452503224008,500.566497288979,540.3877600758206,320.2882441532091,760.487275998432,203.36037631932186,877.4151438323192,787.2961495949949,472.1279723916982,1102.4643267982915,304.6948782524469,1269.8974209375428,1349.8248243874827,734.8965547033226,1964.7530940716429,408.21591143361263,2291.4337373413528,1849.104475678042,1251.2941116479037,2446.9148397081804,933.7073557568929,2764.501595599191,447.53844332314463,235.51326641327796,659.5636202330113,122.87489117991129,772.201995466378,476.70507388802207,47.8326998321362,905.5774479439079,0.0,1133.4158966610973,630.8829298743346,183.57620077347724,1078.189658975192,0.0,1315.8213588100225,808.9163272339008,115.86042743799214,1501.9722270298093,0.0,1870.1581737963859,897.2744530684514,690.974027539293,1103.5748785976098,581.3769264769276,1213.1719796599752,776.8093234085258,0.0,1917.9284572643705,0.0,2524.147997125288,2021.6253228790067,414.03118812888783,3629.219457629126,0.0,4483.253841715126,1623.9680156349536,547.0118974388486,2700.9241338310585,0.0,3273.0570716227394,2506.6949860571376,1832.7641561219934,3180.625815992282,1474.7384027189482,3538.651569395327,378.4194736842105,378.4194736842105,378.4194736842105,378.4194736842105,378.4194736842105,547.1438888888889,547.1438888888889,547.1438888888889,547.1438888888889,547.1438888888889,665.7152631578947,665.7152631578947,665.7152631578947,665.7152631578947,665.7152631578947,1042.4389473684212,1042.4389473684212,1042.4389473684212,1042.4389473684212,1042.4389473684212,1552.766842105263,1552.766842105263,1552.766842105263,1552.766842105263,1552.766842105263,3818.9926315789476,3818.9926315789476,3818.9926315789476,3818.9926315789476,3818.9926315789476,252.47592093852745,199.85208547604077,305.09975640101413,171.89567288659475,333.05616899046015,463.9165633976028,145.55198789867995,782.2811388965256,0.0,951.4123196303283,544.254899994117,427.7948219443199,660.714978043914,365.92540548036516,722.5843945078688,275.5259295120282,272.9137468899334,278.138112134123,271.52602487194554,279.52583415211086,532.8213963938426,420.7072456248317,644.9355471628535,361.1466030287947,704.4961897588905,591.7347250015105,357.17841382532833,826.2910361776926,232.57037351298152,950.8990764900394,637.3004691989631,456.8043649517034,817.7965734462229,360.91580957034665,913.6851288275795,759.0829302240304,306.05169648608825,1212.1141639619725,65.37885356280651,1452.7870068852544,1268.9755343078057,1249.192596341478,1288.7584722741333,1238.6829105468667,1299.2681580687447,327.15734431481974,0.0,851.391997017723,0.0,1129.8916562661402,465.0877015344855,348.3246294711238,581.8507735978473,286.29424743746284,643.8811556315081,342.9841622223979,0.0,992.7389999972778,0.0,1337.9212575651827,637.9364074461251,381.0361791840426,894.8366357082077,244.55793291981132,1031.314881972439,859.2531028556314,473.56963443992856,1244.9365712713343,268.6752918440865,1449.8309138671762,1076.6652502438842,746.031138820953,1407.2993616668155,570.3817671275208,1582.9487333602476,480.59999999999997,480.59999999999997,480.59999999999997,480.59999999999997,480.59999999999997,698.67,698.67,698.67,698.67,698.67,795.357894736842,795.357894736842,795.357894736842,795.357894736842,795.357894736842
2033-06-01,384.6986535054419,344.4330018294672,424.9643051814166,323.0418743766056,446.35543263427815,206.09979496633753,87.58247387166763,324.61711606100744,24.620147040124237,387.5794428925508,433.0495670184192,291.89722013242056,574.2019139044179,216.9100358492338,649.1890981876047,290.34405661821495,223.0401826741405,357.6479305622894,187.28499964135096,393.40311359507893,365.6931241678301,280.35593614662275,451.03031218903743,235.02055501035636,496.3656933253038,535.4265036289099,314.03607038521477,756.8169368726051,196.4224027245018,874.430604533318,782.9008662557358,465.8841794939303,1099.9175530175412,297.46906465172117,1268.3326678597505,1331.6991761546074,713.1642581267115,1950.2340941825032,384.5675829243919,2278.830769384823,1836.0333779481152,1234.7167647087729,2437.349991187458,915.2673139253723,2756.7994419708584,448.79274591142473,235.52400891360665,662.0614829092428,122.22499238351577,775.3604994393337,475.58082910053406,44.19305298262043,906.9686052184477,0.0,1136.1433612810893,598.1189464844038,148.18869500998227,1048.0491979588253,0.0,1287.0746440546116,810.6534450210796,113.53266638263699,1507.7742236595222,0.0,1878.1196373111948,887.0684635581043,679.5580544833384,1094.5788726328703,569.318149662369,1204.8187774538396,777.7927404923588,0.0,1925.6047125815799,0.0,2535.3798227539787,2022.739019769025,405.7160995664601,3639.7619399715895,0.0,4498.805366329202,1626.302112532822,543.029482002745,2709.574743062899,0.0,3285.0633280320026,2512.799073428594,1834.915536110479,3190.682610746709,1474.7899069102305,3550.8082399469577,378.4194736842105,378.4194736842105,378.4194736842105,378.4194736842105,378.4194736842105,547.1438888888889,547.1438888888889,547.1438888888889,547.1438888888889,547.1438888888889,665.7152631578947,665.7152631578947,665.7152631578947,665.7152631578947,665.7152631578947,1042.4389473684212,1042.4389473684212,1042.4389473684212,1042.4389473684212,1042.4389473684212,1552.766842105263,1552.766842105263,1552.766842105263,1552.766842105263,1552.766842105263,3818.9926315789476,3818.9926315789476,3818.9926315789476,3818.9926315789476,3818.9926315789476,252.61605517917957,199.68357287385174,305.5485374845074,171.56319164914635,333.6689187092128,461.66663338694286,141.43480096467664,781.898465809209,0.0,952.021626783538,544.3900403867088,427.24690616870964,661.533174604708,365.0146161153976,723.7654646580202,274.93123637242377,272.3037328997648,277.55873984508275,270.9078716799147,278.95460106493283,533.3809571675887,420.60923975850756,646.1526745766698,360.69926488493326,706.0626494502442,598.2009801726085,362.2689603602779,834.1329999849391,236.9300748349773,959.4718855102398,633.9905097132918,452.43576821104216,815.5452512155414,355.98481178797203,911.9962076386115,764.1162859621502,308.42795475548905,1219.8046171688113,66.34352880195036,1461.88904312235,1275.9576638818137,1256.058695958875,1295.8566318047524,1245.4873692498138,1306.4279585138136,327.2807612264421,0.0,854.5901303395552,0.0,1134.7232326808964,464.511465361603,347.0635600238121,581.9593706993938,284.66936031311076,644.3535704100952,343.7828401785494,0.0,997.3485894451042,0.0,1344.555393742961,638.952678022465,380.5456906334315,897.3596654114984,243.26697858300747,1034.6383774619226,856.9531252605154,469.0075643193182,1244.8986862017127,262.9114850693071,1450.9947654517237,1069.1782866473095,736.6049555964394,1401.7516176981796,559.9253734756646,1578.4311998189544,480.59999999999997,480.59999999999997,480.59999999999997,480.59999999999997,480.59999999999997,698.67,698.67,698.67,698.67,698.67,795.357894736842,795.357894736842,795.357894736842,795.357894736842,795.357894736842
2033-07-01,384.65315752755504,344.15407982839406,425.152235226716,322.63894480071474,446.66737025439534,205.97188906904697,86.76750528470677,325.17627285338716,23.440176399276055,388.5036017388179,433.58961492869946,291.6189867129423,575.5602431444566,216.19709047332128,650.9821393840776,286.4020092537836,218.70796465591664,354.0960538516506,182.74550346329983,390.0585150442674,360.7717020200177,274.939801518059,446.60360252197637,229.34160437639346,492.20179966364196,530.9432724673296,308.2694056704058,753.6171392642534,189.97391393454,871.9126310001193,778.6108268477518,459.75634679577445,1097.465306899729,290.3649042681615,1266.856749427342,1315.4565348466913,693.3358771099493,1937.5771925834333,362.83427768730496,2268.0787920060775,1822.6704034306397,1217.867867578301,2427.4729392829786,896.5665204067462,2748.774286454533,450.0629216404153,235.55783378087585,664.5680094999548,121.60200585549552,778.5238374253352,474.1575705719866,40.26897480161307,908.04616634236,0.0,1138.549482845371,635.5539651994849,183.01540056132666,1088.092529837643,0.0,1328.5036423016645,812.4035724197231,111.24148004947767,1513.5656647899687,0.0,1886.0580263616614,877.6733236559769,668.9599456102907,1086.3867017016632,558.0809635235198,1197.265683788434,778.7492865091081,0.0,1933.215296788658,0.0,2546.5253647496684,2023.0901833722426,396.6931387248178,3649.4872280196673,0.0,4513.5106579886115,1628.4746666544918,538.9221421789241,2718.0271911300597,0.0,3296.851969757705,2522.5266798394237,1840.7133499632998,3204.3400097155472,1478.5000184666092,3566.553341212238,378.4194736842105,378.4194736842105,378.4194736842105,378.4194736842105,378.4194736842105,547.1438888888889,547.1438888888889,547.1438888888889,547.1438888888889,547.1438888888889,665.7152631578947,665.7152631578947,665.7152631578947,665.7152631578947,665.7152631578947,1042.4389473684212,1042.4389473684212,1042.4389473684212,1042.4389473684212,1042.4389473684212,1552.766842105263,1552.766842105263,1552.766842105263,1552.766842105263,1552.766842105263,3818.9926315789476,3818.9926315789476,3818.9926315789476,3818.9926315789476,3818.9926315789476,252.74881256792216,199.50947272204485,305.98815241379947,171.22607342892252,334.2715517069218,460.1143961948882,138.02613180073882,782.2026605890376,0.0,953.3120510484293,544.5775952500697,426.7553647098719,662.3998257902676,364.1623047353918,724.9928857647477,274.35969278277537,271.71695727832247,277.00242828722827,270.3130040415819,278.40638152396883,534.7588029045127,421.33333093224894,648.1842748767764,361.07604894698386,708.4415568620415,606.7882894262293,369.4885363018867,844.0880425505719,243.42304245457973,970.153536397879,631.3507900122474,448.7435484377148,813.9580315867801,351.73345135124436,910.9681286732505,769.4225162268897,311.09249140449015,1227.7525410492892,67.60466571759048,1471.240366736189,1283.7394563778362,1263.7251311527198,1303.7537816029526,1253.0925208768767,1314.3863918787956,327.36892795294773,0.0,857.7351885827177,0.0,1139.492264542283,464.2504256596534,346.1216571957625,582.3791941235443,283.36574894932045,645.1351023699863,343.98263018911166,0.0,1001.3371981483261,0.0,1350.5568123766589,639.9582318542517,380.05322039459924,899.8632433139041,241.97868305665884,1037.9377806518446,854.1486152876284,463.9540757323011,1244.3431548429558,256.6632265935334,1451.6340039817235,1060.6249583705267,726.123649828823,1395.1262669122302,548.4198296660429,1572.8300870750104,480.59999999999997,480.59999999999997,480.59999999999997,480.59999999999997,480.59999999999997,698.67,698.67,698.67,698.67,698.67,795.357894736842,795.357894736842,795.357894736842,795.357894736842,795.357894736842
2033-08-01,384.7042088046542,343.97304280029783,425.4353748090105,322.3346108604835,447.07380674882484,207.263210831494,87.37570177674952,327.1507198862385,23.685462591416524,390.8409590715715,435.1684227643454,292.3842026259554,577.9526429027353,216.53008567743575,653.806759851255,283.6019608993213,215.519981637874,351.68394016076854,179.35143015523013,387.85249164341246,356.62164022578145,270.297862341647,442.9454181099159,224.43835534070058,488.8049251108623,527.8658658282105,303.9159205798195,751.8158110766016,184.94251216661178,870.7892194898093,775.62093876225,454.9391974469689,1096.3026800775312,284.5770223732258,1266.6648551512742,1304.2081658244604,678.5223175381042,1929.8940141108164,346.1267106359775,2262.2896210129434,1812.4172765421445,1204.14879520417,2420.685757880119,881.0061644933712,2743.8283885909177,451.4192327073021,235.68487926628666,667.1535861483176,121.07600400074722,781.762461413857,472.8005844243078,36.42550070020917,909.1756681484064,0.0,1140.9999313768337,601.3680756769179,146.23614559763547,1056.5000057562004,0.0,1298.2888436108192,814.156468683707,108.97622254476948,1519.3367148226444,0.0,1893.963720583955,871.0526582122891,661.1432051709685,1080.9621112536097,549.6288082427669,1192.4765081818114,779.7311270928794,0.0,1940.8130425967838,0.0,2557.637810208233,2024.1551971364363,388.4377492820324,3659.87264499084,0.0,4528.847539163492,1630.5879095285973,534.7914799274545,2726.38433912974,0.0,3308.526192355347,2536.785179257726,1851.0645776810957,3222.5057808343568,1486.7755080935108,3586.7948504219416,378.4194736842105,378.4194736842105,378.4194736842105,378.4194736842105,378.4194736842105,547.1438888888889,547.1438888888889,547.1438888888889,547.1438888888889,547.1438888888889,665.7152631578947,665.7152631578947,665.7152631578947,665.7152631578947,665.7152631578947,1042.4389473684212,1042.4389473684212,1042.4389473684212,1042.4389473684212,1042.4389473684212,1552.766842105263,1552.766842105263,1552.766842105263,1552.766842105263,1552.766842105263,3818.9926315789476,3818.9926315789476,3818.9926315789476,3818.9926315789476,3818.9926315789476,252.9371731055934,199.39273425854043,306.48161195264635,170.94725112104354,334.9270950901432,459.781019762449,135.8469622378526,783.7150772870453,0.0,955.8050453469871,545.0313425101994,426.5339074134055,663.5287776069932,363.58214501823375,726.480540002165,273.8743621460759,271.2164819015659,276.5322423905859,269.8044830216699,277.9442412704819,538.0438384453944,423.9683584469832,652.1193184438056,363.36575969782723,712.7219171929615,617.0344613013613,378.3748130718754,855.6941095308471,251.58687494996104,982.4820476527615,630.5264511528453,446.8727411740628,814.1801611316278,349.3067077478346,911.746194557856,775.3748002202663,314.41822080145477,1236.3313796390778,69.53503798521126,1481.2145624553214,1291.7617114726352,1271.6326900350364,1311.890732910234,1260.9391473963121,1322.5842755489582,327.43355748176333,0.0,860.8391911924889,0.0,1144.2109341013118,464.49935009536676,345.6936203961792,583.3050797945543,282.5780764934858,646.4206236972477,343.62151689136033,0.0,1004.7431905788427,0.0,1355.9640797253178,640.9440879510845,379.54963729803774,902.3385386041313,240.68383538860667,1041.2043405135623,851.6726565714004,459.24202684990723,1244.1032862928935,250.76325481036406,1452.5820583324366,1052.9226321387926,716.5043949607934,1389.3408693167917,537.7822064599816,1568.0630578176035,480.59999999999997,480.59999999999997,480.59999999999997,480.59999999999997,480.59999999999997,698.67,698.67,698.67,698.67,698.67,795.357894736842,795.357894736842,795.357894736842,795.357894736842,795.357894736842
2033-09-01,384.88715129617344,343.9252119662761,425.8490906260708,322.1641816972682,447.6101208950787,210.06282200859593,89.49605817503104,330.62958584216085,25.444964888449704,394.68067912874216,437.71328376985593,294.1200814060962,581.3064861336156,217.8361926503488,657.590374889363,281.92974470254325,213.4620287606902,350.3974606443963,177.0885546665808,386.77093473850573,353.5776655371427,266.76479717881335,440.39053389547206,220.6454608634509,486.5098702108345,526.5812620043423,301.3624683852918,751.8000556233928,181.71498427517122,871.4475397335134,774.4977627266987,451.9991131531153,1096.9964123002821,280.67170556714905,1268.3238198862484,1299.4354855515319,670.2046465831627,1928.666324519901,335.9257633812167,2262.945207721847,1807.223555240833,1195.5087659762673,2418.938344505399,870.5352841794669,2743.911826302199,452.9122121716637,235.95555799485078,669.8688663484767,120.69733546341888,785.1270888799086,471.804517901312,32.957034314085035,910.652001488539,0.0,1143.7897271442534,637.3313620085429,179.6207601315259,1095.0419638855599,0.0,1338.200721132725,815.8979172370595,106.72228362284386,1525.073550851275,0.0,1901.823106208827,868.4703270841837,657.3715758397218,1079.5690783286457,545.2253642411015,1191.715289927266,780.7720667072249,0.0,1948.4324026481395,0.0,2568.7519561167505,2027.1757318634834,382.19068889416485,3672.160774832802,0.0,4546.0590789102525,1632.7422376035622,530.7372799640143,2734.74719524311,0.0,3320.18732898912,2555.2547284009843,1865.6489931750773,3244.860463626891,1499.2959463363143,3611.2135104656545,378.4194736842105,378.4194736842105,378.4194736842105,378.4194736842105,378.4194736842105,547.1438888888889,547.1438888888889,547.1438888888889,547.1438888888889,547.1438888888889,665.7152631578947,665.7152631578947,665.7152631578947,665.7152631578947,665.7152631578947,1042.4389473684212,1042.4389473684212,1042.4389473684212,1042.4389473684212,1042.4389473684212,1552.766842105263,1552.766842105263,1552.766842105263,1552.766842105263,1552.766842105263,3818.9926315789476,3818.9926315789476,3818.9926315789476,3818.9926315789476,3818.9926315789476,253.2412484183435,199.39343921809126,307.08905761859575,170.78679058045728,335.69570625622976,460.93663315813086,135.16724050703857,786.7060258092231,0.0,959.7710156551159,545.9214878624879,426.7526738230328,665.090301901943,363.4442413645723,728.3987343604035,273.5175605088286,270.84462133222587,276.1904996854313,269.42462239465567,277.6104986230015,543.6367276715058,428.9149225008886,658.3585328421229,367.9689635039982,719.3044918390134,627.7264724527489,387.7146340922841,867.7383108132137,260.2083449632872,995.2445999422107,631.9005718031722,447.2063225627538,816.5948210435905,349.08750265378154,914.7136409525629,781.6926924075021,318.1244400807486,1245.2609447342556,71.85380603216083,1491.5315787828436,1299.6221500197664,1279.3790822222736,1319.8652178172592,1268.6249524548555,1330.6193475846774,327.4927274322268,0.0,863.9205135640382,0.0,1148.8977749465628,465.3504391784145,345.8715838109593,584.8292945458697,282.39844189699875,648.3024364598302,342.81639516132486,0.0,1007.6838306865056,0.0,1360.894655809258,641.9010703815095,379.0256194877943,904.7765212752247,239.37303620050812,1044.429104562511,850.139696787083,455.48564627141764,1244.7937473027484,245.82568193497048,1454.4537116391957,1047.7195170920181,709.3952123254337,1386.0438218586025,529.6604254181857,1565.7786087658505,480.59999999999997,480.59999999999997,480.59999999999997,480.59999999999997,480.59999999999997,698.67,698.67,698.67,698.67,698.67,795.357894736842,795.357894736842,795.357894736842,795.357894736842,795.357894736842
2033-10-01,385.20759263067185,344.01617285351506,426.39901240782865,322.1332310969005,448.2819541644432,213.9709407953444,92.72872762169027,335.21315396899854,28.318801873186516,399.62307971750226,440.82027159384336,296.4226192250077,585.217923962679,219.7113664040637,661.929176783623,280.96096728945287,212.10967570801327,349.8122588708925,175.5324270553735,386.38950752353225,351.4630313465164,264.16381258133003,438.76225011170277,217.7861026123248,485.13996008070797,526.7908178759999,300.3102844483262,753.2713513036736,179.9925010648745,873.5891346871254,775.0081464485008,450.70276761464754,1099.313525282354,278.415535109163,1271.6007577878386,1300.5273303397018,667.7713610499144,1933.2832996294892,331.6197523647148,2269.434908314689,1807.1312210678248,1191.9894313796435,2422.273010756006,865.1953556077973,2749.067086527852,454.550955768887,236.37884864109336,672.7230628966806,120.47491672945301,788.6269948083209,471.3216563208925,30.015624177132963,912.627688464652,0.0,1147.0715180410243,602.1403853726281,141.86555837950493,1062.4152123657514,0.0,1306.9362142058478,817.6122902786515,104.4636528406512,1530.7609277166516,0.0,1909.6211413555893,870.1921118897797,657.9107253344905,1082.4734984450688,545.1362387269933,1195.247985052566,781.8772195735205,0.0,1956.0791211854555,0.0,2579.873881416796,2032.8209734323373,378.62025587409084,3687.021690990584,0.0,4565.815822193402,1635.0092462510656,526.8305430638623,2743.1879494382692,0.0,3331.907885506471,2576.382843415698,1882.9137405089343,3269.851946322462,1514.508279589716,3638.25740724168,378.4194736842105,378.4194736842105,378.4194736842105,378.4194736842105,378.4194736842105,547.1438888888889,547.1438888888889,547.1438888888889,547.1438888888889,547.1438888888889,665.7152631578947,665.7152631578947,665.7152631578947,665.7152631578947,665.7152631578947,1042.4389473684212,1042.4389473684212,1042.4389473684212,1042.4389473684212,1042.4389473684212,1552.766842105263,1552.766842105263,1552.766842105263,1552.766842105263,1552.766842105263,3818.9926315789476,3818.9926315789476,3818.9926315789476,3818.9926315789476,3818.9926315789476,253.7013592032787,199.55187924374684,307.8508391628106,170.78496801524554,336.6177503913119,463.5239704477009,135.92952490233665,791.1184159930651,0.0,965.1529651890398,547.3136334359303,427.47720176917227,667.1500651026885,363.81409744620703,730.8131694256537,273.3002234644653,270.6123097215267,275.98813720740395,269.1843555455905,277.41609138334013,551.0574787966345,435.6929694085988,666.4219881846702,374.40557379620486,727.7093837970642,637.1503365123285,395.7938834945609,878.5067895300962,267.57326782887185,1006.7274051957852,634.9230718458887,449.1941128330497,820.6520308587276,350.525603357479,919.3205403342984,787.4482189239068,321.282925255373,1253.6135125924407,73.63261299396447,1501.2638248538492,1307.0983741901969,1286.7418989630737,1327.45484941732,1275.9275214986646,1338.269226881729,327.5659715602749,0.0,866.9989788876093,0.0,1153.5727640302557,466.7542625244937,346.6060525899377,586.9024724590497,282.77731606220476,650.7312089867826,341.72733462432876,0.0,1010.3195468316824,0.0,1365.509159566839,642.8193885149893,378.4712344965811,907.1675425333976,238.03627767430174,1047.6024993556769,849.7826862720517,452.9176713951605,1246.6477011489428,242.083132241812,1457.4822403022913,1045.9709965684635,705.7513027151635,1386.1906904217635,525.0095903555981,1566.932402781329,480.59999999999997,480.59999999999997,480.59999999999997,480.59999999999997,480.59999999999997,698.67,698.67,698.67,698.67,698.67,795.357894736842,795.357894736842,795.357894736842,795.357894736842,795.357894736842
2033-11-01,385.63944960560946,344.21982077036154,427.0590784408574,322.21564295163614,449.0632562595828,218.18042675954044,96.2665064337919,340.094347085289,31.49973626073799,404.8611172583429,443.83613779218035,298.63849230788685,589.0337832764739,221.50224314435593,666.1700324400048,279.9585159393357,210.72577384016307,349.19125803850835,173.94587959997762,385.9711522786938,349.62309359040876,261.84021894265584,437.4059682381617,215.20556678603705,484.0406203947805,528.7412930574454,301.00601023076797,756.4765758841229,180.02164122909556,877.4609448857952,776.1773749510329,450.0752766683736,1102.2794732336922,276.8335369557109,1275.5212129463548,1304.8975623827894,668.6359930303107,1941.1591317352681,330.6220343118064,2279.1730904537726,1810.3698776108708,1191.8200740893071,2428.9196811324346,863.2154909684766,2757.524264253265,456.2940573165951,236.9132312046359,675.6748834285543,120.36716733265757,792.2209473005327,471.33165090647776,27.580691288251955,915.0826105247036,0.0,1150.825307821886,637.4781673270294,174.6533217790859,1100.3030128749729,0.0,1346.178712072318,819.2858885120019,102.18625885986751,1536.385518164136,0.0,1917.3446964168324,875.4518840736632,661.9944143549839,1088.9093537923427,548.5951335669355,1202.3086345803908,783.0215459176602,0.0,1963.7287710029132,0.0,2590.979484329454,2041.0102291480055,377.64489454839804,3704.375563747613,0.0,4588.038397753654,1637.4142191878218,523.0959748190055,2751.7324635566383,0.0,3343.7140308775715,2597.7258356222414,1900.4147692277952,3295.0369020166877,1529.9682652057459,3665.483406038737,378.4194736842105,378.4194736842105,378.4194736842105,378.4194736842105,378.4194736842105,547.1438888888889,547.1438888888889,547.1438888888889,547.1438888888889,547.1438888888889,665.7152631578947,665.7152631578947,665.7152631578947,665.7152631578947,665.7152631578947,1042.4389473684212,1042.4389473684212,1042.4389473684212,1042.4389473684212,1042.4389473684212,1552.766842105263,1552.766842105263,1552.766842105263,1552.766842105263,1552.766842105263,3818.9926315789476,3818.9926315789476,3818.9926315789476,3818.9926315789476,3818.9926315789476,254.32600003691275,199.87652066282948,308.775479410996,170.95023474534776,337.70176532847773,467.1679129428748,137.75852583302384,796.5773000527258,0.0,971.5760369548341,549.1370937508866,428.63674325482816,669.637444246945,364.6209320537971,733.6532554479761,273.19949179549445,270.49668644972144,275.90229714126747,269.06082110977945,277.33816248120945,559.0092882412127,443.00563540614326,675.0129410762822,381.3786948375126,736.6398816449129,643.4961311529704,400.8025130385547,886.1897492673861,271.8715284152713,1015.1207338906695,638.2130865190384,451.45515033022775,824.971022707849,352.23999672992215,924.1861763081546,791.276675150461,322.52872851297434,1260.0246217879476,73.50638186180959,1509.0469684391123,1314.119717021121,1293.650462674881,1334.588971367361,1282.776171303441,1345.463262738801,327.6690422231176,0.0,870.0906209367116,0.0,1158.2520846283085,468.5196706532181,347.7058145727212,589.333526733715,283.52345352995724,653.515887776479,340.51617651921845,0.0,1012.8125290504629,0.0,1369.9699663326865,643.6893673282391,377.8766693935729,909.5020652629053,236.66367361578153,1050.7150610406966,850.4034262913104,451.3396964460027,1249.467156136618,239.33708996568294,1461.469762616938,1047.705438243418,705.60085631638,1389.810020170456,523.857797167641,1571.5530793191951,480.59999999999997,480.59999999999997,480.59999999999997,480.59999999999997,480.59999999999997,698.67,698.67,698.67,698.67,698.67,795.357894736842,795.357894736842,795.357894736842,795.357894736842,795.357894736842
2033-12-01,386.131488366825,344.48490096231546,427.77807577133456,322.36015140366976,449.90282532998026,221.67335082282167,99.09140401522632,344.25529763041703,33.969744773691275,409.3769568719521,446.0118446603194,300.0185896834746,592.0050996371642,222.45967297702575,669.564016343613,278.0608625577885,208.44876012790428,347.6729649876727,171.46733071202829,384.6543944035487,347.1002068771785,258.83632657592307,435.3640871784339,211.94614016588108,482.25427358847594,532.3018001544034,303.31864342314964,761.2849568856572,181.67134140967107,882.9322588991357,776.5614346230278,448.672462151953,1104.4504070941025,274.48144552669453,1278.6414237193612,1308.6538702954456,668.9059100815034,1948.4018305093878,329.0398062178467,2288.267934373044,1813.9691649139627,1192.030022029105,2435.9083077988203,861.6248523715244,2766.313477456401,458.05594935429735,237.4730275254533,678.6388711831414,120.2883503038799,795.8235484047148,471.6598188088134,25.477328881515007,917.8423087361118,0.0,1154.876756509989,602.2753620779467,136.91447099511618,1067.6362531607774,0.0,1314.859226548531,820.9102052331118,99.8812331281207,1541.939177338103,0.0,1924.9858187688794,882.6880443409384,668.0609358956963,1097.3151527861805,554.0402845341613,1211.3358041477154,784.1575917858785,0.0,1971.3344939314488,0.0,2602.022223196283,2050.9423448691527,378.4626114418354,3723.4220782964703,0.0,4611.9269366797325,1639.9325726892448,519.5084292200268,2760.356716158463,0.0,3355.582042376485,2616.5482368738367,1915.4162593218157,3317.6802144258577,1542.939896247305,3690.1565775003683,378.4194736842105,378.4194736842105,378.4194736842105,378.4194736842105,378.4194736842105,547.1438888888889,547.1438888888889,547.1438888888889,547.1438888888889,547.1438888888889,665.7152631578947,665.7152631578947,665.7152631578947,665.7152631578947,665.7152631578947,1042.4389473684212,1042.4389473684212,1042.4389473684212,1042.4389473684212,1042.4389473684212,1552.766842105263,1552.766842105263,1552.766842105263,1552.766842105263,1552.766842105263,3818.9926315789476,3818.9926315789476,3818.9926315789476,3818.9926315789476,3818.9926315789476,255.08795971422626,200.34012479512018,309.83579463333234,171.25533749434504,338.9205819341075,471.2686867446188,140.0543031801355,802.483070309102,0.0,978.4407115777337,551.1917664406421,430.03113510882594,672.3523977724583,365.6645497137986,736.7189831674857,273.1651168979755,270.4475015490344,275.8827322469166,269.00376839490946,277.32646540104156,565.6845282154441,449.04523416829863,682.3238222625895,387.08060920575264,744.2884472251355,645.3122631787912,401.28880706521636,889.3357192923661,271.65134600487966,1018.9731803527028,639.9096889133958,452.12841390703403,827.6909639197577,352.36961155990434,927.4497662668873,791.7376835373248,320.42123577356415,1263.0541313010854,70.0343728990664,1513.440994175583,1320.700950106959,1300.1195346233328,1341.2823655905852,1289.1856576476566,1352.2162425662614,327.809743012418,0.0,873.2035170088611,0.0,1162.9439594444716,470.3536369022769,348.87778213434416,591.8294916702096,284.3437342888799,656.3635395156739,339.3102257742802,0.0,1015.2904215117794,0.0,1374.4049004973258,644.5032279880331,377.2340112164938,911.7724447595724,235.24723980661355,1053.7592161694527,851.4481640035626,450.1977672151451,1252.69856079198,237.03349392129837,1465.8628340858268,1052.0404295610883,708.0612879473651,1396.0195711748115,525.3223689650747,1578.758490157102,480.59999999999997,480.59999999999997,480.59999999999997,480.59999999999997,480.59999999999997,698.67,698.67,698.67,698.67,698.67,795.357894736842,795.357894736842,795.357894736842,795.357894736842,795.357894736842
2034-01-01,386.6205660646697,344.74825024582333,428.492881883516,322.5035824670612,450.7375496622781,223.4810153046144,100.23466283490714,346.7273677743217,34.760038085375186,412.2019925238536,446.6878136020717,299.9032614745215,593.4723657296219,221.9239681567605,671.4516590473829,274.51112857683904,204.52172201522552,344.50053513845256,167.33984977936836,381.6824073743097,342.9028709399592,254.16059211951426,431.64514976040414,207.01625649615286,478.7894853837655,533.7029798582305,303.4787129160311,763.9272468004299,181.17207110298767,886.2338886134733,774.6597630216778,444.99360153111564,1104.32592451224,269.8584532392545,1279.4610728041011,1307.6397757894658,664.4243215589876,1950.855230019944,322.71611149904606,2292.5634400798854,1814.7143300035236,1189.404218564297,2440.0244414427502,857.2082218622081,2772.220438144839,459.7271280477111,237.94862606987252,681.5056300255497,120.12879689414575,799.3254592012765,472.03797656947404,23.437135650343407,920.6388174886047,0.0,1158.9580142268928,637.8401302942195,169.95693948444654,1105.7233211039925,0.0,1354.2862662216844,822.4842518084108,97.5472349701671,1547.4212686466544,0.0,1932.5440588419715,889.9840357645419,674.1936282380937,1105.7744432909901,559.5549742396681,1220.4130972894156,785.2302228076829,0.0,1978.8417352385018,0.0,2612.9478512173746,2061.3224971944064,379.7777665664762,3742.8672278223366,0.0,4636.187865968424,1642.5008946544592,516.003947120086,2768.9978421888327,0.0,3367.4493455664683,2630.5210121650957,1925.588833458622,3335.4531908715694,1551.0936135208083,3709.948410809383,378.4194736842105,378.4194736842105,378.4194736842105,378.4194736842105,378.4194736842105,547.1438888888889,547.1438888888889,547.1438888888889,547.1438888888889,547.1438888888889,665.7152631578947,665.7152631578947,665.7152631578947,665.7152631578947,665.7152631578947,1042.4389473684212,1042.4389473684212,1042.4389473684212,1042.4389473684212,1042.4389473684212,1552.766842105263,1552.766842105263,1552.766842105263,1552.766842105263,1552.766842105263,3818.9926315789476,3818.9926315789476,3818.9926315789476,3818.9926315789476,3818.9926315789476,255.92970014504976,200.88512681987385,310.9742734702257,171.64269724087413,340.21670304922543,475.1541160620908,142.1445194377386,808.163712686443,0.0,985.0750608931301,553.1922679435797,431.3749346129915,675.009601274168,366.65947628111655,739.7250596060429,273.1329398508447,270.4005947715289,275.8652849301605,268.94903644814246,277.31684325354695,569.2324870163845,451.9609970431025,686.5039769896666,389.6605179947964,748.8044560379726,641.8886523793692,396.542566219916,887.2347385388224,266.2024579477066,1017.5748468110319,638.1777326130931,449.3786654635812,826.976799762605,349.079161040403,927.2763041857831,787.7298424231263,313.8588152559874,1261.6008695902653,62.11483207344486,1513.3448527728078,1326.8607574850605,1306.1677887969233,1347.5537261731977,1295.1746491813503,1358.5468657887707,327.9859373047551,0.0,876.3357967686006,0.0,1167.6466596087685,471.9310949675246,349.7968296601967,594.0653602748524,284.9130012156788,658.9491887193703,338.1800347801118,0.0,1017.8241066528828,0.0,1378.8850198352925,645.257453988812,376.53961296585703,913.975295011767,233.78325992241224,1056.7316480552117,852.1862172602387,448.76100564391413,1255.6114288765632,234.4413619727418,1469.9310725477355,1057.4430690261133,711.5995281652868,1403.28660988694,527.8701470829727,1587.0159909692538,480.59999999999997,480.59999999999997,480.59999999999997,480.59999999999997,480.59999999999997,698.67,698.67,698.67,698.67,698.67,795.357894736842,795.357894736842,795.357894736842,795.357894736842,795.357894736842
2034-02-01,387.0479884783797,344.9511546113896,429.1448223453698,322.5872116195511,451.5087653372083,222.93844927611892,99.03125371817526,346.84564483406257,33.20555607801771,412.6713424742201,445.46217513840634,297.8905688320543,593.0337814447583,219.49315298180483,671.4311972950079,268.86557827939794,198.5008907082521,339.2302658505438,161.11965043608086,376.611506122715,336.29608416422354,247.07797201956515,425.51419630888194,199.6808499427154,472.91131838573165,531.9009125004582,300.4421902376403,763.3596347632761,177.47974403551837,886.322080965398,769.3564648378933,437.92264369752525,1100.7902859782614,261.8484262167047,1276.864503459082,1298.5707903574444,651.9064349736478,1945.235145741241,308.365996176006,2288.775584538883,1810.1776914081308,1181.514686703763,2438.840696112499,847.5374654545673,2772.8179173616945,461.20286336688105,238.23519199607804,684.1705347376841,119.78361658033896,802.6221101534231,472.1903140486826,21.18408944753736,923.1965386498277,0.0,1162.7935954691861,603.1184963337156,132.7265304847411,1073.5104621826902,0.0,1323.4061940399579,824.0153002311777,95.19119377620848,1552.839406686147,0.0,1940.027213240349,895.5927674982747,678.6452985540728,1112.5402364424767,563.3919556774656,1227.7935793190838,786.1942002574895,0.0,1986.205820295738,0.0,2623.7119934410575,2070.723781110701,380.1626602162196,3761.2849020051826,0.0,4659.3954974803755,1645.0392164565817,512.502027513194,2777.576405399969,0.0,3379.236787026144,2638.331703772492,1929.619700765838,3347.043706779146,1553.1164491685533,3723.5469583764307,378.4194736842105,378.4194736842105,378.4194736842105,378.4194736842105,378.4194736842105,547.1438888888889,547.1438888888889,547.1438888888889,547.1438888888889,547.1438888888889,665.7152631578947,665.7152631578947,665.7152631578947,665.7152631578947,665.7152631578947,1042.4389473684212,1042.4389473684212,1042.4389473684212,1042.4389473684212,1042.4389473684212,1552.766842105263,1552.766842105263,1552.766842105263,1552.766842105263,1552.766842105263,3818.9926315789476,3818.9926315789476,3818.9926315789476,3818.9926315789476,3818.9926315789476,256.77663537147714,201.43691476528286,312.11635597767145,172.03768819324216,341.5155825497121,478.25056759807876,143.45538392927682,813.0457512668806,0.0,990.9056925909317,554.8378748949476,432.3673608320639,677.3083889578313,367.304900236157,742.3708495537383,273.04182343962106,270.29482761142583,275.7888192678163,268.8354860776971,277.248160801545,568.2637269447098,450.36343090907326,686.1640229803463,387.7288986401414,748.7985552492783,633.4662781208899,386.80465391900924,880.1279023227705,255.76566606176016,1011.1668901800197,631.7324905160071,441.9210886718688,821.5438923601455,341.0837814421704,922.3811995898438,778.8460018056473,302.4340930079882,1255.2579106033065,49.34026645923177,1508.351737152063,1332.5513450810552,1311.7474213418466,1353.3552688202637,1300.6953368553918,1364.4073533067185,328.1862502016028,0.0,879.4763444659155,0.0,1172.3492070438317,472.97657289683883,350.18742747786615,595.7657183158116,284.9556939740369,660.9974518196408,337.1361591098796,0.0,1020.4244612447053,0.0,1383.4213717538314,645.9550386407969,375.79634095663187,916.113736324962,232.27453281191913,1059.6355444696746,851.941293352442,446.3529283658586,1257.5296583390254,230.88410946673616,1472.9984772381479,1062.1625583692428,714.4646152562664,1409.8605014822192,529.7500829774976,1594.575033760988,480.59999999999997,480.59999999999997,480.59999999999997,480.59999999999997,480.59999999999997,698.67,698.67,698.67,698.67,698.67,795.357894736842,795.357894736842,795.357894736842,795.357894736842,795.357894736842
2034-03-01,387.3745721774524,345.05441136470597,429.6947329901989,322.5718259329344,452.1773184219704,219.8655152798928,95.30098250678894,344.43004805299665,29.126074471077516,410.6049560887081,442.29751137656194,293.9430263335124,590.6519964196115,215.12970615439238,669.4653165987315,261.12535044582546,190.38737278797112,331.8633281036798,152.807822157236,369.44287873441493,327.03354633791963,237.34212523719185,416.7249674386474,189.69355777743021,464.37353489840905,526.4915805187471,293.804951908508,759.1782091289863,170.1901804593184,882.7929805781758,760.2697187156141,427.0776156286868,1093.4618218025414,250.06931086375664,1270.4701265674717,1279.9594452887363,629.8644856967074,1930.054404880765,284.5015384134422,2275.4173521640305,1799.5379834131122,1167.539873052242,2431.5360937739824,831.7908769230297,2767.2850899031946,462.4125713972095,238.26203935790642,686.5631034365126,119.18206921202665,805.6430735823924,471.92015408904024,18.521306732095525,925.3190014459849,0.0,1166.187139104362,638.9505887680938,166.06315731300526,1111.8380202231824,0.0,1363.059468183698,825.5177914328646,92.82721696268891,1558.2083659030402,0.0,1947.4502335903207,898.4032227265795,680.3048307513972,1116.5016147017618,564.4400600145816,1232.3663854385775,787.0296356026413,0.0,1993.40740970421,0.0,2634.295602195668,2077.984838215231,378.455160375667,3777.5145160547945,0.0,4680.389657407062,1647.4780888750481,508.93270292184866,2786.0234748282473,0.0,3390.8757111158848,2640.0421076863913,1927.57033292226,3352.513882450523,1549.0697025788152,3731.0145127939677,378.4194736842105,378.4194736842105,378.4194736842105,378.4194736842105,378.4194736842105,547.1438888888889,547.1438888888889,547.1438888888889,547.1438888888889,547.1438888888889,665.7152631578947,665.7152631578947,665.7152631578947,665.7152631578947,665.7152631578947,1042.4389473684212,1042.4389473684212,1042.4389473684212,1042.4389473684212,1042.4389473684212,1552.766842105263,1552.766842105263,1552.766842105263,1552.766842105263,1552.766842105263,3818.9926315789476,3818.9926315789476,3818.9926315789476,3818.9926315789476,3818.9926315789476,257.5548526609238,201.92155057491945,313.1881547469282,172.3663588417296,342.743346480118,480.22725822099494,143.65596031854483,816.798556123445,0.0,995.6020581341216,555.889705715676,432.7694761436096,679.0099352877423,367.36185418344934,744.4175572479026,272.8495145044882,270.08794565186423,275.61108335711214,268.62086219890773,277.07816681006864,562.254756115053,443.72898992884416,680.780522301262,380.7621766424207,743.7473355876855,621.2157394364176,373.2455563214759,869.1859225513593,241.51139654166303,1000.9200823311721,620.2402886549792,429.4219227057132,811.0586546042451,328.0496657951657,912.4309115147926,765.5702973559294,286.63098669118693,1244.5096080206717,32.19447790054255,1498.9461168113162,1337.6216632290818,1316.7073730722204,1358.5359533859432,1305.5966564263877,1369.646670031776,328.39325651850953,0.0,882.6079871905572,0.0,1177.0345628600826,473.33601116588943,349.89545987385054,596.7765624579283,284.3176669999549,662.354355331824,336.1444276476508,0.0,1023.05762684882,0.0,1387.9802639244413,646.6068655026526,375.01495512097335,918.1987758843318,230.73175273070626,1062.481978274599,850.3107392152169,442.5706967159504,1258.0507817144835,225.9587991382151,1474.6626792922189,1064.7173928171474,715.174885337964,1414.2599002963307,529.4804282396478,1599.9543573946469,480.59999999999997,480.59999999999997,480.59999999999997,480.59999999999997,480.59999999999997,698.67,698.67,698.67,698.67,698.67,795.357894736842,795.357894736842,795.357894736842,795.357894736842,795.357894736842
2034-04-01,387.59035955917,345.04804414488547,430.1326749734545,322.44743908104675,452.73328003729324,214.62602734485975,89.40760801715525,339.84444667256423,22.88532274931225,406.36673194040725,437.5376649105438,288.4044108156242,586.6709190054635,209.17736957769816,665.8979602433894,251.75544505778572,180.64613688184266,322.8647532337288,142.86931691337293,360.6415732021985,315.4674029675824,225.3051575237198,405.62964841144503,177.40646463166783,453.528341303497,517.8548714514043,283.9467823299236,751.7629605728849,159.6831099841371,876.0266329186715,747.9131915230221,412.97203650728846,1082.8543465387556,235.03454790518003,1260.7918351408641,1252.5795324339072,599.0719774278596,1906.0870874399548,251.89608883089682,2253.2629760369173,1783.9567597149373,1148.6410511766571,2419.2724682532175,811.1295810156957,2756.783938414179,463.34171337435356,238.01453003757356,688.6688967111336,118.30946388990918,808.373962858798,471.17333747629857,15.39442732332384,926.9522476292733,0.0,1169.084793648041,604.3479517330755,128.9781545003113,1079.7177489658397,0.0,1332.257953745746,827.0106220711748,90.47387642640524,1563.5473677159443,0.0,1954.832513839728,898.2240340651047,678.9807607748503,1117.467307355359,562.5077718394027,1233.9402962908066,787.7508969819869,0.0,2000.4614063228146,0.0,2644.713864410129,2082.535232562989,374.0840777930034,3790.986387332975,0.0,4698.60106330453,1649.7827262591306,505.2606830415921,2794.304769476669,0.0,3402.3321049359865,2637.095647415148,1920.8838376372032,3353.307457193093,1540.39631369267,3733.794981137626,378.4194736842105,378.4194736842105,378.4194736842105,378.4194736842105,378.4194736842105,547.1438888888889,547.1438888888889,547.1438888888889,547.1438888888889,547.1438888888889,665.7152631578947,665.7152631578947,665.7152631578947,665.7152631578947,665.7152631578947,1042.4389473684212,1042.4389473684212,1042.4389473684212,1042.4389473684212,1042.4389473684212,1552.766842105263,1552.766842105263,1552.766842105263,1552.766842105263,1552.766842105263,3818.9926315789476,3818.9926315789476,3818.9926315789476,3818.9926315789476,3818.9926315789476,258.20864046260965,202.28329803886055,314.13398288635875,172.57295987624383,343.8443210489755,481.07575104374655,142.73766253514708,819.413839552346,0.0,999.1559490725394,556.2344459525007,432.4679115220268,680.0009803829746,366.7169401058375,745.7519517991639,272.5432233998211,269.76715802316954,275.31928877647266,268.29237329182337,276.79407350781884,551.7421508735719,432.5941979127048,670.890103834439,369.29684790224417,734.1874538448996,606.9880700424893,357.7161972324875,856.2599428524911,225.29051480217407,988.6856252828045,604.4842566805229,412.66421263647885,796.3043007245669,310.7598142380805,898.2086991229653,749.2588643829929,267.805419327494,1230.7123094384917,12.033276641760267,1486.4844521242255,1341.826588688161,1320.802511476926,1362.8506658993963,1309.6334704584574,1374.0197069178648,328.5882806287856,0.0,885.7122949683454,0.0,1181.6844275862368,473.0195175023433,348.9309798614985,597.1080551431882,283.0089442397997,663.030090764887,335.1541581532803,0.0,1025.6732256954285,0.0,1392.5114803271947,647.2316413768218,374.2140418797636,920.24924087388,229.1734421469514,1065.2898406066922,847.3110936052644,437.4306687224489,1257.19151848808,219.68169300345323,1474.9404942070755,1064.3052021688295,712.9278132766651,1415.682591060994,526.2585754277028,1602.351828909956,480.59999999999997,480.59999999999997,480.59999999999997,480.59999999999997,480.59999999999997,698.67,698.67,698.67,698.67,698.67,795.357894736842,795.357894736842,795.357894736842,795.357894736842,795.357894736842
2034-05-01,387.7163818093923,344.9530658668671,430.4796977519175,322.23505427240065,453.197709346384,208.04854090978117,82.17963190967893,333.91744990988343,15.311774003374637,400.7853078161877,431.8298529764439,281.92187546526765,581.7378304876202,202.28326241245531,661.3764435404324,241.5848455297981,170.1061358646161,313.06355519498004,132.1330713549882,351.036619704608,302.5036143575064,211.87299046088657,393.1342382541263,163.72547151580727,441.2817571992056,507.0977943065002,271.97459005195265,742.2209985610477,147.06538779172428,867.130200821276,733.6232550571008,396.94213428099044,1070.304375833211,218.0802888686818,1249.1662212455199,1219.3424041392775,562.4399818473491,1876.2448264312059,213.4605700047622,2225.2242382737927,1766.4007398833483,1127.7846677936432,2405.0168119730533,788.5198794959873,2744.281600270709,464.0399760789991,237.5422540430565,690.5376981149417,117.21533921146204,810.8646129465361,470.06043590642537,11.913827170901868,928.2070446419489,0.0,1171.5974305326956,639.8568870437905,162.01761970167712,1117.6961543859038,0.0,1371.5482651614016,828.5134351700482,88.15049886614327,1568.876371473953,0.0,1962.1941813854023,895.8088536755841,675.4266466263534,1116.1910607248149,558.3485991314496,1233.2691082197186,788.4062842908845,0.0,2007.4166308774604,0.0,2655.015877501579,2084.559891414675,367.23360598946624,3801.886176839884,0.0,4714.215765972025,1651.9672846244687,501.4996323428502,2802.4349369060874,0.0,3413.620877180697,2631.9694712610117,1912.0370556168436,3351.9018869051797,1529.5729598058795,3734.3659827161437,378.4194736842105,378.4194736842105,378.4194736842105,378.4194736842105,378.4194736842105,547.1438888888889,547.1438888888889,547.1438888888889,547.1438888888889,547.1438888888889,665.7152631578947,665.7152631578947,665.7152631578947,665.7152631578947,665.7152631578947,1042.4389473684212,1042.4389473684212,1042.4389473684212,1042.4389473684212,1042.4389473684212,1552.766842105263,1552.766842105263,1552.766842105263,1552.766842105263,1552.766842105263,3818.9926315789476,3818.9926315789476,3818.9926315789476,3818.9926315789476,3818.9926315789476,258.7132464352335,202.49738079718992,314.92911207327705,172.63270217697925,344.7937906934877,481.103803551283,141.008102755807,821.1995043467591,0.0,1001.8753453943557,555.9173423734544,431.5078605805419,680.3268241663669,365.4153233780571,746.4193613688517,272.14214222088214,269.3516556283495,274.9326288134148,267.8692096260665,276.4150748156978,538.2505351822169,418.4836276513713,658.0174427130626,354.85745802560956,721.6436123388244,592.9008588587737,342.334058515325,843.4676592022224,209.22044583286788,976.5812718846796,586.2461266096741,393.4296080990184,779.0626451203298,290.99583264023255,881.4964205791157,731.9027865332357,247.94826779041216,1215.8573052760594,0.0,1472.9581433581843,1344.8808395873293,1323.7475456556547,1366.014133519004,1312.5204832544523,1377.2411959202063,328.75650363165056,0.0,888.7746881701187,0.0,1186.28434870618,472.2033333964171,347.47017563792764,596.9364911549067,281.20568557873014,663.2009812141041,334.1302424261223,0.0,1028.2364461455315,0.0,1396.9803668714676,647.8541409721997,373.4182586872804,922.2900232571191,227.62419622341702,1068.0840857209823,843.408150226353,431.39846205515096,1255.417838397555,212.5183152141999,1474.297985238506,1061.0245033444644,707.8217650842469,1414.227241604682,520.1828103835064,1601.8661963054224,480.59999999999997,480.59999999999997,480.59999999999997,480.59999999999997,480.59999999999997,698.67,698.67,698.67,698.67,698.67,795.357894736842,795.357894736842,795.357894736842,795.357894736842,795.357894736842
2034-06-01,387.79800866315657,344.81482846447904,430.7811888618341,321.9800139839316,453.61600334238153,201.22910427421448,74.71305008810262,327.74515846032637,7.501396301730722,394.95681224669823,425.97225291307046,275.29353521862373,576.6509706075171,195.24546644344892,656.699039382692,231.61318977282576,159.76697789260538,303.45940165304614,121.59867783123833,341.6277017144132,289.41209411712236,198.3154999310508,380.50868830319394,149.92043426970028,428.9037539645444,495.80952643825833,259.47745455340214,732.1415983231145,133.9260413645723,857.6930115119444,719.2682725551588,380.8561320358773,1057.6804130744404,201.07468238500905,1237.4618627253085,1184.6147559723001,524.3349210719576,1844.8945908726428,173.56125878115063,2195.6682531634497,1750.9489945013222,1109.0495276476177,2392.8484613550268,768.0404358815873,2733.857553121057,464.61307946619047,236.95083704453776,692.2753218878431,116.00527075803478,813.2208881743461,468.8312777190453,8.329143900440386,929.3334115376502,0.0,1173.9751701287842,604.7963009583991,124.50026026372916,1085.092341653069,0.0,1340.2496132721126,830.0427923078373,85.87333766723464,1574.21224694844,0.0,1969.5522697262602,892.61841211344,671.1031271221897,1114.1336971046903,553.423131970588,1231.813692256292,789.0682711398249,0.0,2014.3460644196014,0.0,2665.2748920994827,2084.957379752098,358.80159507048575,3811.11316443371,0.0,4728.133425045817,1654.0950312118669,497.7123391579305,2810.4777232658034,0.0,3424.806028419457,2627.5606193324634,1903.9267272813136,3351.194511383613,1519.4962221291403,3735.6250165357865,378.4194736842105,378.4194736842105,378.4194736842105,378.4194736842105,378.4194736842105,547.1438888888889,547.1438888888889,547.1438888888889,547.1438888888889,547.1438888888889,665.7152631578947,665.7152631578947,665.7152631578947,665.7152631578947,665.7152631578947,1042.4389473684212,1042.4389473684212,1042.4389473684212,1042.4389473684212,1042.4389473684212,1552.766842105263,1552.766842105263,1552.766842105263,1552.766842105263,1552.766842105263,3818.9926315789476,3818.9926315789476,3818.9926315789476,3818.9926315789476,3818.9926315789476,259.0795650719283,202.57466994189957,315.58446020195703,172.55644440407184,345.60268573978476,480.84560288571123,139.0013265500104,822.6898792214121,0.0,1004.2946510247532,555.1352535563979,430.08613010872074,680.1843770040749,363.65378327714234,746.6167238356534,271.6912968329294,268.88646317105827,274.4961304948006,267.39639528818924,275.9861983776696,523.9691543891273,403.5864746372657,644.3518341409889,339.6331760190892,708.3051327591654,580.8658126201253,329.01074260067605,832.7208826395746,195.21273665284366,966.518888587407,567.9301909550134,374.12232134162264,761.7380605684041,271.16189060950876,864.698491300518,715.7292099074227,229.2864767235589,1202.1719430912865,0.0,1460.5946450952142,1346.543105810534,1325.3011566951363,1367.7850549259315,1314.0163712275812,1379.0698403934866,328.8909943386255,0.0,891.7884687277876,0.0,1190.8277519970302,471.18996529217293,345.8155017241676,596.5644288601783,279.2103179536648,663.1696126306811,333.0790619003041,0.0,1030.7539585708541,0.0,1401.393747427084,648.5019455122632,372.6550725267822,924.3488184977442,226.1114212532454,1070.892469771281,839.4209448086301,425.2929409357396,1253.5489486815206,205.28743887826647,1473.5544507389936,1055.8485297534726,700.8298271414044,1410.8672323655408,512.2261413787433,1599.470918128202,480.59999999999997,480.59999999999997,480.59999999999997,480.59999999999997,480.59999999999997,698.67,698.67,698.67,698.67,698.67,795.357894736842,795.357894736842,795.357894736842,795.357894736842,795.357894736842
2034-07-01,387.8916888168381,344.68976328586507,431.0936143478111,321.73874034753567,454.0446372861405,195.26747170233153,68.10756575407139,322.42737765059167,0.5538657190581944,389.9810776856049,420.7267659820444,269.28123052261185,572.172301441477,188.82578980978838,652.6277421543004,222.77417858996705,150.56233477141012,294.986022408524,112.19979274280179,333.3485644371323,277.5395048779385,185.9793117986693,369.0996979572077,137.33795922530757,417.7410505305694,485.69093266250246,248.1561452652625,723.2257200597425,121.96578946047879,849.4160758645262,706.8144600876246,366.68010925750633,1046.948810917743,185.98373537900602,1227.6451847962433,1153.156042558507,489.51598323489713,1816.7961018821165,136.9572017192295,2169.3548833977843,1741.7638725251581,1096.5977206209714,2386.930024429345,753.853202421872,2729.674542628444,465.19989173328804,236.3790553537319,694.0207281128442,114.81798602709273,815.5817974394834,467.8083204541913,4.962649190955062,930.6539917174275,0.0,1176.5407545760218,639.6562721536845,156.91596101331123,1122.3965832940578,0.0,1378.8523735873812,831.6091306529968,83.65252964753472,1579.5657316584588,0.0,1976.9176759426105,890.385400699147,667.7428041781316,1113.0279972201624,549.4639247763421,1231.306876621952,789.8166657822685,0.0,2021.3300097310837,0.0,2675.5714737038916,2085.102380018248,350.1620307937453,3820.0427292427503,0.0,4741.729789768267,1656.264018530967,493.99638927450405,2818.53164778743,0.0,3435.9863258299256,2626.4661789291777,1899.1496478679464,3353.782709990409,1512.7627407416674,3740.1696171166877,378.4194736842105,378.4194736842105,378.4194736842105,378.4194736842105,378.4194736842105,547.1438888888889,547.1438888888889,547.1438888888889,547.1438888888889,547.1438888888889,665.7152631578947,665.7152631578947,665.7152631578947,665.7152631578947,665.7152631578947,1042.4389473684212,1042.4389473684212,1042.4389473684212,1042.4389473684212,1042.4389473684212,1552.766842105263,1552.766842105263,1552.766842105263,1552.766842105263,1552.766842105263,3818.9926315789476,3818.9926315789476,3818.9926315789476,3818.9926315789476,3818.9926315789476,259.3496054334336,202.5571517280643,316.14205913880295,172.38616069708684,346.3130501697804,480.91270253331015,137.32874943393728,824.4966556326831,0.0,1007.0256307167249,554.1910948767111,428.5055850114775,679.8766047419447,361.7351578955721,746.64703185785,271.2484558110122,268.4293480943,274.0675635277244,266.93169711979664,275.5652145022278,511.25837953321394,390.26306132223357,632.2536977441944,325.9842985226502,696.5324605437777,572.1788053704962,319.04202188249803,825.3155888584944,184.563105654499,959.7945050864935,552.0239885573956,357.22981298329864,746.8181641314925,253.7454072095597,850.3025699052314,702.739368584972,213.82108387557662,1191.6576532943673,0.0,1451.3954920462338,1346.7065147757712,1325.356463440008,1368.0565661115345,1314.0142486678837,1379.3987808836587,328.99457343378197,0.0,894.7566845137245,0.0,1195.3178060249438,470.33642208223944,344.32391641107216,596.3489277534068,277.37977277326456,663.2930713912143,332.0600236308957,0.0,1033.2854516116238,0.0,1405.8114602263854,649.2012529856306,371.950570053678,926.4519359175832,224.66114474607826,1073.741361225183,836.3232603602848,420.0877212282225,1252.5587994923471,198.96259106431444,1473.6839296562553,1050.3582015787351,693.5327763436541,1407.1836268138163,503.9692691875173,1596.747133969953,480.59999999999997,480.59999999999997,480.59999999999997,480.59999999999997,480.59999999999997,698.67,698.67,698.67,698.67,698.67,795.357894736842,795.357894736842,795.357894736842,795.357894736842,795.357894736842
2034-08-01,388.04866340723987,344.62909455659957,431.4682322578802,321.5624486046969,454.53487820978285,191.00574551412433,63.205231451318056,318.8062595769306,0.0,386.70028267279645,416.64562228647776,264.4371321975682,568.8541123753873,183.57637183783493,649.7148727351206,215.71731741139942,143.14168366415754,288.2929511586413,104.58587823593531,326.84875658686354,267.99866062030713,175.9772042032068,360.02011703740743,127.09080548162225,408.906515758992,478.15458284162,239.42313906783656,716.8860266154035,112.59705956301411,843.7121061202259,697.86124917591,356.01336432299746,1039.7091340288225,174.40667549488774,1221.3158228569323,1128.9547946188427,461.971439277748,1795.9381499599374,107.63653175279137,2150.273057484894,1741.9969647742582,1093.5805849852813,2390.413344563235,749.1093832223872,2734.884546326129,465.94045122032287,235.96685773962815,695.9140447010176,113.79338620300905,818.0875162376367,467.2967115658696,2.1193093172831254,932.4741138144561,0.0,1179.5996087590174,604.2231288547462,119.05086120867315,1089.395396500819,0.0,1347.1431636877955,833.2152008414664,81.49053265823068,1584.9398690247021,0.0,1984.2935989970463,890.6016004751481,666.8373716840284,1114.3658292662676,547.9626251387463,1233.24057581155,790.7189832529621,0.0,2028.436463917846,0.0,2685.9738755210656,2086.4755700674896,342.79491187784106,3830.156228257138,0.0,4756.486577920388,1658.5818558564472,490.4589370020278,2826.7047747108663,0.0,3447.2700753522768,2630.345341377765,1899.3647239980764,3361.325958757454,1511.031271015117,3749.6594117404134,378.4194736842105,378.4194736842105,378.4194736842105,378.4194736842105,378.4194736842105,547.1438888888889,547.1438888888889,547.1438888888889,547.1438888888889,547.1438888888889,665.7152631578947,665.7152631578947,665.7152631578947,665.7152631578947,665.7152631578947,1042.4389473684212,1042.4389473684212,1042.4389473684212,1042.4389473684212,1042.4389473684212,1552.766842105263,1552.766842105263,1552.766842105263,1552.766842105263,1552.766842105263,3818.9926315789476,3818.9926315789476,3818.9926315789476,3818.9926315789476,3818.9926315789476,259.58403878064723,202.5054751853929,316.66260237590154,172.18248827541404,346.98558928588045,481.8257054304995,136.51083984938225,827.1405710116168,0.0,1010.5890933515853,553.421234709215,427.10254446452046,679.7399249539095,359.9957402720265,746.8467291464035,270.8676781517313,268.03436829114645,273.70098801231615,266.52917242771076,275.20618387575183,502.112559472646,380.5076892012891,623.7174297440029,315.9051018696308,688.3200170756612,567.2762781968452,312.8642383583233,821.688318035367,177.70784219410854,956.8447141995819,540.5337364838902,344.7582238396804,736.3092491281,240.752482747444,840.3149902203363,694.2991088779452,202.917744173333,1185.6804735825574,0.0,1446.7268235818824,1345.4687049486558,1324.0110959984884,1366.9263138988233,1312.6117412437118,1378.3256686536,329.0790056614153,0.0,897.6913217376405,0.0,1199.766614653135,469.96887258731806,343.321539192229,596.6162059824071,276.040143326088,663.8976018485481,331.17862194843303,0.0,1035.93669409039,0.0,1410.3394199158042,649.9726000342639,371.32517938120975,928.6200206873181,223.29373715927477,1076.651462909253,834.9942182560894,416.6617613735612,1253.3266751386177,194.42264365471817,1475.5657928574606,1046.3062278841821,687.6831820769769,1404.9292736913874,497.1646889918992,1595.447766776465,480.59999999999997,480.59999999999997,480.59999999999997,480.59999999999997,480.59999999999997,698.67,698.67,698.67,698.67,698.67,795.357894736842,795.357894736842,795.357894736842,795.357894736842,795.357894736842
2034-09-01,388.30005076826694,344.66392412110395,431.93617741542994,321.4822318397986,455.1178696967353,188.8375005334409,60.3995734687895,317.2754275980923,0.0,385.5080763511884,413.9564982777147,260.9888588904994,566.92413766493,179.72480046604122,648.1881960893882,210.66459975308285,137.7269905247024,283.6022089814633,98.97888562212526,322.3503138840405,261.41490096845484,168.93448182182934,353.8953201150804,119.80425915018455,403.02554278672517,473.99913322962675,234.07700155191284,713.9212649073406,106.61836909812735,841.3798973611262,693.2674166459678,349.7145442344652,1036.8202890574705,167.20208076585448,1219.332752526081,1114.2696444645549,443.95966821096704,1784.5796207181427,87.85749332624846,2140.6817956028613,1752.9213342433352,1101.270937485665,2404.5717310010054,755.0816642081525,2750.761004278518,466.94295042860165,235.82234936628166,698.0635514909217,113.0395300519242,820.8463708052791,467.49539291759874,0.0,934.9928963530402,0.0,1183.3509450531185,638.9646522224614,151.37255775644053,1126.5567466884822,0.0,1385.5900468735558,834.8562970211162,79.38235536412719,1590.3302386781052,0.0,1991.6757701833808,894.0677369040502,669.1874701233712,1118.9480036847292,549.7198283961354,1238.415645411965,791.8131255234053,0.0,2035.7037990003237,0.0,2696.520719284936,2090.2599639875425,337.88259021152476,3842.63733776356,0.0,4773.587817582069,1661.1362028222522,487.1871983554918,2835.085207289013,0.0,3458.7456159119793,2639.5292658493922,1904.9028372377893,3374.155694460995,1514.6325470378752,3764.4259846609093,378.4194736842105,378.4194736842105,378.4194736842105,378.4194736842105,378.4194736842105,547.1438888888889,547.1438888888889,547.1438888888889,547.1438888888889,547.1438888888889,665.7152631578947,665.7152631578947,665.7152631578947,665.7152631578947,665.7152631578947,1042.4389473684212,1042.4389473684212,1042.4389473684212,1042.4389473684212,1042.4389473684212,1552.766842105263,1552.766842105263,1552.766842105263,1552.766842105263,1552.766842105263,3818.9926315789476,3818.9926315789476,3818.9926315789476,3818.9926315789476,3818.9926315789476,259.84521859857716,202.48197212212267,317.20846507503165,172.00774743150623,347.6826897656481,483.87172788394867,136.8345829625179,830.9088728053794,0.0,1015.2723560448894,553.1145578654321,426.16584530722434,680.0632704236398,358.72434176067657,747.5047739701876,270.58397400501303,267.73653283551573,273.43141517451033,266.2238297142203,274.94411829580577,497.7171824384311,375.5058003234633,619.9285645533989,310.58100357488667,684.8533613019756,565.7172452696459,310.03630958036615,821.3981809589256,174.2058124954363,957.2286780438556,534.5393816591165,337.7874264855677,731.2913368326654,233.26295029961994,835.8158130186132,690.8838912188867,197.05173143708726,1184.716051000686,0.0,1447.064385884767,1343.1592770663738,1321.5946469587905,1364.723907173957,1310.1384372141367,1376.1801169186108,329.16173552961334,0.0,900.6100408499674,0.0,1204.1919530514056,470.30556586848445,343.026571031757,597.584560705212,275.4096050247455,665.2015267122234,330.5622087694321,0.0,1038.8353055701932,0.0,1415.1053882455974,650.8273935333668,370.79020156243223,930.8645855043014,222.02044332787318,1079.6343437388605,835.9837693871093,415.5648533923767,1256.4026853818418,192.21730427017508,1479.7502345040434,1045.1298760095315,684.7181754865363,1405.5415765325265,493.24945958369517,1597.0102924353678,480.59999999999997,480.59999999999997,480.59999999999997,480.59999999999997,480.59999999999997,698.67,698.67,698.67,698.67,698.67,795.357894736842,795.357894736842,795.357894736842,795.357894736842,795.357894736842
2034-10-01,388.6473359342979,344.79572093143855,432.4989509371573,321.49955046116946,455.7951214074264,188.63643269102624,59.564240400773826,317.70862498127866,0.0,386.2782271354753,412.53498235732724,258.81194262596944,566.258022088685,177.14657776868566,647.9233869459688,210.93637587287418,137.6385787293715,284.2341730163769,98.6991239968857,323.17362774886266,257.79486736376555,164.85775201178802,350.7319827157431,115.48490948104995,400.10482524648114,473.2421645938926,232.1352250603291,714.349104127456,104.0471634331235,842.4371657546617,692.9652974314457,347.7158573073837,1038.2147375555078,164.30209224147575,1221.6285026214157,1109.1258466237136,435.5056775164443,1782.746015730983,77.64496267820755,2140.6067305692195,1773.5233073214577,1118.6548643420942,2428.391750300821,770.7560040093076,2776.2906106336077,468.25807237390524,235.9961280687903,700.5200166790202,112.60697015669803,823.9091745911124,468.43357106736204,0.0,938.2397181897661,0.0,1187.8242338485434,604.0261492046697,114.02617789988545,1094.026120509454,0.0,1354.3386052651203,836.5221306870496,77.31743082653134,1595.726830547568,0.0,1999.0543273484682,900.6297484499476,674.6389550794781,1126.620541820417,554.5813461014163,1246.6781507984788,793.096917287799,0.0,2043.1302981150052,0.0,2707.2105316794587,2097.012091097694,335.9809492664144,3858.0432329289733,0.0,4793.5910270268405,1663.9688746822171,484.22255592380384,2843.71519344063,0.0,3470.4554252810376,2652.9785970211315,1914.7243615138188,3391.2328325284443,1522.5267989005592,3783.4303951417037,378.4194736842105,378.4194736842105,378.4194736842105,378.4194736842105,378.4194736842105,547.1438888888889,547.1438888888889,547.1438888888889,547.1438888888889,547.1438888888889,665.7152631578947,665.7152631578947,665.7152631578947,665.7152631578947,665.7152631578947,1042.4389473684212,1042.4389473684212,1042.4389473684212,1042.4389473684212,1042.4389473684212,1552.766842105263,1552.766842105263,1552.766842105263,1552.766842105263,1552.766842105263,3818.9926315789476,3818.9926315789476,3818.9926315789476,3818.9926315789476,3818.9926315789476,260.1802436146599,202.5337201241714,317.8267671051484,171.9090045198494,348.4514827094704,487.0256157639243,138.27469674129117,835.7765347865575,0.0,1021.0504605173312,553.4441034882466,425.8684798948744,681.0197270816188,358.0939298608954,748.7942771155978,270.4032414882953,267.5417387954067,273.2647441811839,266.0215654898096,274.784917486781,498.213270370331,375.3983715868861,621.0281691537758,310.15295660818106,686.2735841324809,566.3901050429147,309.44653977012257,823.3336703157067,172.94527071895175,959.8349393668776,533.9826072292574,336.259031553201,731.7061829053138,231.2183819752961,836.7468324832187,692.0398397244475,195.76898777911475,1188.3106916697802,0.0,1451.954581765738,1340.313085333353,1318.641962577587,1361.984208089119,1307.1291786135864,1373.4969920531196,329.2610443092027,0.0,903.5313337317361,0.0,1208.612424987457,471.4076121242832,343.5000752188742,599.3151490296923,275.54919623787566,667.2660280106908,330.3246574988068,0.0,1042.0954204936297,0.0,1420.2236383346294,651.7659859294149,370.34588583467735,933.1860860241525,220.84145765934807,1082.6905141994816,839.3555790378438,416.86050762162034,1261.8506504540671,192.4100009317516,1486.301157143936,1047.5439137773103,685.3523915632784,1409.7354359913422,492.938145387074,1602.1496821675466,480.59999999999997,480.59999999999997,480.59999999999997,480.59999999999997,480.59999999999997,698.67,698.67,698.67,698.67,698.67,795.357894736842,795.357894736842,795.357894736842,795.357894736842,795.357894736842
2034-11-01,389.06085184227925,344.9948022354588,433.1269014490997,321.58471338183546,456.53699030272304,189.82158477788846,60.11822885924204,319.5249406965349,0.0,388.4298485283158,411.9698077520675,257.4950616321918,566.4445538719432,175.43035275600778,648.5092627481272,212.56868419178258,138.91246047492206,286.2249079086431,99.7825916253399,325.3547767582253,256.55082621557403,163.15924793167295,349.9424044994751,113.54497196835052,399.55668046279754,475.1535024985902,232.86754889478635,717.4394561023942,104.1531360427656,846.1538689544149,696.010583801314,349.07287228848014,1042.948295314148,164.7622130472871,1227.258954555341,1111.3963431192872,434.482168211473,1788.3105180271014,74.87151279169666,2147.9211734468777,1800.666739045261,1142.5959862944628,2458.737491796059,792.9958988956014,2808.3375791949206,469.86719190632715,236.4694855993102,703.2648982133442,112.47695412370746,827.2574296889468,469.950293000412,0.0,942.0537943956309,0.0,1192.858779511841,639.6290316659985,147.23295819300893,1132.025105138988,0.0,1393.6105191715137,838.1997869071774,75.28257248751856,1601.1170013268363,0.0,2006.4167714872801,909.1750598318893,682.0791704171334,1136.2709492466452,561.4344791655442,1256.9156404982343,794.5272858121112,0.0,2050.6733357608146,0.0,2718.000924796063,2106.4966525405493,336.85406012901194,3876.1392449520868,0.0,4816.261872170717,1667.0606020063856,481.5453181911337,2852.5758858216377,0.0,3482.38088034849,2668.596085847532,1926.7317836504694,3410.4603880445943,1532.61637310828,3804.575798586784,378.4194736842105,378.4194736842105,378.4194736842105,378.4194736842105,378.4194736842105,547.1438888888889,547.1438888888889,547.1438888888889,547.1438888888889,547.1438888888889,665.7152631578947,665.7152631578947,665.7152631578947,665.7152631578947,665.7152631578947,1042.4389473684212,1042.4389473684212,1042.4389473684212,1042.4389473684212,1042.4389473684212,1552.766842105263,1552.766842105263,1552.766842105263,1552.766842105263,1552.766842105263,3818.9926315789476,3818.9926315789476,3818.9926315789476,3818.9926315789476,3818.9926315789476,260.60858590971867,202.68017064777302,318.5370011716643,171.9057000398644,349.3114717795729,490.95568604087777,140.4993733811623,841.4119987005932,0.0,1027.591914801067,554.4288290043822,426.2293600105945,682.62829799817,358.1233921076448,750.7342659011197,270.3002135865496,267.42471813201144,273.17570904108777,265.89711117178797,274.70331600131124,502.7270377755024,379.3115735583917,626.1425019926132,313.7471081930516,691.7069673579533,567.8840189717318,309.6839984542238,826.0840394892399,172.5152375542977,963.2528003891659,537.7396522430968,339.04920735045425,736.4300971357393,233.4949085012379,841.9843959849557,696.5659870798369,197.8683683304227,1195.263605829251,0.0,1460.1967157898773,1337.591893255693,1315.8147986075528,1359.3689879038334,1304.2457170757284,1370.9380694356578,329.3909324748523,0.0,906.4694063182075,0.0,1213.04234554749,473.169812966987,344.6368076035029,601.7028183304711,276.353648504152,669.985977429822,330.52946631505756,0.0,1045.7807916942736,0.0,1425.7580583019821,652.7776827356385,369.98143702558997,935.573928445687,219.74593149212677,1085.80943397915,844.6497754960976,420.08870119015813,1269.210849802037,194.54063046512783,1494.7589205270674,1053.32390901373,689.3612685496873,1417.2865494777725,496.0061158031648,1610.641702224295,480.59999999999997,480.59999999999997,480.59999999999997,480.59999999999997,480.59999999999997,698.67,698.67,698.67,698.67,698.67,795.357894736842,795.357894736842,795.357894736842,795.357894736842,795.357894736842
2034-12-01,389.4866992773831,345.207253509143,433.76614504562315,321.6837979447655,457.28960061000066,191.53981458740185,61.20835157671422,321.8712775980895,0.0,391.1098673225173,411.70155448162575,256.4787422620569,566.9243667011946,174.01662327041106,649.3864856928404,214.54949331123964,140.53657877352975,288.56240784894953,101.21721792537141,327.8817686971079,256.6726810465699,162.82884065856538,350.51652143457443,112.974300452438,400.3710616407018,478.47794613076417,235.01868806862402,721.9372041929043,105.6809572231121,851.2749350384163,700.852871933999,352.23506482491507,1049.470679043083,167.03185479821423,1234.6738890697839,1117.4406280418154,437.2483992166491,1797.632856866982,75.89627765327941,2158.9849784303515,1829.7919669081568,1168.53441221272,2491.0495216035933,817.2413362807694,2842.3425975355444,471.68736304342553,237.15939488960217,706.2153311972489,112.56641180788353,830.8083142789676,471.72348996327014,0.0,946.1132202328586,0.0,1198.1327644385774,605.9948024762367,111.21423043995918,1100.7753745125142,0.0,1363.6275534067868,839.8769437666625,73.2651933835865,1606.4886941497384,0.0,2013.7511865407478,917.8925121053879,689.6968782953961,1146.0881459153798,568.4679478338379,1267.317076376938,796.029371120416,0.0,2058.2584883654445,0.0,2728.8177069018657,2117.7298088028524,339.5174684861868,3895.942149119518,0.0,4840.617454912746,1670.330749822978,479.0744383202489,2861.5870613257075,0.0,3494.441976811532,2683.8077415195908,1938.350855104164,3429.2646279350174,1542.3268841959687,3825.2885988432126,378.4194736842105,378.4194736842105,378.4194736842105,378.4194736842105,378.4194736842105,547.1438888888889,547.1438888888889,547.1438888888889,547.1438888888889,547.1438888888889,665.7152631578947,665.7152631578947,665.7152631578947,665.7152631578947,665.7152631578947,1042.4389473684212,1042.4389473684212,1042.4389473684212,1042.4389473684212,1042.4389473684212,1552.766842105263,1552.766842105263,1552.766842105263,1552.766842105263,1552.766842105263,3818.9926315789476,3818.9926315789476,3818.9926315789476,3818.9926315789476,3818.9926315789476,261.1175480603184,202.90860614430872,319.32648997632816,171.98510575142856,350.24999036920826,495.11205855645096,142.95861097009367,847.2655061428082,0.0,1034.3470251730605,555.9350527683655,427.1147594705295,684.7553460662015,358.67897865605414,753.1911268806768,270.22498730423985,267.33556685080447,273.1144077576752,265.8005622349169,274.64941237356277,509.6527906230075,385.6396693306939,633.6659119153211,319.75769864415236,699.5478826018626,568.921662758121,309.4712716322074,828.3720538840346,171.63825134656582,966.2050741696762,543.9558232803693,344.30319142907797,743.6084551316605,238.23773075807952,849.6739158026589,702.8654563243965,201.75282287546253,1203.9780897733306,0.0,1470.1941762930767,1335.6706086646986,1313.788055314309,1357.5531620150882,1302.1629488469148,1369.1782684824825,329.55710804168757,0.0,909.4301671100596,0.0,1217.4877297401322,475.35314325849777,346.19769839328774,604.5085881237078,277.5838683086449,673.1224182083506,331.1616411458098,0.0,1049.8766735885836,0.0,1431.6940345738074,653.8426311481046,369.67690408366053,938.0083582125487,218.7138615806747,1088.9714007155344,850.976638456626,424.3595662939813,1277.5937106192707,197.7192467075763,1504.2340302056757,1061.339200687552,695.6140189685483,1427.0643824065555,501.3225161803276,1621.3558851947764,480.59999999999997,480.59999999999997,480.59999999999997,480.59999999999997,480.59999999999997,698.67,698.67,698.67,698.67,698.67,795.357894736842,795.357894736842,795.357894736842,795.357894736842,795.357894736842
2035-01-01,389.86029290725014,345.36847447807975,434.35211133642053,321.73219593758296,457.9883898769173,192.91511831376317,61.958560767172855,323.8716758603535,0.0,393.44234705697954,411.1961138190289,255.22882340881827,567.1634042292395,172.3712003783939,650.0210272596639,216.10993732807123,141.7420427464409,290.47783190970154,102.23409874994978,329.98577590619266,257.0010387818662,162.7071054500738,351.2949721136586,112.61345336755912,401.3886241961733,481.78639057753765,237.1594555138965,726.4133256411787,107.20139626133715,856.3713848937382,705.7539016047762,355.4640570512542,1056.043746158298,169.3725771321956,1242.1352260773567,1125.3790253245063,441.92446493503314,1808.8335857139796,78.83922972812547,2171.918820920887,1855.9708608288738,1191.541788874933,2520.3999327828146,838.5638443994021,2873.3778772583455,473.591662465881,237.93885347913238,709.2444714526296,112.74829870492215,834.4350262268398,473.341722524343,0.0,950.0067163521679,0.0,1203.2349943231998,642.8348297069901,145.68119574916187,1139.9884636648185,0.0,1404.1013317049146,841.5444998729188,71.25593342982563,1611.8330663160118,0.0,2021.0488672389051,924.728591536414,695.4384879758618,1154.0186950969662,573.6281204593186,1275.8290626135094,797.5132727500285,0.0,2065.79628140409,0.0,2739.57162975156,2129.2206649596283,342.47967935709266,3915.961650562164,0.0,4865.1677991635115,1673.6523995946768,476.68259578565153,2870.622203403702,0.0,3506.5124116772467,2696.255392489406,1947.2231527733638,3445.287632205448,1549.2997754242165,3843.2110095545954,378.4194736842105,378.4194736842105,378.4194736842105,378.4194736842105,378.4194736842105,547.1438888888889,547.1438888888889,547.1438888888889,547.1438888888889,547.1438888888889,665.7152631578947,665.7152631578947,665.7152631578947,665.7152631578947,665.7152631578947,1042.4389473684212,1042.4389473684212,1042.4389473684212,1042.4389473684212,1042.4389473684212,1552.766842105263,1552.766842105263,1552.766842105263,1552.766842105263,1552.766842105263,3818.9926315789476,3818.9926315789476,3818.9926315789476,3818.9926315789476,3818.9926315789476,261.66668616421526,203.17856306898875,320.1548092594418,172.10674767464968,351.22662465378085,498.873516196383,145.0310735600164,852.7159588327495,0.0,1040.6947564833192,557.7166274503782,428.27848747458955,687.1547674261667,359.51447561245186,755.9187792883044,270.11639346737746,267.2131148027654,273.0196721319895,265.67074801219024,274.5620389225647,517.1105264514567,392.5026145943069,641.7184383086066,326.3046614201961,707.9163914827174,568.7350815104278,308.0403168611592,829.4298461596964,169.54622314123532,967.9239398796203,550.5500972843867,349.93989335981485,751.1603012089585,243.3657225248861,857.7344720438872,709.3701802057091,205.85411506188927,1212.886245349529,0.0,1480.3791549571831,1335.1139708464625,1313.1264645997044,1357.1014770932206,1301.4456019061142,1368.7823397868108,329.7551672806385,0.0,912.4094080557721,0.0,1221.9444734675617,477.6495507928047,347.87465179884987,607.4244497867595,278.9317367083114,676.367364877298,332.11669059223055,0.0,1054.278817307354,0.0,1437.9274471247631,654.9351177237079,369.40647767435996,940.4637577730558,217.71938764814388,1092.150847799272,857.2179093228201,428.5547003750018,1285.8811182706384,200.8273706214734,1513.6084480241668,1069.828085666301,702.3488162738104,1437.3073550587915,507.1254544090498,1632.530716923552,480.59999999999997,480.59999999999997,480.59999999999997,480.59999999999997,480.59999999999997,698.67,698.67,698.67,698.67,698.67,795.357894736842,795.357894736842,795.357894736842,795.357894736842,795.357894736842
2035-02-01,390.1229462278951,345.41976405116384,434.8261284046264,321.6711985197754,458.57469393601485,193.2969884809119,61.71830601904574,324.875670942778,0.0,394.7768460006444,410.1052802611285,253.3970484337786,566.8135120884783,170.14580027549897,650.0647602467579,216.72363990344115,142.00245167250748,291.4448281343748,102.30682042482397,331.14045938205834,256.52847183003064,161.78658379948865,351.2703598605726,111.45495578326324,401.60198787679803,483.8608568764577,238.07179206458682,729.6499216883286,107.49635138328046,860.2253623696349,709.2418691772557,357.2879304848257,1061.1958078696857,170.31240055447233,1248.171337800039,1132.8050218521148,446.103628173473,1819.5064155307566,81.29351278169452,2184.316530922535,1875.0459877465146,1207.460465380008,2542.6315101130212,852.8056566228013,2897.2863188702277,475.43950431083516,238.66719824374192,712.2118103779284,112.88191064559868,837.9970979760717,474.4004848266354,0.0,953.3299331762935,0.0,1207.7612026120491,610.2742054143023,110.75878317951009,1109.7896276490944,0.0,1375.1571957113279,843.1979474575745,69.25003231049709,1617.145862604652,0.0,2028.3056925265369,927.9195570707334,697.5401832290771,1158.2989309123896,575.1511408756974,1280.6879732657694,798.8941665840923,0.0,2073.2023065800795,0.0,2750.1785059529475,2139.347709298737,344.118595227397,3934.5768233700765,0.0,4888.2922902204755,1676.8791704873565,474.22301731382913,2879.535323660884,0.0,3518.4464050343204,2704.415215662949,1951.8246079857881,3457.0058233401096,1552.0108476572964,3856.8195836686014,378.4194736842105,378.4194736842105,378.4194736842105,378.4194736842105,378.4194736842105,547.1438888888889,547.1438888888889,547.1438888888889,547.1438888888889,547.1438888888889,665.7152631578947,665.7152631578947,665.7152631578947,665.7152631578947,665.7152631578947,1042.4389473684212,1042.4389473684212,1042.4389473684212,1042.4389473684212,1042.4389473684212,1552.766842105263,1552.766842105263,1552.766842105263,1552.766842105263,1552.766842105263,3818.9926315789476,3818.9926315789476,3818.9926315789476,3818.9926315789476,3818.9926315789476,262.1999121919637,203.43393421640928,320.96589016751807,172.21450841689602,352.18531596703133,501.7132098094959,146.18979598871329,857.2366236302785,0.0,1046.1084372225691,559.4826990917234,429.4296476263956,689.5357505570512,360.3389640354402,758.6264341480065,269.91862058364114,267.00154954370186,272.83569162358043,265.4518555537341,274.3853856135482,523.4544389191693,398.2545621535097,648.6543156848289,331.74212762175307,715.1667502165856,567.2830998734202,305.349873314273,829.2163264325673,166.1978467047261,968.3683530421142,555.7544548278024,354.1912279431117,757.3176817124931,247.11076366061974,864.398145994985,714.9262761599903,209.0181972427772,1220.8343550772033,0.0,1489.5980220019728,1336.272593413748,1314.1806328676623,1358.3645539598335,1302.4442788275542,1370.1009079999417,329.97146903553465,0.0,915.3936790286157,0.0,1226.39922808744,479.7613676403007,349.3699573424899,610.1527779381115,280.09952062177786,679.4232146588236,333.2107712522782,0.0,1058.8036162171404,0.0,1444.2748151047233,656.0275072273048,369.142428948918,942.9125855056916,216.73473111352502,1095.3202833410846,862.2841769445507,431.5845517412605,1292.9838021478408,202.77537585201264,1521.7929780370887,1076.842984817211,707.6179608506885,1446.0680087837331,511.46716686847356,1642.218802765948,480.59999999999997,480.59999999999997,480.59999999999997,480.59999999999997,480.59999999999997,698.67,698.67,698.67,698.67,698.67,795.357894736842,795.357894736842,795.357894736842,795.357894736842,795.357894736842
2035-03-01,390.2370932448409,345.3235419900383,435.1506444996435,321.46321788592445,459.0109686037573,192.44078951996718,60.24290983822729,324.6386692017071,0.0,394.8687927826314,408.37073901166264,250.92505260836387,565.8164254149614,167.28203170661143,649.4594463167139,216.2441457412103,141.17132644700263,291.316965035418,101.28889119695481,331.1994002854658,254.64939692646266,159.461662254379,349.8371315985463,108.89317820983459,400.40561564309075,484.01082297923676,237.06509735606016,730.9565486024134,105.8751806187476,862.1464653397259,710.4815147632298,356.8713130935115,1064.091716432948,169.0158934564737,1251.9471360699858,1134.4436807234072,444.51073322545676,1824.3766282213576,77.98385486717075,2190.9035065796434,1884.5607491174462,1213.8336304699683,2555.287867764924,857.5098486884956,2911.6116495463966,477.1090291295721,239.22249429139862,714.9955639677455,112.84527265861897,841.3727856005253,474.59834555374323,0.0,955.7815919912468,0.0,1211.4101916611705,647.4852187987099,145.619122769768,1149.3513148276518,0.0,1415.967678343027,844.8371956709597,67.24715257108835,1622.427238770831,0.0,2035.5219491676376,926.45820192242,694.9946838627948,1157.9217199820453,572.029689893619,1280.886713951221,800.1106820955598,0.0,2080.4155994021626,0.0,2760.5775867212956,2146.771041065891,343.0937433247416,3950.4483388070403,0.0,4908.651903232027,1679.877076142353,471.5613333409624,2888.1928189437435,0.0,3530.110557306982,2707.978125972536,1951.8458958740391,3464.1103560710326,1550.1506486342128,3865.805603310859,378.4194736842105,378.4194736842105,378.4194736842105,378.4194736842105,378.4194736842105,547.1438888888889,547.1438888888889,547.1438888888889,547.1438888888889,547.1438888888889,665.7152631578947,665.7152631578947,665.7152631578947,665.7152631578947,665.7152631578947,1042.4389473684212,1042.4389473684212,1042.4389473684212,1042.4389473684212,1042.4389473684212,1552.766842105263,1552.766842105263,1552.766842105263,1552.766842105263,1552.766842105263,3818.9926315789476,3818.9926315789476,3818.9926315789476,3818.9926315789476,3818.9926315789476,262.66192006074095,203.61939477900594,321.704445342476,172.2530532230842,353.0707868983977,503.3385773513892,146.14210293052304,860.5350517722553,0.0,1050.2956788083404,560.9747301216266,430.3096609160637,691.6397993271896,360.89384290060843,761.0556173426448,269.596624211706,266.66582570281577,272.52742272059623,265.1088389949678,274.0844094284442,527.6965159767905,401.9074600662166,653.4855718873644,335.0820241137242,720.3110078398568,565.2526369561672,302.0867766402184,828.4184972721159,162.27991334737055,968.2253605649638,558.5451081895436,356.0333432333308,761.0568731457564,248.44896810034282,868.6412482787443,719.0398733191116,210.75103735131785,1227.3287092869055,0.0,1497.357153394796,1339.2228309184118,1317.0269076308261,1361.4187542059974,1305.2353233842962,1373.2103384525274,330.18648421511733,0.0,918.3636374717862,0.0,1230.8327501393912,481.47403610178037,350.4690157780809,612.4790564254798,280.87259873111554,682.0754734724452,334.21057430511917,0.0,1063.2179926944625,0.0,1450.5031837138013,657.0939573075449,368.8588241451177,945.329090469972,215.7339096525783,1098.4540049625116,865.3622378369171,432.6357796730229,1298.0886960008113,202.74984877345423,1527.97462690038,1080.7478972868732,709.785334198737,1451.7104603750095,512.7114725581648,1648.7843220155817,480.59999999999997,480.59999999999997,480.59999999999997,480.59999999999997,480.59999999999997,698.67,698.67,698.67,698.67,698.67,795.357894736842,795.357894736842,795.357894736842,795.357894736842,795.357894736842
2035-04-01,390.19610617869546,345.0731666034691,435.31904575392184,321.10160495413004,459.2906074032609,190.57190069855255,57.7577105444318,323.3860908526733,0.0,393.94362937204994,406.2433595730591,248.0636566666579,564.4230624794602,164.03068949763224,648.4560296484859,214.934334597495,139.51152357245496,290.35714562253503,99.44315521540247,330.42551397958755,251.2934941095018,155.66199136896012,346.9249968500435,104.85775553804731,397.72923268095633,482.23755483932456,234.14056085104514,730.334548827604,102.3390327947717,862.1360768838774,709.4631144222388,354.2043714071191,1064.7218574373587,165.47316418033677,1253.453064664141,1130.4300893904947,437.2806538383692,1823.57952494262,69.04501620130259,2191.815162579687,1884.2439008600938,1210.3898323074627,2558.097969412725,852.4048583888773,2916.08294333131,478.52325958964843,239.52769060499605,717.5188285743009,112.56129458189946,844.4852245973974,473.80817254700537,0.0,957.2347096834794,0.0,1214.0550575372313,614.6239016124006,110.41809082055795,1118.8297124042433,0.0,1386.6890493874096,846.4649893638253,65.24979820609337,1627.6801805215573,0.0,2042.7007508241022,920.3708796414112,687.8282717317998,1152.9134875510226,564.2900112798187,1276.4517480030036,801.1369367632923,0.0,2087.410673919929,0.0,2770.7435967843926,2150.7717735708693,338.68567827510174,3962.8578688666366,0.0,4925.528606992513,1682.5533984192516,468.6044514543448,2896.5023453841586,0.0,3541.412723459265,2707.893022688205,1948.2356814983932,3467.5503638780165,1544.6677189913057,3871.118326385104,378.4194736842105,378.4194736842105,378.4194736842105,378.4194736842105,378.4194736842105,547.1438888888889,547.1438888888889,547.1438888888889,547.1438888888889,547.1438888888889,665.7152631578947,665.7152631578947,665.7152631578947,665.7152631578947,665.7152631578947,1042.4389473684212,1042.4389473684212,1042.4389473684212,1042.4389473684212,1042.4389473684212,1552.766842105263,1552.766842105263,1552.766842105263,1552.766842105263,1552.766842105263,3818.9926315789476,3818.9926315789476,3818.9926315789476,3818.9926315789476,3818.9926315789476,263.01441947424144,203.69663617222236,322.3322027762605,172.18406379302473,353.84477515545814,503.7678781251073,144.90614304791984,862.6296132022948,0.0,1053.2749099620505,562.0322111257985,430.7579774561789,693.3064447954182,361.0185408191935,763.0458814324036,269.14616998392876,266.20170800465746,272.09063196320005,264.6374625781696,273.6548773896879,529.7337178035748,403.35822954888744,656.1092060582621,336.2212514135848,723.2461841935648,563.8454710565766,299.45272362204224,828.238218491111,158.9940765474459,968.6968655657072,558.8534338390551,355.39755297248644,762.3093147056238,247.3116162621219,870.3952514159884,721.9224544953156,211.26396075876335,1232.5809482318678,0.0,1503.8682730294113,1343.7641782502424,1321.4647769038615,1366.0635795966232,1309.6182199385967,1377.910136561888,330.3797406911488,0.0,921.2989934432101,0.0,1235.2248464677427,482.7029752521499,351.08720560210463,614.3187449021951,281.166327975518,684.2396225287818,334.876387397299,0.0,1067.282460193796,0.0,1456.373186366935,658.113165086328,368.5342711048637,947.6920590677922,214.69548367721086,1101.530846495445,866.0892966266872,431.34545476129387,1300.8331384920805,200.3877887703037,1531.7908044830706,1080.6364629830434,707.9444613211353,1453.3284646449515,509.9518354382466,1651.3210905278402,480.59999999999997,480.59999999999997,480.59999999999997,480.59999999999997,480.59999999999997,698.67,698.67,698.67,698.67,698.67,795.357894736842,795.357894736842,795.357894736842,795.357894736842,795.357894736842
2035-05-01,390.0261082857972,344.69474755725423,435.35746901434015,320.61246217021574,459.43975440137865,188.31702107555083,54.889367194347756,321.7446749567539,0.0,392.62811608114305,404.2128531743894,245.30252419572042,563.1231821530585,160.88141192580252,647.5442944229762,213.3810054212051,137.60981928124133,289.1521915611688,97.35637664438559,329.4056341980246,246.90935703538057,150.83613599629246,342.9825780744687,99.79723731927692,394.0214767514842,479.20460608464526,229.96166145334078,728.4475507159498,97.55134711796029,860.8578650513302,706.9626786912459,350.06300896252924,1063.8623484199625,160.4600594191486,1253.4652979633431,1122.8761741976205,426.5251075873575,1819.2272408078834,56.588603450655455,2189.1637449445852,1875.9308505990648,1198.9642755595578,2552.897425638572,839.3257825698195,2912.5359186283104,479.66350373310905,239.56402324370444,719.7629842225136,112.01117423370829,847.3158332325098,472.1052121952107,0.0,957.7646782446125,0.0,1215.7712695833573,650.5823215547985,144.04760316997965,1157.1170399396174,0.0,1426.213609081552,848.0844630530523,63.26086843884639,1632.9080576672582,0.0,2049.845592306055,910.7305484759647,677.1138350450371,1144.3472619068923,553.0049560348568,1268.4561409170726,801.9853401846228,0.0,2094.2003271424182,0.0,2780.689538963747,2151.4295060689383,330.97345355305606,3971.8855585848205,0.0,4939.002836483883,1684.875357486127,465.3192261937886,2904.431488778466,0.0,3552.3206835275205,2706.065184570955,1942.8990148192934,3469.2313543226164,1537.466987138723,3874.6633820031866,378.4194736842105,378.4194736842105,378.4194736842105,378.4194736842105,378.4194736842105,547.1438888888889,547.1438888888889,547.1438888888889,547.1438888888889,547.1438888888889,665.7152631578947,665.7152631578947,665.7152631578947,665.7152631578947,665.7152631578947,1042.4389473684212,1042.4389473684212,1042.4389473684212,1042.4389473684212,1042.4389473684212,1552.766842105263,1552.766842105263,1552.766842105263,1552.766842105263,1552.766842105263,3818.9926315789476,3818.9926315789476,3818.9926315789476,3818.9926315789476,3818.9926315789476,263.24771958442125,203.6559496821414,322.8394894867011,171.99782192155521,354.4976172472873,503.3228453147013,142.80354143969015,863.8421491897125,0.0,1055.368029373312,562.6297369267563,430.74915253088227,694.5103213226304,360.6875920705743,764.5718817829384,268.5957880248765,265.6377256869541,271.5538503627989,264.0662550699328,273.12532097982023,530.3211754366471,403.36196357572004,657.2803872975742,335.9148822746025,724.7274685986916,564.4105386269127,298.7965710797797,830.0245061740458,157.68915082036528,971.1319264334602,557.5048202924894,353.10918439802515,761.9004561869536,244.524002829091,870.4856377558879,724.3299612855599,211.3127552572688,1237.347167313851,0.0,1509.8875580163806,1349.473649041137,1327.0712476023277,1371.8760504799461,1315.1699718379605,1383.7773262443134,330.53505765869727,0.0,924.183744116429,0.0,1239.559608797099,483.5026514227533,351.278953504662,615.7263493408445,281.03511398567605,685.9701888598305,335.008270755761,0.0,1070.7972995348532,0.0,1461.685221073746,659.0697047910802,368.1532568375585,949.9861527446019,213.60389386225006,1104.5355157199103,864.6105239275896,427.8586166796695,1301.3624311755098,195.83416595421193,1533.3868819009672,1076.5601347132542,702.1466827746251,1450.9735866518834,503.2395364322284,1649.8807329942802,480.59999999999997,480.59999999999997,480.59999999999997,480.59999999999997,480.59999999999997,698.67,698.67,698.67,698.67,698.67,795.357894736842,795.357894736842,795.357894736842,795.357894736842,795.357894736842
2035-06-01,389.77931258056213,344.2404845862775,435.3181405748468,320.0479822143138,459.5106429468105,186.52203177227145,52.48372182250634,320.5603417220366,0.0,391.76819388284923,402.8672659989751,243.22965482710788,562.5048771708423,158.42217389205345,647.3123581058967,212.3188596141324,136.20089277846887,288.43682644979594,95.76322289702263,328.8744963312422,242.30553524943605,145.79261753767724,338.81845296119485,94.52013000330541,390.09094049556666,476.02510612504057,225.64145555866142,726.4087566914197,92.62514119527248,859.4250710548087,704.2873309076375,345.75424454565183,1062.8204172696232,155.2835424158469,1253.2911193994282,1115.2423327786669,415.7042881147105,1814.7803774426234,44.074701886983576,2186.4099636703504,1862.9536343759887,1182.8887979548522,2543.0184707971252,821.6043536061236,2904.302915145854,480.5669829746807,239.36864328664257,721.7653226627187,111.23202532737236,849.9019406219891,469.7451292477673,0.0,957.6273046948905,0.0,1216.8147104011746,615.875536997875,107.02256980389666,1124.7285041918533,0.0,1395.0566430136541,849.6966109929725,61.28112761462364,1638.1120943713213,0.0,2056.957819916069,899.4015237838629,664.7156207237665,1134.0874268439593,540.0387347230903,1258.7643128446355,802.6997432526549,0.0,2100.8287885088534,0.0,2790.459843801209,2149.591961217074,320.8042585246171,3978.3796639095312,0.0,4949.9231309648985,1686.8740516667428,461.73639862188384,2912.011704711602,0.0,3562.866082891683,2704.7950465719464,1938.136107223249,3471.453985920644,1530.8485456942535,3878.7415474496393,378.4194736842105,378.4194736842105,378.4194736842105,378.4194736842105,378.4194736842105,547.1438888888889,547.1438888888889,547.1438888888889,547.1438888888889,547.1438888888889,665.7152631578947,665.7152631578947,665.7152631578947,665.7152631578947,665.7152631578947,1042.4389473684212,1042.4389473684212,1042.4389473684212,1042.4389473684212,1042.4389473684212,1552.766842105263,1552.766842105263,1552.766842105263,1552.766842105263,1552.766842105263,3818.9926315789476,3818.9926315789476,3818.9926315789476,3818.9926315789476,3818.9926315789476,263.38446338030843,203.519960840763,323.24896591985384,171.7169438666295,355.0519828939874,502.5395316807617,140.3702452545994,864.7088181069239,0.0,1057.1112515208226,562.8759848332686,430.3918248153684,695.3601448511688,360.00961480585886,765.7423548606783,268.00007533008215,265.02847487869303,270.9716757814713,263.4498121388926,272.5503385212717,530.8028934923361,403.2626295711536,658.3431574135186,335.5068643630254,726.0989226216468,568.0239968279245,301.1943983642657,834.8535952915834,159.44117418044692,976.6068194754021,555.9074997763115,350.57640986001695,761.2385896926061,241.4942683419855,870.3207312106375,727.246123721769,211.8810005936475,1242.6112468498904,0.0,1516.3989685117049,1355.8025557475175,1333.2976256200068,1378.3074858750283,1321.3418814897668,1390.2632300052683,330.64468621174063,0.0,927.0103144910086,0.0,1243.8295545143694,484.036300851715,351.2074569897905,616.8651447136394,280.64213368814313,687.4304680152868,334.48438410342084,0.0,1073.6408859852431,0.0,1466.3177776099612,659.9539156040747,367.7060353033613,952.2017959047881,212.44934889360735,1107.4584823145422,861.5075377164017,422.7567554612477,1300.2583199715557,189.6704023881972,1533.3446730446062,1069.5066023746328,693.3795787743065,1445.6336259749592,493.5620974866331,1645.4511072626326,480.59999999999997,480.59999999999997,480.59999999999997,480.59999999999997,480.59999999999997,698.67,698.67,698.67,698.67,698.67,795.357894736842,795.357894736842,795.357894736842,795.357894736842,795.357894736842
2035-07-01,389.5206699719754,343.77531562112574,435.26602432282505,319.4730961222369,459.5682438217139,186.00649544190566,51.360298881674254,320.6526920021371,0.0,392.18348392476,402.72089685188655,242.35930186975963,563.0824918340135,157.1672045355047,648.2745891682684,212.41252772206315,135.94935291658368,288.8757025275426,95.32829130117271,329.49676414295357,238.39443235917696,141.44381209479718,335.34505262355674,89.93879507934545,386.85006963900844,473.92579818196634,222.4066150300449,725.4449813338878,88.78704898058663,859.064547383346,702.877462149305,342.71836705376916,1063.0365572448409,151.38384778426575,1254.3710765143442,1111.336752787806,408.62618370883445,1814.0473218667776,35.31119388563093,2187.362311689981,1849.1715259156695,1166.0224794021774,2532.3205724291615,803.0995484418845,2895.2435033894544,481.3099220766058,239.01770675541465,723.6021373977969,110.29996736603186,852.3198767871797,467.0982312625987,0.0,957.1930356368595,0.0,1217.5559004606855,649.4349687733511,138.27426653280884,1160.5956710138935,0.0,1432.1497940791814,851.2984771868079,59.3073950411391,1643.2895593324765,0.0,2064.034821722363,888.5826776294059,652.8324339476701,1124.3329213111417,527.5901169917479,1249.575238267064,803.3410578036359,0.0,2107.357339817478,0.0,2800.1159896373315,2146.6461979522587,309.5646309290082,3983.727764975509,0.0,4959.677347456611,1688.633009274963,457.9391478927771,2919.326870657149,0.0,3573.132984516435,2706.1122498058685,1935.9763813299755,3476.2481182817614,1526.8417012021578,3885.382798409579,378.4194736842105,378.4194736842105,378.4194736842105,378.4194736842105,378.4194736842105,547.1438888888889,547.1438888888889,547.1438888888889,547.1438888888889,547.1438888888889,665.7152631578947,665.7152631578947,665.7152631578947,665.7152631578947,665.7152631578947,1042.4389473684212,1042.4389473684212,1042.4389473684212,1042.4389473684212,1042.4389473684212,1552.766842105263,1552.766842105263,1552.766842105263,1552.766842105263,1552.766842105263,3818.9926315789476,3818.9926315789476,3818.9926315789476,3818.9926315789476,3818.9926315789476,263.47443391107186,203.33843563609335,323.6104321860504,171.39118655251104,355.55768126963267,502.02140539496634,138.2096194474126,865.8331913425201,0.0,1059.1082026271579,562.9754824935795,429.89048420038364,696.0604807867754,359.1890788571234,766.7618861300357,267.4260922545013,264.44101508793483,270.4111694210678,262.85519284319633,271.9969916658063,532.6770024424516,404.55832165849245,660.7956832264107,336.4952724920141,728.858732392889,575.1337215467643,307.09400531719996,843.1734377763286,164.6979060702439,985.5695370232846,555.5808919842066,349.3185905335429,761.8431934348703,239.74174288787776,871.4200410805354,731.5026052538071,213.80021334060245,1249.2049971670117,0.0,1524.234392870902,1362.1909986026524,1339.5840047763445,1384.7979924289602,1327.5740393061185,1396.8079578991862,330.71126467280675,0.0,929.7815128514835,0.0,1248.0375821964058,484.51548134321615,351.08423600594,617.9467266804922,280.198886920512,688.8320757659203,333.2824341512537,0.0,1075.7911369128205,0.0,1470.248885254903,660.7606869244458,367.18741261183726,954.3339612370544,211.226610633264,1110.2947632156277,857.6195052391292,416.8789133096777,1298.3600971685808,182.73547384715664,1532.5035366311017,1061.1351298167945,683.3023059749784,1438.9679536586104,482.5786183090137,1639.6916413245754,480.59999999999997,480.59999999999997,480.59999999999997,480.59999999999997,480.59999999999997,698.67,698.67,698.67,698.67,698.67,795.357894736842,795.357894736842,795.357894736842,795.357894736842,795.357894736842
2035-08-01,389.31138187061697,343.3604293856406,435.26233435559334,318.94898587799696,459.673777863237,187.32201377360684,52.070662719047505,322.5733648281662,0.0,394.42564507590083,404.05791494406867,242.97559006091095,565.1402398272264,157.4006049667334,650.7152249214039,214.05653618956913,137.24970493432562,290.86336744481264,96.44607582997753,331.66699654916073,236.9072420524132,139.52088646776673,334.2935976370597,87.78438506342326,386.03009904140316,473.88079754395267,221.23118540122056,726.5304096866848,87.01107895039411,860.7505161375112,703.8754093522109,342.09761353851076,1065.653205165911,149.9031595124826,1257.8476591919393,1114.215549682651,408.3467149418667,1820.0843844234355,33.35389648582509,2195.077202879477,1837.9074912185265,1151.68809644155,2524.126885995503,787.1340429662812,2888.6809394707716,481.98121753791986,238.60004295320655,725.3623921226332,109.30379395507765,854.658641120762,464.55750991215206,0.0,956.8549986628793,0.0,1218.3880395617032,612.3669104371982,98.90884515048685,1125.8249757239096,0.0,1398.5995729074748,852.882667809664,57.332057247507805,1648.43327837182,0.0,2071.0695402329657,880.2690167449842,643.4592160675995,1117.078817422369,517.654009457739,1242.8840240322295,803.9694288053505,0.0,2113.846487684022,0.0,2809.718675213316,2144.153430971917,298.8152759786244,3989.491585965209,0.0,4969.827480805396,1690.2647058981677,454.03960828069694,2926.4898035156384,0.0,3583.2343866249194,2711.1876046888337,1937.5904339707877,3484.78477540688,1526.6169370268256,3895.758272350842,378.4194736842105,378.4194736842105,378.4194736842105,378.4194736842105,378.4194736842105,547.1438888888889,547.1438888888889,547.1438888888889,547.1438888888889,547.1438888888889,665.7152631578947,665.7152631578947,665.7152631578947,665.7152631578947,665.7152631578947,1042.4389473684212,1042.4389473684212,1042.4389473684212,1042.4389473684212,1042.4389473684212,1552.766842105263,1552.766842105263,1552.766842105263,1552.766842105263,1552.766842105263,3818.9926315789476,3818.9926315789476,3818.9926315789476,3818.9926315789476,3818.9926315789476,263.58176502026055,203.17549123392945,323.98803880659165,171.08465828494104,356.07887175558005,502.27425434933406,136.82735101280048,867.7211576858676,0.0,1061.864825083401,563.1641054637897,429.48096933304475,696.8472415945347,358.46180326358643,767.866407663993,266.93644151557993,263.9379482042621,269.93493482689775,262.34499863262454,271.5278843985353,537.1171031437962,408.42260516288337,665.8116011247089,340.05365311052344,734.1805531770689,585.3677992918259,316.1234041104715,854.6121944731804,173.08731917037693,997.6482794132748,557.6559680809598,350.4666403798557,764.845295782064,240.39731003864415,874.9146261232755,737.445315930024,217.41615997004976,1257.4744718899983,0.0,1533.7399609937343,1368.1717813738992,1345.4631825690124,1390.880380178786,1333.3992394539164,1402.944323293882,330.7470795546275,0.0,932.509791853086,0.0,1252.196232761642,485.12681471104946,351.09587536189304,619.1577540602059,279.89193883265364,690.3616905894453,331.4794714663411,0.0,1077.3253088075155,0.0,1473.5559098950143,661.4877601613014,366.59504875426757,956.3804715683352,209.9332958192809,1113.042224503322,853.806662390766,411.08520388763776,1296.528120893894,175.88942905785098,1531.723895723681,1053.3400546167313,673.8090971677753,1432.8710120656874,472.18327602301747,1634.4968332104452,480.59999999999997,480.59999999999997,480.59999999999997,480.59999999999997,480.59999999999997,698.67,698.67,698.67,698.67,698.67,795.357894736842,795.357894736842,795.357894736842,795.357894736842,795.357894736842
2035-09-01,389.193650331367,343.0380155305292,435.3492851322048,318.5178345425841,459.86946612014987,190.5806793591583,54.72686941615072,326.43448930216584,0.0,398.60682583438864,406.8348844618063,245.03504010367774,568.6347288199349,159.07887278842196,654.5908961351906,217.24820513512475,140.09924821664407,294.3971620536054,99.11386485370122,335.3825454165483,239.92691360563876,142.10676364424046,337.74706356703706,90.13980897724761,389.71401823402994,476.3159019390468,222.5408961990486,730.090907679045,87.72292439967458,864.9088794784191,707.7789080988249,344.3896219226865,1071.1681942749633,151.33906364161294,1264.2187525560369,1125.2831306649812,416.27009847069667,1834.2961628592657,39.606925117483115,2210.9593362124792,1831.077459637187,1141.8013931849516,2520.3535260894223,775.6234828822016,2886.5314363921725,482.654261537015,238.18897835918023,727.1195447148498,108.31679667095551,856.9917264030744,462.44479869733584,0.0,956.9351601664952,0.0,1219.6331646969861,643.7333389335195,127.98814399623166,1159.4785338708073,0.0,1433.4681686812414,854.4384175949455,55.34413421320869,1653.5327009766822,0.0,2078.05153902323,875.7727380479902,637.9081000756183,1113.637376020362,511.54251115279584,1240.0029649431845,804.6278852948609,0.0,2120.33961473869,0.0,2819.311471005725,2143.445367607467,289.88740286735765,3997.003332347576,0.0,4981.706001115759,1691.8814873667834,450.14979190481495,2933.6131828287516,0.0,3593.2831460429225,2719.984090487125,1942.941035584236,3497.0271453900136,1530.1369126670766,3909.831268307173,378.4194736842105,378.4194736842105,378.4194736842105,378.4194736842105,378.4194736842105,547.1438888888889,547.1438888888889,547.1438888888889,547.1438888888889,547.1438888888889,665.7152631578947,665.7152631578947,665.7152631578947,665.7152631578947,665.7152631578947,1042.4389473684212,1042.4389473684212,1042.4389473684212,1042.4389473684212,1042.4389473684212,1552.766842105263,1552.766842105263,1552.766842105263,1552.766842105263,1552.766842105263,3818.9926315789476,3818.9926315789476,3818.9926315789476,3818.9926315789476,3818.9926315789476,263.76794476796476,203.09259938806463,324.4432901478649,170.8588221549927,356.6770673809368,503.5673318864516,136.49259464323734,870.6420691296659,0.0,1065.6505232901234,563.6363033883628,429.35769377088627,697.9149130058393,358.0221824116019,769.2504243651236,266.5735008294735,263.56165113440596,269.58535052454107,261.96160598390134,271.1853956750457,544.5827864352419,415.31503618292146,673.8505366875625,346.6415438613762,742.5240290091076,597.5625237262603,327.1188157263859,868.0062317261347,183.44559585145265,1011.679451601068,562.4871721333702,354.37494753628766,770.5993967304528,243.81532821908752,881.1590160476529,744.7432028223252,222.39764717526816,1267.0887584693824,0.0,1544.5848349068813,1373.4392828769792,1350.6295316836872,1396.2490340702711,1338.5118513622508,1408.3667143917075,330.7708398167935,0.0,935.2140228974972,0.0,1256.3244639091208,485.9667262059171,351.3387641275356,620.5946882842986,279.81765927339546,692.1157931384387,329.23072500878044,0.0,1078.3988319658572,0.0,1476.394388786804,662.1342507496656,365.92797956122826,958.3405219381029,208.56839799237088,1115.7001035069604,850.7206445870869,406.02714310100635,1295.4141460731676,169.78372043652598,1531.6575687376478,1047.7591046319505,666.5375777581896,1428.9806315057115,464.01364160650417,1631.5045676573968,480.59999999999997,480.59999999999997,480.59999999999997,480.59999999999997,480.59999999999997,698.67,698.67,698.67,698.67,698.67,795.357894736842,795.357894736842,795.357894736842,795.357894736842,795.357894736842
2035-10-01,389.18068694175935,342.8212735129846,435.5401003705341,318.192835128948,460.1685387545707,195.4010337805701,58.94742485072905,331.8546427104111,0.0,404.3456224543892,410.6696761170334,248.15548018675142,573.1838720473154,161.8198135987891,659.5195386352777,221.56874751215176,144.07917544114517,299.0583195831583,102.9128402784229,340.2246547458806,244.49827795515878,146.2462488520319,342.75030705828567,94.04985839099572,394.94669751932184,480.96494719300404,226.06951655369411,735.8603778323139,90.65631902656071,871.2735753594474,714.2742276203585,349.28056593376493,1079.267889306952,155.37768316276208,1273.170772077955,1143.837943960259,431.6945961823317,1855.9812917381864,53.36844267530773,2234.30744524521,1828.7441365911372,1136.424893900561,2521.0633792817134,768.6302962211926,2888.857976961082,483.36488762069877,237.82028227127722,728.9094929701203,107.37471067939703,859.3550645620005,460.93951814176233,0.0,957.6130706302426,0.0,1221.4708953897477,605.1615115306153,87.13928479335516,1123.1837382678755,0.0,1398.3830462220449,855.9540018832046,53.33169126573648,1658.5763125006727,0.0,2084.9694150162027,875.4284240435602,636.513605962738,1114.3432421243824,509.59010885730123,1241.2667392298192,805.3319086049124,0.0,2126.852548101514,0.0,2828.910387834084,2145.2895701121506,283.5480867077167,4007.0310535165845,0.0,4996.08121657519,1693.5686848029475,446.3547035429617,2940.7826660629335,0.0,3603.365093607301,2731.243103984214,1950.7693787361045,3511.7168292323236,1536.1427121980464,3926.3434957703817,378.4194736842105,378.4194736842105,378.4194736842105,378.4194736842105,378.4194736842105,547.1438888888889,547.1438888888889,547.1438888888889,547.1438888888889,547.1438888888889,665.7152631578947,665.7152631578947,665.7152631578947,665.7152631578947,665.7152631578947,1042.4389473684212,1042.4389473684212,1042.4389473684212,1042.4389473684212,1042.4389473684212,1552.766842105263,1552.766842105263,1552.766842105263,1552.766842105263,1552.766842105263,3818.9926315789476,3818.9926315789476,3818.9926315789476,3818.9926315789476,3818.9926315789476,264.07514781090026,203.13191880889264,325.0183768129079,170.75582840157608,357.39446722022444,505.8581315103178,137.16274737039146,874.5535156502441,0.0,1070.42293847458,564.4842310993658,429.61277705569506,699.3556851430367,357.962317094995,771.0061451037367,266.3489686923675,263.3238215829959,269.37411580173915,261.71671218114227,270.98122520359277,554.6279685099121,424.78949693837274,684.4664400814514,355.81280891599243,753.4431281038317,610.0062719555576,338.36854619407706,881.6439977170382,194.06100438329054,1025.9515395278247,569.4847160819488,360.4536692485715,778.5157629153261,249.40592561833984,889.5635065455579,752.3965593495834,227.74483109547543,1277.0482876036913,0.0,1555.7695182386863,1377.8689285104479,1354.9584715242054,1400.7793854966903,1342.787291250264,1412.9505657706318,330.802831535228,0.0,937.9146509166897,0.0,1260.4428049630912,487.00277247843013,351.7804235713837,622.2251213854765,279.94355071451537,694.0619942423449,326.7333826241055,0.0,1079.2090911251457,0.0,1478.961811266323,662.6999718109255,365.18594030699103,960.21400331486,207.13161107052588,1118.268332551325,848.6432817634965,401.98644401356967,1295.3001195134234,164.69999895892113,1532.586564568072,1045.357311169609,662.4526788630749,1428.261943476143,459.0345929502288,1631.6800293889892,480.59999999999997,480.59999999999997,480.59999999999997,480.59999999999997,480.59999999999997,698.67,698.67,698.67,698.67,698.67,795.357894736842,795.357894736842,795.357894736842,795.357894736842,795.357894736842
2035-11-01,389.2545770561308,342.6922768224459,435.81687728981575,317.95605482330075,460.5530992889609,200.98734808327728,63.93656514525401,338.03813102130056,0.0,410.84635945712546,414.92108639904575,251.69566520670347,578.1465075913881,164.98216019827166,664.8600125998198,226.278618574526,148.44992202957633,304.1073151194757,107.10342699007181,345.4538101589802,249.93674744959293,151.25472929383702,348.6187656053488,98.8299071485917,401.04358775059416,486.91840812989744,230.90745605311145,742.9293602066834,94.9016377623189,878.935178497476,722.2950407648308,355.7040250058905,1088.886056523771,160.95254788395357,1283.6375336457081,1167.1886800377629,451.92871628516014,1882.4486437903656,71.94686054158979,2262.430499533936,1829.209963970628,1133.8608632913797,2524.5590646498763,764.4566535555291,2893.963274385727,484.10162710058546,237.48242315817672,730.7208310429942,106.46597106377209,861.7372831373989,460.04814071061867,0.0,958.8953296343959,0.0,1223.9078987501525,635.6357425206007,115.34644925505825,1155.9250357861433,0.0,1432.3287228334625,857.4198966872297,51.2849990004496,1663.5547943740098,0.0,2091.8139587701116,878.5574812592429,638.5970791103525,1118.5178834081332,511.11811546875447,1245.9968470497313,806.0676754169598,0.0,2133.371802674515,0.0,2838.5021202800913,2149.71217908221,279.82299161510514,4019.6013665493147,0.0,5012.979997391214,1695.3669657161445,442.6946915015701,2948.039239930719,0.0,3613.5213856072114,2742.811365315232,1958.9219838126442,3526.7007468178194,1542.4807498893945,3943.1419807410693,378.4194736842105,378.4194736842105,378.4194736842105,378.4194736842105,378.4194736842105,547.1438888888889,547.1438888888889,547.1438888888889,547.1438888888889,547.1438888888889,665.7152631578947,665.7152631578947,665.7152631578947,665.7152631578947,665.7152631578947,1042.4389473684212,1042.4389473684212,1042.4389473684212,1042.4389473684212,1042.4389473684212,1552.766842105263,1552.766842105263,1552.766842105263,1552.766842105263,1552.766842105263,3818.9926315789476,3818.9926315789476,3818.9926315789476,3818.9926315789476,3818.9926315789476,264.5143660165958,203.3044257665668,325.72430626662475,170.7866450087389,358.24208702445264,508.80111415555024,138.4921757676134,879.1100525434871,0.0,1075.8366760620786,565.6656831357736,430.2039792084077,701.1273870631396,358.23994899699454,773.0914172745527,266.24146197770483,263.2030756492403,269.27984830616936,261.5889329122435,270.8939910431662,565.9618946549002,435.55519948639835,696.3685898234021,366.27664267813174,765.6471466316686,620.8372981038717,348.01078011667664,893.6638160910668,203.0716924359793,1038.6029037717642,577.2159293400864,367.2700814321828,787.16177724799,255.736349731109,898.6955089490639,758.9470319698173,231.9992239130686,1285.894840026566,0.0,1565.8358630567136,1381.486560670087,1358.4758386228098,1404.4972827173644,1346.2513925351936,1416.7217288049806,330.8597461625898,0.0,940.6285227431919,0.0,1264.5681853016367,488.07287973465225,352.2587452916575,623.887014177647,280.1074863688165,696.0382731004879,324.18483611384306,0.0,1079.953670670174,0.0,1481.4558640282248,663.1858489711144,364.36978047397,962.0019174682589,205.62374408486204,1120.7479538573668,847.4362482690517,398.8246666602193,1296.0478298778842,160.49976393052702,1534.3727326075764,1046.1964474273211,661.6160756821653,1430.776819172477,457.3077531925512,1635.085141662091,480.59999999999997,480.59999999999997,480.59999999999997,480.59999999999997,480.59999999999997,698.67,698.67,698.67,698.67,698.67,795.357894736842,795.357894736842,795.357894736842,795.357894736842,795.357894736842
2035-12-01,389.37248256824535,342.608175745161,436.13678939132967,317.76463774539747,460.9803273910932,206.32216179388462,68.67679566094012,343.9675279268291,0.0,417.09162868495594,418.8391071789322,254.9055463441568,582.7726680137075,167.81584215068239,669.862372207182,230.50229720896237,152.33594746673634,308.6686469511884,110.81007416617875,350.194520251746,255.24102629982136,156.1308845800953,354.3511680195474,103.47862179149087,407.00343080815185,492.85232336180053,235.73068948840285,749.9739572351982,99.13482149316036,886.5698252304408,730.2918825486836,362.1104427680291,1098.473322329338,166.51405288455646,1294.0697122128108,1191.3123556059907,472.9492971805206,1909.6754140314606,91.31892239198964,2291.305788819992,1829.6165078435192,1131.2506940816875,2527.982321605351,760.2438555207143,2898.989160166324,484.8110094588247,237.12186902232585,732.5001498953235,105.5370131654359,864.0850057522134,459.6213840374907,0.0,960.6327791701584,0.0,1226.795082834388,597.0131518212693,74.46662759621427,1119.5596760463243,0.0,1397.1625170408847,858.8318564331812,49.199610882136426,1668.464101984226,0.0,2098.5812324332182,883.6975710602306,642.6961210639245,1124.6990210565368,514.664100753387,1252.7310413670743,806.7993170117293,0.0,2139.8618406220717,0.0,2848.0513062900663,2156.0236096639555,278.02206659115086,4034.02515273676,0.0,5031.713472494188,1697.268346074054,439.16145946964343,2955.3752326784647,0.0,3623.7445161870573,2752.221610751549,1964.9313916694389,3539.5118298336592,1546.6834627820679,3957.7597587210303,378.4194736842105,378.4194736842105,378.4194736842105,378.4194736842105,378.4194736842105,547.1438888888889,547.1438888888889,547.1438888888889,547.1438888888889,547.1438888888889,665.7152631578947,665.7152631578947,665.7152631578947,665.7152631578947,665.7152631578947,1042.4389473684212,1042.4389473684212,1042.4389473684212,1042.4389473684212,1042.4389473684212,1552.766842105263,1552.766842105263,1552.766842105263,1552.766842105263,1552.766842105263,3818.9926315789476,3818.9926315789476,3818.9926315789476,3818.9926315789476,3818.9926315789476,265.06154257135694,203.58604818836648,326.5370369543474,170.9271917974028,359.1958933453111,511.83821102232054,139.9227187207576,883.7537033238834,0.0,1081.3338086090887,567.0098883192677,430.960495281457,703.0592813570784,358.68425523012,775.3355214084154,266.20275560313235,263.15118749334664,269.25432371291805,261.53004193502295,270.87546927124174,576.7490320141732,445.7765784618796,707.7214855664668,376.19746251222364,777.3006015161227,628.4916059801784,354.4814532902365,902.5017586701204,208.91355967370492,1048.069652286652,583.751014389992,372.89433423192907,794.6076945480548,260.8767228979582,906.6253058820257,762.8358548296417,233.6019284118413,1292.069781247442,0.0,1573.2253046568985,1384.400512909637,1361.2899607968977,1407.5110650223762,1349.012479987005,1419.788545832269,330.95055495489316,0.0,943.3647616422788,0.0,1268.7098089449523,488.92345053384236,352.5200979905096,625.3268030771751,280.0558169518641,697.7910841158207,321.7459746953611,0.0,1080.793648223926,0.0,1484.0377247859765,663.5953378732929,363.4828812133667,963.7077945332192,204.04813861278086,1123.142537133805,846.6134171123397,396.05557221515903,1297.1712620095204,156.69671711353192,1536.5301171111473,1049.4497595810267,663.2009185193574,1435.698600642696,458.0062217053455,1640.8932974567078,480.59999999999997,480.59999999999997,480.59999999999997,480.59999999999997,480.59999999999997,698.67,698.67,698.67,698.67,698.67,795.357894736842,795.357894736842,795.357894736842,795.357894736842,795.357894736842
2036-01-01,389.4794316848312,342.5139871299744,436.44487623968797,317.5635947102067,461.39526865945567,210.4214789915584,72.18408704632697,348.6588709367898,0.0,422.09748540769397,421.7467287286728,257.108074055718,586.3853834016276,169.64378876071075,673.8496686966348,233.45345489280416,154.95090424531156,311.95600554029676,113.24642421383113,353.6604855717772,259.35837711982634,159.82195325340734,358.89480098624534,106.94322807437226,411.77352616528043,497.37668904423725,239.14915056665978,755.6042275218147,101.96577075044684,892.7876073380277,736.6399628220903,366.8749396482646,1106.404985995916,170.43727108716973,1302.842654557011,1211.8797771419333,490.42697087293277,1933.332583410934,107.15516754252621,2316.6043867413405,1826.8797001625908,1125.5101486086241,2528.2492517165574,752.9075743455794,2900.851825979602,485.41644417865837,236.6619691894516,734.1709191678651,104.51115435143555,866.3217340058811,459.4132326063948,0.0,962.5795254047197,0.0,1229.8866184538297,627.9039241149587,103.10987758564227,1152.6979706442753,0.0,1431.4948078629745,860.1930673101649,47.07851646042195,1673.3076181599079,0.0,2105.274723298834,889.0322234063341,646.9942032500229,1131.0702435626454,518.4115050419825,1259.6529417706856,807.4830389979292,0.0,2146.2791913205333,0.0,2857.514647241917,2163.0380666708998,276.9590603296267,4049.117073012173,0.0,5051.096545130974,1699.226506170459,435.708382178178,2962.74463016274,0.0,3633.9886335336396,2757.371237267379,1966.6948080675415,3548.0476664672165,1546.6479550551283,3968.0945194796295,378.4194736842105,378.4194736842105,378.4194736842105,378.4194736842105,378.4194736842105,547.1438888888889,547.1438888888889,547.1438888888889,547.1438888888889,547.1438888888889,665.7152631578947,665.7152631578947,665.7152631578947,665.7152631578947,665.7152631578947,1042.4389473684212,1042.4389473684212,1042.4389473684212,1042.4389473684212,1042.4389473684212,1552.766842105263,1552.766842105263,1552.766842105263,1552.766842105263,1552.766842105263,3818.9926315789476,3818.9926315789476,3818.9926315789476,3818.9926315789476,3818.9926315789476,265.66279235779473,203.9228860260382,327.40269868955124,171.12356078729258,360.20202392829685,514.3470194741044,140.8318832643023,887.8621556839065,0.0,1086.2920717953639,568.2599298815625,431.62537546355276,704.8944842995722,359.03826842898513,777.4815913341398,266.1709541247077,263.1062609302228,269.2356473191926,261.4781426706527,270.8637655787627,585.0690647825716,453.5332862497144,716.6048433154288,383.654903904134,786.4832256610091,632.0828935422526,356.8941971222992,907.271589962206,210.70020214919896,1053.4655849353062,587.1617772554921,375.398182459808,798.9253720511762,262.8987727246009,911.4247817863833,762.8154257127919,231.30521383780683,1294.325637587777,0.0,1576.6904376463626,1386.718929991876,1363.5089771962707,1409.9288827874811,1351.1786897736056,1422.2591702101463,331.0745145930673,0.0,946.1227730350173,0.0,1272.8671603323032,489.27663321263617,352.28659687560327,626.2666695496691,279.5106400715546,699.0426263537178,319.5183776588382,0.0,1081.8307874303305,0.0,1486.8092551214359,663.9363990080792,362.53313012596817,965.3396678901902,202.4126435323467,1125.4601544838117,845.5141969486698,393.01845990443456,1298.009933992905,152.63009959968463,1538.398294297655,1053.6557854772655,665.7456514109806,1441.5659195435503,459.66839268826686,1647.643178266264,480.59999999999997,480.59999999999997,480.59999999999997,480.59999999999997,480.59999999999997,698.67,698.67,698.67,698.67,698.67,795.357894736842,795.357894736842,795.357894736842,795.357894736842,795.357894736842
2036-02-01,389.52418682905403,342.35846228434804,436.68991137376,317.301671119973,461.7467025381351,212.58501085435404,73.75811776167296,351.4119039470351,0.006330806186156224,425.1636909025219,423.20552651230855,257.8647848390237,588.5462681855934,170.02751582509111,676.383537199526,234.64038278313637,155.80306494253327,313.47770062373945,113.92073983971288,355.36002572655985,261.47124628560744,161.51035813165663,361.43213443955824,108.40613629987024,414.53635627134463,499.40986581468496,240.08113880849328,758.7385928208766,102.312752586454,896.5069790429159,740.0754512714366,368.73359781760905,1111.417304725264,171.45823817026326,1308.69266437261,1225.3747752200793,500.84539718462895,1949.9041532555298,115.93916510329586,2334.810385336863,1818.6990280825416,1114.3385480279048,2523.0595081371785,740.147042998879,2897.2510131662043,485.8454212046858,236.03015472935584,735.6606876800158,103.31579441433684,868.3750479950347,459.16466238551874,0.0,964.4766633948327,0.0,1232.9236639310307,590.1666569404191,63.13467255470596,1117.1986413261322,0.0,1397.1843830310422,861.5147485825,44.932742553019125,1678.096754611981,0.0,2111.9059453151426,892.9029269001851,649.8327569861215,1135.9730968142487,520.7017292192753,1265.1041245810948,808.084042197936,0.0,2152.589372456334,0.0,2866.857829156108,2169.425626163301,275.30360249673436,4063.5476498298676,0.0,5069.799974902731,1701.178130562764,432.2718451372,2970.084415988328,0.0,3644.190880120658,2757.115923086073,1963.067724094316,3551.16412207783,1541.2296183799451,3973.0022277922008,378.4194736842105,378.4194736842105,378.4194736842105,378.4194736842105,378.4194736842105,547.1438888888889,547.1438888888889,547.1438888888889,547.1438888888889,547.1438888888889,665.7152631578947,665.7152631578947,665.7152631578947,665.7152631578947,665.7152631578947,1042.4389473684212,1042.4389473684212,1042.4389473684212,1042.4389473684212,1042.4389473684212,1552.766842105263,1552.766842105263,1552.766842105263,1552.766842105263,1552.766842105263,3818.9926315789476,3818.9926315789476,3818.9926315789476,3818.9926315789476,3818.9926315789476,266.24737842031806,204.2441877114921,328.250569129144,171.30499264742832,361.1897641932078,515.8071631986811,140.69920468308254,890.9151217142796,0.0,1090.1912246756915,569.1405858508965,431.9233654444934,706.3578062572997,359.0267171035918,779.2544545982012,266.0870479035336,263.009285595625,269.16481021144216,261.37422436954853,270.7998714375186,589.4143013967275,457.31760015486464,721.5110026385904,387.14122762012505,791.68737517333,631.6139176523243,355.2517033438895,907.9761319607591,208.43427699253363,1054.793558312115,586.03963359052,373.3729916498957,798.7062755311442,260.3938381189391,911.6854290621009,758.303341256315,224.52655103105508,1292.0801314815749,0.0,1575.6490512887442,1388.4782614311093,1365.1693318419411,1411.7871910202775,1352.7864629976955,1424.1700598645232,331.2218124922286,0.0,948.8928899051275,0.0,1277.03064978073,488.9089546526892,351.3347364060189,626.4831728993595,278.24843296247536,699.569476342903,317.54021992303865,0.0,1083.103443630991,0.0,1489.8089062258405,664.2233502199887,361.534773720663,966.9119267193144,200.73146745539628,1127.715232984581,843.5285703340184,389.1032051880801,1297.9539354799567,147.68972995430045,1539.3674107137363,1057.1409746992688,667.5766321303379,1446.7053172681997,460.62057514059325,1653.6613742579443,480.59999999999997,480.59999999999997,480.59999999999997,480.59999999999997,480.59999999999997,698.67,698.67,698.67,698.67,698.67,795.357894736842,795.357894736842,795.357894736842,795.357894736842,795.357894736842
2036-03-01,389.4738714663863,342.10871379306235,436.83902913971025,316.945973779109,462.0017691536636,212.5749286706113,73.16102706925065,351.988830271972,0.0,426.0524654976948,423.12138969317454,257.0815297148447,589.1612496715044,168.87285410135704,677.3699252849921,233.9965746038656,154.8259050952754,313.1672441124558,112.76648691883688,355.2266622888943,261.22741105790465,160.8438534155402,361.6109687002691,107.51508841803405,414.93973369777524,498.4780278164976,238.05276853254293,758.9032871004523,99.70184953794205,897.2542060950532,740.042244592035,367.13022830627887,1112.954260877791,169.020719654471,1311.063769529599,1230.0078562035233,502.4149153365456,1957.600797070501,115.88116550096379,2344.1345469060825,1804.358438690746,1097.0196769375216,2511.6972004439704,721.245959756121,2887.470917625371,486.0573910919432,235.18581856702687,736.9289636168595,101.91029566316507,870.2044865207213,458.6884060232368,0.0,966.1370423596293,0.0,1235.7191304133378,621.9328754177812,92.67241604218145,1151.193334793381,0.0,1432.3629538366686,862.814959386389,42.78015991829136,1682.8497588544865,0.0,2118.4932460719133,894.2648465582243,650.166891214644,1138.3628019018047,520.4898524383668,1268.0398406780819,808.5913888516758,0.0,2158.781756434217,0.0,2876.070389212442,2174.1001609349805,271.9691289300408,4076.23119293992,0.0,5086.738303692544,1703.0689862046688,428.7973225755852,2977.3406498337527,0.0,3654.297471136703,2751.6172156765506,1954.2115040391805,3549.0229273139207,1530.5897197318275,3972.644711621274,378.4194736842105,378.4194736842105,378.4194736842105,378.4194736842105,378.4194736842105,547.1438888888889,547.1438888888889,547.1438888888889,547.1438888888889,547.1438888888889,665.7152631578947,665.7152631578947,665.7152631578947,665.7152631578947,665.7152631578947,1042.4389473684212,1042.4389473684212,1042.4389473684212,1042.4389473684212,1042.4389473684212,1552.766842105263,1552.766842105263,1552.766842105263,1552.766842105263,1552.766842105263,3818.9926315789476,3818.9926315789476,3818.9926315789476,3818.9926315789476,3818.9926315789476,266.74505600002357,204.47969418226796,329.01041781777917,171.40122071658533,362.0888912834618,515.9404276844235,139.24638193156983,892.6344734372772,0.0,1092.7531852434809,569.4334151189541,431.6359924612326,707.2308377766757,358.431111674318,780.4357185635903,265.9104224960092,262.81964633594134,269.001198656077,261.17767150090526,270.6431734911131,589.0908081827788,456.4355560299933,721.7460603355644,385.96245332382597,792.2191630417317,627.9628850658435,350.43211495627673,905.4936551754101,202.9938933355694,1052.9318767961176,579.892815501531,366.3269448484402,793.4586861546218,252.87007606398566,906.9155549390764,749.5818045566555,213.54801995071227,1285.6155891625986,0.0,1570.383537234506,1389.605032256658,1366.1975443860772,1413.0125201272388,1353.762316454831,1425.4477480584849,331.3766498962148,0.0,951.6594559873936,0.0,1281.1846967233325,487.7201776054975,349.5642475961659,625.8761076148292,276.1689097787085,699.2714454322866,315.80046892334735,0.0,1084.600760869575,0.0,1493.0259159660081,664.4778740539989,360.50942471500235,968.4463233929955,199.02618600366043,1129.9295621043375,840.3104102390589,383.96357620508314,1296.6572442730346,141.5293206245335,1539.0914998535843,1058.4957922840472,667.2842358455854,1449.7073487225089,459.4530964876526,1657.5384880804418,480.59999999999997,480.59999999999997,480.59999999999997,480.59999999999997,480.59999999999997,698.67,698.67,698.67,698.67,698.67,795.357894736842,795.357894736842,795.357894736842,795.357894736842,795.357894736842
2036-04-01,389.32338827911815,341.75963368582944,436.88714287240686,316.4913890581448,462.1553875000915,210.67545837167728,70.67700954576688,350.6739071975877,0.0,425.0480831363526,421.762499496375,255.02645256538042,588.4985464273697,166.44792763328957,677.0770713594604,231.9011557233214,152.39853226612627,311.40377918051655,110.16276355449138,353.6395478921514,258.85054626398573,158.046091355737,359.6550011722345,104.49372468572986,413.20736784224164,494.85827398747585,233.34108010612096,756.3754678688308,94.41007085665115,895.3064771183006,736.8548243917302,362.37922885299264,1111.3304199304678,163.4390687230383,1310.2705800604222,1226.1793837125208,495.5357253109181,1956.8230421141234,107.38128178506668,2344.977485639975,1785.0927945607395,1074.7882388282203,2495.3973502932586,697.4389435953194,2872.7466455261597,486.06437874727834,234.14092918747932,737.9878283070774,100.30659660883612,871.8221608857206,457.9309878074068,0.0,967.5073007138171,0.0,1238.2197169453477,585.0997894111549,53.62019887977874,1116.579379942531,0.0,1398.9279124123245,864.1158232267937,40.64270763270531,1687.588938820882,0.0,2125.0590314802416,892.9634923193221,647.8420609760358,1138.0849236626084,517.6213005749149,1268.3056840637291,809.0264840717484,0.0,2164.878052028991,0.0,2885.174197506276,2176.537022409322,266.4305632574708,4086.6434815611738,0.0,5101.3875379855945,1704.8771707759672,425.26262558528265,2984.491715966652,0.0,3664.2869430992027,2742.348272626423,1941.599126150606,3543.0974191022397,1516.2011420853287,3968.495403167517,378.4194736842105,378.4194736842105,378.4194736842105,378.4194736842105,378.4194736842105,547.1438888888889,547.1438888888889,547.1438888888889,547.1438888888889,547.1438888888889,665.7152631578947,665.7152631578947,665.7152631578947,665.7152631578947,665.7152631578947,1042.4389473684212,1042.4389473684212,1042.4389473684212,1042.4389473684212,1042.4389473684212,1552.766842105263,1552.766842105263,1552.766842105263,1552.766842105263,1552.766842105263,3818.9926315789476,3818.9926315789476,3818.9926315789476,3818.9926315789476,3818.9926315789476,267.1032413532379,204.57680769100995,329.6296750154658,171.35963980795134,362.8468428985244,514.7872956459117,136.5138130046273,893.0607782871962,0.0,1094.0185659403785,569.038820958482,430.66362879542805,707.414013121536,357.15180795880565,780.9258339581584,265.62919313553283,262.5254576894446,268.7329285816211,260.8765982337102,270.3817880373555,584.4144722917777,451.20301119155454,717.6259333920008,380.4344224820611,788.3945221014942,622.6478165309409,343.95339029001804,901.3422427718638,195.8969763495278,1049.3986567123538,569.3139680312834,354.8526390665403,783.7752969960264,240.92005805402056,897.7078780085462,737.785283041062,199.50396746828415,1276.06659861384,0.0,1562.028547511878,1389.9230535853235,1366.4174206810605,1413.4286864895864,1353.9300532006707,1425.9160539699762,331.5219072245356,0.0,954.4054912049473,0.0,1285.312395194541,485.7735661909926,347.0383634942574,624.5087688877278,273.33528706161684,698.2118453203684,314.2659370486062,0.0,1086.2897244406122,0.0,1496.4273614926153,664.7286215913492,359.4856658267319,969.9715773559665,197.32534557677894,1132.1318976059194,835.9187189260226,377.6584725837867,1294.1789652682585,134.20771671447392,1537.6297211375713,1056.9750279228172,664.1231642631876,1449.8268915824467,455.4206116940095,1658.5294441516248,480.59999999999997,480.59999999999997,480.59999999999997,480.59999999999997,480.59999999999997,698.67,698.67,698.67,698.67,698.67,795.357894736842,795.357894736842,795.357894736842,795.357894736842,795.357894736842
