Date,120GB SATA 6 Gb/s_Forecast,120GB SATA 6 Gb/s_CI_Lo_80,120GB SATA 6 Gb/s_CI_Hi_80,120GB SATA 6 Gb/s_CI_Lo_95,120GB SATA 6 Gb/s_CI_Hi_95,1TB PCIe Gen3 x4_Forecast,1TB PCIe Gen3 x4_CI_Lo_80,1TB PCIe Gen3 x4_CI_Hi_80,1TB PCIe Gen3 x4_CI_Lo_95,1TB PCIe Gen3 x4_CI_Hi_95,1TB PCIe Gen4 x4_Forecast,1TB PCIe Gen4 x4_CI_Lo_80,1TB PCIe Gen4 x4_CI_Hi_80,1TB PCIe Gen4 x4_CI_Lo_95,1TB PCIe Gen4 x4_CI_Hi_95,1TB PCIe Gen5 x4_Forecast,1TB PCIe Gen5 x4_CI_Lo_80,1TB PCIe Gen5 x4_CI_Hi_80,1TB PCIe Gen5 x4_CI_Lo_95,1TB PCIe Gen5 x4_CI_Hi_95,1TB SATA 6 Gb/s_Forecast,1TB SATA 6 Gb/s_CI_Lo_80,1TB SATA 6 Gb/s_CI_Hi_80,1TB SATA 6 Gb/s_CI_Lo_95,1TB SATA 6 Gb/s_CI_Hi_95,240GB SATA 6 Gb/s_Forecast,240GB SATA 6 Gb/s_CI_Lo_80,240GB SATA 6 Gb/s_CI_Hi_80,240GB SATA 6 Gb/s_CI_Lo_95,240GB SATA 6 Gb/s_CI_Hi_95,250GB PCIe Gen3 x4_Forecast,250GB PCIe Gen3 x4_CI_Lo_80,250GB PCIe Gen3 x4_CI_Hi_80,250GB PCIe Gen3 x4_CI_Lo_95,250GB PCIe Gen3 x4_CI_Hi_95,250GB SATA 6 Gb/s_Forecast,250GB SATA 6 Gb/s_CI_Lo_80,250GB SATA 6 Gb/s_CI_Hi_80,250GB SATA 6 Gb/s_CI_Lo_95,250GB SATA 6 Gb/s_CI_Hi_95,256GB PCIe Gen3 x4_Forecast,256GB PCIe Gen3 x4_CI_Lo_80,256GB PCIe Gen3 x4_CI_Hi_80,256GB PCIe Gen3 x4_CI_Lo_95,256GB PCIe Gen3 x4_CI_Hi_95,256GB SATA 6 Gb/s_Forecast,256GB SATA 6 Gb/s_CI_Lo_80,256GB SATA 6 Gb/s_CI_Hi_80,256GB SATA 6 Gb/s_CI_Lo_95,256GB SATA 6 Gb/s_CI_Hi_95,2TB PCIe Gen3 x4_Forecast,2TB PCIe Gen3 x4_CI_Lo_80,2TB PCIe Gen3 x4_CI_Hi_80,2TB PCIe Gen3 x4_CI_Lo_95,2TB PCIe Gen3 x4_CI_Hi_95,2TB PCIe Gen4 x4_Forecast,2TB PCIe Gen4 x4_CI_Lo_80,2TB PCIe Gen4 x4_CI_Hi_80,2TB PCIe Gen4 x4_CI_Lo_95,2TB PCIe Gen4 x4_CI_Hi_95,2TB PCIe Gen5 x4_Forecast,2TB PCIe Gen5 x4_CI_Lo_80,2TB PCIe Gen5 x4_CI_Hi_80,2TB PCIe Gen5 x4_CI_Lo_95,2TB PCIe Gen5 x4_CI_Hi_95,2TB SATA 6 Gb/s_Forecast,2TB SATA 6 Gb/s_CI_Lo_80,2TB SATA 6 Gb/s_CI_Hi_80,2TB SATA 6 Gb/s_CI_Lo_95,2TB SATA 6 Gb/s_CI_Hi_95,480GB SATA 6 Gb/s_Forecast,480GB SATA 6 Gb/s_CI_Lo_80,480GB SATA 6 Gb/s_CI_Hi_80,480GB SATA 6 Gb/s_CI_Lo_95,480GB SATA 6 Gb/s_CI_Hi_95,4TB PCIe Gen5 x4_Forecast,4TB PCIe Gen5 x4_CI_Lo_80,4TB PCIe Gen5 x4_CI_Hi_80,4TB PCIe Gen5 x4_CI_Lo_95,4TB PCIe Gen5 x4_CI_Hi_95,4TB SATA 6 Gb/s_Forecast,4TB SATA 6 Gb/s_CI_Lo_80,4TB SATA 6 Gb/s_CI_Hi_80,4TB SATA 6 Gb/s_CI_Lo_95,4TB SATA 6 Gb/s_CI_Hi_95,500GB PCIe Gen3 x4_Forecast,500GB PCIe Gen3 x4_CI_Lo_80,500GB PCIe Gen3 x4_CI_Hi_80,500GB PCIe Gen3 x4_CI_Lo_95,500GB PCIe Gen3 x4_CI_Hi_95,500GB SATA 6 Gb/s_Forecast,500GB SATA 6 Gb/s_CI_Lo_80,500GB SATA 6 Gb/s_CI_Hi_80,500GB SATA 6 Gb/s_CI_Lo_95,500GB SATA 6 Gb/s_CI_Hi_95,512GB PCIe Gen3 x4_Forecast,512GB PCIe Gen3 x4_CI_Lo_80,512GB PCIe Gen3 x4_CI_Hi_80,512GB PCIe Gen3 x4_CI_Lo_95,512GB PCIe Gen3 x4_CI_Hi_95,512GB SATA 6 Gb/s_Forecast,512GB SATA 6 Gb/s_CI_Lo_80,512GB SATA 6 Gb/s_CI_Hi_80,512GB SATA 6 Gb/s_CI_Lo_95,512GB SATA 6 Gb/s_CI_Hi_95
2026-05-01,105.6118168563011,94.3989999207845,116.8246337918177,88.44219092379132,122.78144278881089,206.5750242176964,178.32504805390934,234.82500038148348,163.31724821689747,249.83280021849535,237.908254681573,203.64950401563257,272.1670053475134,185.44954272435174,290.3669666387943,263.1572698371699,239.71996322444522,286.5945764498946,227.26889408643524,299.0456455879046,261.57659666319574,225.66176737972762,297.49142594666387,206.5820143228852,316.5711790035063,87.44894252826224,75.67708575023437,99.2207993062901,69.42328683690707,105.4745982196174,136.83353079852625,120.91303440869328,152.75402718835923,112.4552707015945,161.211790895458,107.87967979135115,96.78898342004747,118.97037616265483,90.89705097279239,124.86230860990992,71.90152123932589,63.80443368114371,79.99860879750807,59.502855915859435,84.30018656279233,75.74032713947122,68.76841621379661,82.71223806514583,65.06458853453199,86.41606574441045,341.86905987647026,301.3879084828858,382.35021127005473,279.8822968050441,403.8558229478964,395.9781080872401,340.770179263753,451.18603691072724,311.44096707627546,480.5152490982048,475.8908286968071,431.1839428285812,520.5977145650329,407.43340971108626,544.3482476825279,407.3872226791168,354.2758640160934,460.4985813421402,326.06045472636225,488.71399063187135,187.45770817466115,166.09174424476817,208.82367210455413,154.74107590701254,220.17434044230976,968.8521999712805,885.2409560137152,1052.463443928846,840.8224826612586,1096.8819172813023,720.3404835680611,628.941374317345,811.7395928187773,580.385597527902,860.2953696082203,197.61364838295037,173.44432250067575,221.782974265225,160.60436812571734,234.6229286401834,170.38057359313612,149.5548657192075,191.20628146706474,138.4912084111829,202.26993877508934,114.93061314247697,101.42763901437209,128.43358727058185,94.25418400881638,135.60704227613758,103.72914803458232,88.99933643363983,118.45895963552482,81.17412402063911,126.28417204852553
2026-06-01,102.7170054633591,86.85968768074481,118.57432324597339,78.43548760873097,126.99852331798724,204.05707968498396,164.1055802574396,244.0085791125283,142.8813461865567,265.2328131834112,241.60738161609734,193.1581917943661,290.0565714378286,167.41955970157136,315.7952035306233,270.3487654866586,237.2034086094467,303.4941223638704,219.5949377684279,321.1025932048892,278.3128628704973,227.52162420750233,329.1041015334923,200.53877866778623,356.0869470732084,89.40858977666423,72.76067026686357,106.05650928646489,63.91646302728198,114.90071652604648,143.37911615000993,120.86413423579623,165.89409806422364,108.9030500938702,177.85518220614966,109.7038531069751,94.01923988251536,125.38846633143484,85.68678910702113,133.72091710692908,71.85016933402937,60.399158293525694,83.30118037453306,54.315808678258115,89.38452998980063,75.09087929217725,65.23110830543106,84.95065027892343,59.993104968722164,90.18865361563233,337.9518518462335,280.7028585249479,395.20084516751916,250.2893308230149,425.61437286945215,405.0441514464569,326.96834975375293,483.1199531391609,285.4905801045039,524.5977227884099,507.14376462411684,443.9186802978058,570.368848950428,410.330354249453,603.9571749987806,431.97522603139885,356.86442229408937,507.08602976870833,316.96180780864375,546.988644254154,186.93887206397315,156.72283610114414,217.15490802680216,140.67056699589125,233.20717713205505,1060.2169872753466,941.9728321036722,1178.461142447021,879.1556246687202,1241.278349881973,739.5624388191497,610.3045789279668,868.8202987103327,541.6363408607757,937.4885367775238,207.67717719953032,173.49658874340247,241.85776565565817,155.33815112608454,260.0162032729761,179.0280484366453,149.57604991531525,208.48004695797533,133.9296757008587,224.1264211724319,114.32992026348174,95.2338311191428,133.4260094078207,85.08903376121275,143.57080676575075,103.35785333271963,82.52675399546618,124.18895266997308,71.4602324725503,135.25547419288895
2026-07-01,109.08707907877788,89.66591045049438,128.50824770706137,79.34841461671877,138.82574354083698,200.50371830900895,151.57332428072002,249.43411233729788,125.57905245319154,275.42838416482635,242.98007394389646,183.64217718665356,302.31797070113936,152.11891953436827,333.84122835342464,274.3571923888058,233.76258654299664,314.95179823461496,212.19670218741052,336.51768259020105,291.67751462532055,229.47120556119123,353.88382368944986,196.42410387087253,386.9309253797686,90.45715821936187,70.06770418039355,110.8466122583302,59.235806722191626,121.67850971653212,149.15915411465525,121.58404548574764,176.73426274356285,106.93476902664048,191.38353920267002,111.15557966216247,91.94593005574471,130.3652292685802,81.74080370233528,140.57035562198965,71.50058299585702,57.47601595175168,85.52515003996236,50.02546470957071,92.97570128214332,74.04237973090372,61.96667578179075,86.1180836800167,55.55145805882448,92.53330140298296,332.4635956977663,262.34818473519044,402.5790066603422,225.09937266132198,439.82781873421067,410.10195889525227,314.4790211923263,505.72489659817825,263.6793355376469,556.5245822528576,525.9791094894929,448.54451171754266,603.413707261443,407.40738165119416,644.5508373277917,452.6512973470665,360.65972568369654,544.6428690104365,311.7892032375313,593.5133914566017,188.64586436107203,151.6389292818134,225.65279944033065,131.97899502095726,245.3127337011868,1137.2663055637422,992.4473829452028,1282.0852281822818,915.5123303041037,1359.0202808233807,749.3126111802434,591.0047101914644,907.6205121690224,506.90363779117547,991.7215845693113,217.17506276951974,175.3125623567306,259.0375631823089,153.07310901243636,281.2770165266031,187.6094203075687,151.5382361663371,223.68060444880032,132.3754195913078,242.84342102382962,114.36492076750196,90.97708352433625,137.75275801066766,78.55229498890446,150.17754654609945,102.52575845781669,77.01297637906681,128.0385405365666,63.459310899730944,141.59220601590243
2026-08-01,115.84778231738295,93.42214844634977,138.27341618841615,81.50853045236337,150.18703418240253,196.54813920370424,140.0481868761301,253.04809153127837,110.03258720210634,283.0636912053021,242.7475346119852,174.23003328010435,311.26503594386605,137.8301106975427,347.6649585264277,275.22364507912414,228.34903185367477,322.0982583045735,203.44689357765483,347.0003965805935,302.5334406026609,230.70378203572466,374.36309916959715,192.5442759220398,412.522605283282,91.9523974244946,68.40868386843889,115.49611098055033,55.901086041784275,128.00370880720493,155.44983365444313,123.60884087477716,187.29082643410908,106.69331346057962,204.20635384830663,112.32713722598011,90.14574448337275,134.50852996858748,78.36187958886259,146.29239486309763,71.00387971213475,54.8097045957704,87.1980548284991,46.20654906520184,95.80121035906765,72.80917725415394,58.86535540280474,86.75299910550314,51.45770004427547,94.1606544640324,326.91512996432954,245.95282717716066,407.8774327514984,202.9416038214772,450.8886561071819,412.94957182242075,302.5337141754465,523.3654294693949,243.87528980049146,582.02385384435,539.8646270469936,450.45085531054195,629.2783987834454,402.94978907555196,676.7794650184353,470.49085111925933,364.26813379321254,576.7135684453061,307.83731521375023,633.1443870247684,187.401145149885,144.66921729009906,230.13307300967094,121.96788061458777,252.8344096851822,1201.5328623406485,1034.310374425518,1368.7553502557791,945.4734277206047,1457.5922969606922,749.8509910956384,567.052772594206,932.6492095970708,469.9412190153201,1029.7607631759568,226.07849421609043,177.73984245154116,274.4171459806397,152.05993370162437,300.09705473055647,196.38612466873957,154.7347089208823,238.03754041659684,132.60739430483312,260.164855032646,114.48087655855511,87.47492830234535,141.48682481476487,73.12801829123393,155.8337348258763,100.9110346485301,71.4514114466451,130.3706578504151,55.80098662064369,146.0210826764165
2026-09-01,120.5188122231142,95.44619133603821,145.59143311019017,82.1263614897791,158.9112629564493,192.5787293414888,129.40986227651217,255.74759640646545,95.85140164824337,289.30605703473424,241.4863802608388,164.88148494757985,318.0912755740978,124.18513431241104,358.7876262092666,274.35553348865955,221.94812269310182,326.76294428421727,194.1066857079618,354.6043812693573,313.0918811736079,232.78388149547308,393.39988085174264,190.12025666646397,436.06350568075175,93.04998627846655,66.72731430140459,119.3726582555285,52.74339481359043,133.35657774334265,162.32202865866827,126.72271649546173,197.92134082187482,107.81058190875825,216.8334754085783,113.31074662822985,88.51119562418458,138.11029763227512,75.33643415328552,151.28505910317418,70.30964235677072,52.2040041569076,88.41528055663385,42.58538386323032,98.03390085031113,71.45736369444214,55.867696931560246,87.04703045732403,47.58568646377924,95.32904092510503,320.91148027607426,230.3928739525591,411.4300865995894,182.3048643431917,459.5180962089568,414.6215381820475,291.1728564357603,538.0702199283347,225.59074425804528,603.6523321060497,544.0480820642808,444.08044620060315,644.0157179279586,390.97263964802437,697.1235244805373,485.62526297928605,366.86465463139336,604.3858713271787,303.7730814465754,667.4774445119967,185.6519851749895,137.87623742294028,233.42773292703873,112.49537142966412,258.8085989203149,1246.0800148425885,1059.1195896701538,1433.0404400150233,959.796863797298,1532.363165887879,748.1195466589171,543.7449252913858,952.4941680264484,435.1709076898848,1061.0681856279493,234.6230685545689,180.57881291145773,288.66732419768005,151.86780210105493,317.3783350080829,205.45415096732745,158.8864524816704,252.0218494529845,134.1473626611651,276.76093927348984,114.38517792796605,84.1916098791026,144.5787459768295,68.15127685314388,160.61907900278823,99.19950791695169,66.26264788147924,132.13636795242414,48.7649409876345,149.63407484626887
2026-10-01,125.33452412359432,97.86884405234092,152.8002041948477,83.27770151448755,167.3913467327011,188.88346437391976,119.68543752685407,258.08149122098547,82.92398576435042,294.84294298348914,239.60251549379333,155.68605713700595,323.5189738505807,111.10543863496261,368.0995923526241,272.27694290435807,214.86750075802462,329.6863850506915,184.36873461778498,360.18515119093115,323.12107362077666,235.14806767711258,411.09407956444073,188.41240826954103,457.82973897201225,93.88514179888169,65.05009936758981,122.72018423017357,49.731483075966,138.03880052179738,169.69291424768198,130.69582164076948,208.6900068545945,109.97861619334722,229.40721230201675,114.15904301822047,86.9924960163895,141.32559002005144,72.56026792166679,155.75781811477415,69.5375257539349,49.70379283375038,89.37125867411942,39.16712221990235,99.90792928796745,70.13246311051732,53.05483881047941,87.21008741055523,43.982350901084274,96.28257531995037,315.62917498277517,216.47100986813712,414.7873400974132,163.79323465098568,467.4651153145646,415.50836926335694,280.27711388992145,550.7396246367924,208.4355094727839,622.58122905393,543.5911220362923,434.0820636702949,653.1001804022897,375.9053764133588,711.2768676592258,498.54251174570817,368.44678347535387,628.6382400160625,299.33342783172816,697.7515956596882,183.78644684223264,131.45073735128443,236.12215633318084,103.64739168421822,263.92550200024704,1270.5971258307568,1065.7922413753586,1475.402010286155,956.9896465084282,1584.2046051530854,742.985077055607,519.1038964464586,966.8662576647554,400.16701924784854,1085.8031348633654,242.95968746921443,183.75717163059872,302.1622033078301,152.30583509133413,333.6135398470947,215.04408210861277,164.03172428522572,266.0564399319998,136.93140919155132,293.1567550256742,113.9600020111306,80.88460538727108,147.03539863499012,63.31330093084571,164.60670309141548,97.33915416940289,61.25863173976557,133.4196765990402,42.09085419902074,152.58745413978505
2026-11-01,130.8373184174827,101.17099330961241,160.50364352535297,85.41075809605633,176.26387873890906,185.58351184052225,110.84110036763917,260.3259233134053,71.13419427267004,300.0328294083745,237.31652857970246,146.6763940898557,327.9566630695492,98.5238226421246,376.10923451728036,269.33766537514697,207.32838067670787,331.3469500735861,174.3859481806621,364.2893825696318,332.13199201220374,237.110285348807,427.1536986756005,186.63000368387748,477.63398034053,94.2262820675249,63.0808765633931,125.37168757165671,46.53487988932307,141.91768424572675,177.81182496125328,135.6901507650536,219.93349915745296,113.3130113483225,242.31063857418405,114.89668121181396,85.55345674681794,144.23990567680997,69.96486874978882,159.8284936738391,68.74656231033708,47.32368228747181,90.16944233320235,35.94277727532464,101.55034734534954,68.96118589283506,50.51524342060594,87.40712836506418,40.715836482234224,97.2065353034359,310.95838521906325,203.85532584608302,418.0614445920435,146.9568255541873,474.9599448839392,415.69955805662187,269.6331079907202,561.7660081225235,192.03530639320996,639.3638097200337,537.5653876489902,419.2820857495166,655.8486895484638,356.4440816154213,718.686693682559,509.48673630920837,368.9672894940925,650.0061831243243,294.3163333735622,724.6571392448545,182.54538497171194,126.01635789203885,239.07441205138502,95.98531225596253,269.10545768746135,1271.424424418088,1050.209866097618,1492.6389827385578,932.6896319898685,1610.1592168463073,736.9136378557005,495.09432472548235,978.7329509859186,366.62781462505393,1107.1994610863471,251.21146507419056,187.2654394336151,315.157490714766,153.29411331205938,349.12881683632173,225.42770286919696,170.3280589579021,280.5273467804918,141.0563731300267,309.7990326083672,113.24240062348284,77.5168891207781,148.96791212618757,58.53771113496622,167.94709011199944,95.49421116333534,56.52279280840729,134.46562951826337,35.81922680735177,155.16919551931892
2026-12-01,136.59220367844296,104.87756811321437,168.30683924367153,88.02916796918669,185.15523938769923,182.65853656898426,102.75553771389559,262.56153542407293,60.307069572129734,305.0100035658388,234.69209864341838,137.7937189999559,331.59047828688085,86.31645481436644,383.0677424724703,266.30784299355105,200.0171292391273,332.5985567479748,164.8001875570897,367.8154984300124,340.0538673878872,238.47139006189715,441.6363447138772,184.50569898246496,495.60203579330937,94.6717554075239,61.3759163879226,127.9675944271252,43.68750190875941,145.6560089062884,186.84556116758225,141.81559733915486,231.87552499600963,117.89342905530279,255.7976932798617,115.52496738350176,84.15574093458228,146.89419383242122,67.49083938359382,163.5590953834097,67.94054035983265,45.03851827882529,90.84256244084001,32.871819048290135,103.00926167137517,67.98247196104276,48.2629299875504,87.70201393453513,37.786923314132586,98.17802060795293,307.1230994271574,192.62511278458612,421.6210860697287,131.79805738072014,482.44814147359466,415.1068669474613,258.9552635620533,571.2584703328694,175.9997242635553,654.2140096313673,529.9949831249492,403.54481447232706,656.4451517775713,336.3681623756215,723.6218038742768,518.6963858681796,368.47477839356065,668.9179933427986,288.66954942266943,748.7232223136898,181.34168989927025,120.90961797361226,241.77376182492824,88.80507976310645,273.87830003543405,1249.0177184947668,1012.529408151418,1485.5060288381155,886.894993281514,1611.1404437080196,731.5339323021487,473.01821251978265,990.0496520845148,335.68173638540065,1127.3861282188968,259.45139406275547,191.09021715049974,327.8125709750112,154.7733419158639,364.129446209647,236.7982671057301,177.89427006307005,295.70226414839016,146.60152163415688,326.9950125773033,112.33788121390086,74.14570292522299,150.53005950257872,53.856108209362866,170.81965421843884,93.84688943121787,52.18469075671099,135.50908810572474,30.051647710879216,157.64213115155653
2027-01-01,142.63350980029486,108.99505899374508,176.27196060684463,91.12463200276551,194.1423875978242,179.98779768788572,95.23786919652451,264.7377261792469,50.214469685488865,309.7611256902826,231.69547452395904,128.9192225261378,334.4717265217803,74.31933865229527,389.07161039562277,263.21948468054643,192.9075648423724,333.5314045187205,155.55435742834248,370.8846119327504,347.1154172873804,239.37092943697604,454.8599051377848,182.13167026644874,512.0991643083121,95.04511392300346,59.72954358891987,130.36068425708703,40.968146848937955,149.12208099706896,196.9032711591546,149.14178198965567,244.66476032865353,123.76849086835934,270.0380514499499,116.02571141051754,82.75362229660651,149.29780052442857,65.07782495484128,166.9735978661938,67.13625042892778,42.844987754381265,91.4275131034743,29.940254458528422,104.33224639932715,67.15812409792298,46.24239132089917,88.07385687494678,35.130908283105285,99.18533991274067,303.6760411908491,182.2325870100958,425.1194953716024,117.7157519765706,489.63633040512764,413.51169402831476,247.88790755785342,579.1354804987761,159.90027099542084,667.1231170612086,521.7714756246263,387.65081801994876,655.8921332293039,316.39921866746386,727.1437325817888,526.2965713062127,366.96249531714255,685.6306472952829,282.31626744794903,770.2768751644765,180.13009388389952,116.0322020942206,244.22798567357844,81.98019708095367,278.2799906868454,1203.2626410170358,952.4289091443397,1454.0963728897318,819.17348908697,1587.3517929471016,725.9905167491397,451.79318899699115,1000.1878445012883,306.12585862866223,1145.8551748696173,267.71785557211103,195.20987792528712,340.22583321893495,156.69001480041192,378.74569634381015,249.2982273536557,186.8211037318698,311.7753509754416,153.63013180779603,344.9663228995154,111.31773689199662,70.80881450768199,151.82665927631126,49.288449491014845,173.3470242929784,92.36412734383886,48.174692541011346,136.55356214666637,24.699055302009242,160.02919938566848
2027-02-01,149.19387243452303,113.73583193178123,184.65191293726483,94.89874791469967,203.4889969543464,177.41397036500962,88.07970184197656,266.7482388880427,40.62087168911523,314.207069040904,228.27142349330012,119.93574159711814,336.6071053894821,62.38241058977147,394.1604363968288,260.11598656463985,186.000715448704,334.2312576805757,146.62697766836305,373.60499546091665,353.49958690172065,239.92692458984828,467.072249213593,179.59144773666608,527.4077260667752,95.34121516374634,58.11533545588711,132.56709487160558,38.3390868610869,152.34334346640577,208.13450502779983,157.78947495543966,258.47953510016,131.0436777294983,285.22533232610135,116.37132789422128,81.29946652353715,151.4431892649054,62.6675401703612,170.07511561808136,66.3136010557653,40.70836195809848,91.91884015343213,27.10557868746298,105.52162342406763,66.40314063549702,44.35602246655239,88.45025880444166,32.643490939300555,100.16279033169349,300.4006970489081,172.38805633908197,428.41333775873426,104.38134096198684,496.4200531358294,410.68072782403897,236.09792784135968,585.2635278067182,143.35081535056133,678.0106402975166,516.0600413624821,374.6844549256941,657.4356277992702,299.57867463115053,732.5414080938137,532.3673457027992,364.41448270153,700.3202087040684,275.1895242321057,789.5451671734927,178.87935726324412,111.31424683978017,246.44446768670807,75.42028192731495,282.3384325991733,1137.2088410962162,872.8068721903189,1401.6108100021136,732.343326209061,1542.0743559833713,720.7249629206455,431.69560157781655,1009.7543242634744,278.14875336443873,1163.3011724768521,276.03378433728267,199.6036650384362,352.46390363612915,159.000164160924,393.06740451364135,263.06594495717076,197.2092741902535,328.922615724088,162.22291784532874,363.90897206901275,110.18393886615341,67.48378543501576,152.88409229729106,44.79932892472388,175.56854880758294,91.02824618143131,44.44849201728181,137.60800034558082,19.70299761757738,162.35349474528525
2027-03-01,156.37011876833748,119.18141215028628,193.55882538638866,99.42491175944657,213.3153257772284,174.8088025200699,81.11423124830456,268.5033737918352,31.33899026017923,318.27861477996055,224.4154470011273,110.79202525586474,338.0388687463898,50.429582453694024,398.40131154856056,257.09594851042755,179.36319637950436,334.82870064135074,138.0676718099514,376.12422521090366,358.9690421491529,239.85302900622048,478.08505529208537,176.57264702403762,541.3654372742683,95.36313823214903,56.32030621362857,134.4059702506695,35.57880170378958,155.1474747605085,220.71983237374712,167.9175193724634,273.52214537503085,139.86629059053143,301.5733741569628,116.53850290427894,79.75482437690849,153.3221814316494,60.21349515924293,172.86351064931495,65.44172468266862,38.586723357523354,92.29672600781389,24.320003903539934,106.5634454617973,65.61808100458187,42.494868392339825,88.74129361682391,30.21066169208624,101.0255003170775,296.9422517560078,162.6814615019156,431.20304201010003,91.35541667942914,502.5290868325865,406.5097892252218,223.40580386506804,589.6137745853756,126.13181164248635,686.8877668079573,514.1575598655841,365.8815938954367,662.4335258357314,287.10998697379597,741.2051327573722,536.956119345446,360.8056705542056,713.1065681366865,267.22574463385916,806.6864940570329,177.6056552929515,106.74276965322917,248.46854093267382,69.0968616571267,286.1144489287763,1091.2070063709455,813.8998819088312,1368.5141308330599,666.580472038333,1515.833540703558,714.7983782532884,411.66182669596157,1017.9349298106154,250.6205336811317,1178.9762228254451,284.43137677942934,204.2707913920989,364.5919621667598,161.6854804050796,407.1772731537791,278.25741132115,209.18635230977867,347.32847033252136,172.49235220998762,384.0224704323124,108.90049723059172,64.1161984937915,153.68479596739195,40.32453978986638,177.47645467131707,89.74348587580364,40.89022756285318,138.59674418875412,14.93693408409824,164.55003766750906
2027-04-01,164.20191138769042,125.35957413112342,203.0442486442574,104.7245824635722,223.67924031180863,172.12487378273696,74.26408572615911,269.9856618393148,22.275542071102137,321.97420549437174,220.2233039962598,101.54751048177398,338.8990975107456,38.50099517720341,401.94561281531617,253.96648992772367,172.77727823610536,335.155701619342,129.64550952493312,378.2874703305142,363.335686105131,238.92306797687235,487.74830423338966,172.82886459623495,553.842507614027,95.31583115818185,54.53692308024521,136.0947392361185,32.873128163841365,157.75853415252234,234.86886754984096,179.71865029202573,290.01908480765616,150.42009737381142,319.3176377258705,116.52075817071164,78.10145895787613,154.94005738354716,57.691206251057274,175.350310090366,64.5010599511861,36.45192586297541,92.55019403939679,21.55082337861348,107.45129652375871,64.72409318973762,40.572685291511675,88.87550108796356,27.742249845579146,101.70593653389608,293.22730721423125,152.99648528907943,433.45812913938306,78.49886114134253,507.95575328711993,401.1205222726833,209.87464686683137,592.3663976785351,108.27527555747253,693.9657689878941,526.1349517777476,371.2657562338471,681.004147321648,288.9914961011501,763.278407454345,540.12501844653,356.14187511979014,724.1081617732699,258.4008302274596,821.8492066656004,176.13246838955985,102.1185982310426,250.1463385480771,62.79872970933032,289.4662070697894,1121.717705008836,832.0798597717571,1411.3555502459149,678.2097544895589,1565.225655528113,707.3709581510607,390.75515617350266,1023.9867601286187,222.5530113729249,1192.1889049291965,292.97376201592783,209.24876119034957,376.6987628415061,164.7698545017611,421.1776695300946,295.06443197105784,222.92206368859462,367.20680025352107,184.59643053853603,405.53243340357966,107.44726124353478,60.671586757203364,154.2229357298662,35.8220096863398,179.07251280072978,88.39297271049374,37.36740855299398,139.4185368679935,10.26007759432224,166.52586782666523
2027-05-01,172.7444580289221,132.31607162552604,213.1728444323182,110.83849134872187,234.65042470912235,169.42007079188582,67.56333320271607,271.27680838105556,13.45194135846964,325.388200225302,215.90499851052618,92.38331635114193,339.4266806699104,26.762422703969037,405.04757431708333,250.7174968878813,166.21308613693128,335.22190763883134,121.32011792548909,380.1148758502735,366.6730141532539,237.180255622174,496.16577268433383,168.38722765253777,564.95880065397,95.16719736203237,52.7231641414346,137.61123058263013,30.174771492992036,160.15962323107271,250.83832895839876,193.43616289401663,308.2404950227809,162.9412621723136,338.7353957444839,116.33630441716257,76.34822996982476,156.32437886450037,55.10456541967653,177.5680434146486,63.48319937258918,34.28873499964185,92.67766374553652,18.77917580151358,108.18722294366478,63.69252667022191,38.55494433973453,88.83010900070929,25.200603726663118,102.1844496137807,289.2820730638413,143.32520602445211,435.23894010323056,65.78562040977661,512.7785257179061,394.88177947047024,195.82676128522112,593.9367976557194,90.07878287430754,699.6847760666329,538.9247907966792,377.7318214324745,700.1177601608839,292.09805645774077,785.7515251356176,541.9794844631347,350.4837574940453,733.4752114322241,248.75165254171657,835.2073163845528,174.34563792305323,97.30955942411003,251.38171642199643,56.38414272154647,292.30713312456,1150.9217725891504,849.4571452948198,1452.3863998834809,689.3040620447068,1612.5394831335939,698.1412383201496,368.59706338495727,1027.685413255342,193.5267204506364,1202.7557561896629,301.768393510764,214.62464974882386,388.9121372727041,168.3295358752932,435.20725114623474,313.73561548824716,238.64745790096333,388.823773075531,198.7568741827188,428.71435679377555,105.85341161011982,57.16774601997404,154.5390772002656,31.303486175209088,180.40333704503055,86.90604797439013,33.796956969267626,140.01513897951264,5.582752372796293,168.229343575984
2027-06-01,182.05399814519717,140.09947883187755,224.0085174585168,117.8111404466765,246.29685584371782,166.84904833813587,61.14731634871421,272.5507803275575,4.9932712293339705,328.7048254469378,211.7599712162331,83.57546372537047,339.94447870709575,15.477444120849697,408.04249831161655,247.43317783988567,159.73880642629865,335.1275492534727,113.15117161283055,381.71518406694076,369.22678309956206,234.8457968163485,503.6077693827756,163.4558978533913,574.9976683457328,94.91952260025818,50.87326773070534,138.96577746981103,27.473694831255386,162.36535036926097,268.936347340289,209.36730442216253,328.50539025841545,177.72125037190787,360.1514443086701,116.0290280098884,74.53144200773305,157.52661401204375,52.48584944408802,179.5722065756888,62.40297857524793,32.10645110182023,92.69950604867563,16.011420881561754,108.79453626893411,62.55881651538135,36.47231450040104,88.64531853036166,22.613860304942747,102.50377272581996,285.36818920114047,133.90159006422104,436.83478833805987,53.434959272732584,517.3014191295483,388.3593119568916,181.79015726600102,594.9284666477822,72.05029383646541,704.6683300773177,551.1907349304063,383.91288518189947,718.4685846789131,295.0465275030053,807.3349423578072,542.6881685458882,343.96366108278653,741.4126760089898,238.39126649301375,846.9850705987626,172.2424527219887,92.29833595815907,252.18656948581835,49.82802392737459,294.6568815166028,1178.927806697679,866.0831781264966,1491.7724352688615,699.884469198056,1657.971144197302,686.8763091291091,344.8921568566084,1028.8604614016099,163.21307596184238,1210.5395422963759,310.9685621415398,220.5352254207803,401.4018988622993,172.4925152878768,449.44460899520277,334.59043305284,256.6677693515587,412.5130967541213,215.271354260253,453.909511845427,104.1977819590252,53.67427906918417,154.72128484886625,26.83366815895613,181.56189575909428,85.26179002499822,30.14788164254321,140.37569840745323,0.8686178143639864,169.65496223563247
2027-07-01,192.18785367382304,148.7608004184948,235.6149069291513,125.69017837660165,258.68552897104445,164.62462871174375,55.212941498639935,274.0363159248476,0.0,332.161274756809,208.12062189680606,75.43705110574658,340.80419268786557,4.948904122996225,411.2923396706159,244.19386569865978,153.42156750762015,334.9661638896994,105.19878409363037,383.1889473036892,371.28673433503457,232.18919863828006,510.3842700317891,158.29363279937922,584.2798358706899,94.49184713579231,48.8996418805515,140.08405239103314,24.67878283870482,164.3049114328798,289.51889340785374,227.8590760266753,351.1787107890322,195.10229804292425,383.93548877278323,115.6622461797664,72.70816383586421,158.61632852366859,49.88880759066619,181.43568476886662,61.298953472200736,29.939068206577897,92.65883873782357,13.279129159215763,109.31877778518572,61.41627126744176,34.41417636106249,88.41836617382103,20.06931344204851,102.763229092835,281.8219699667268,125.0391447840731,438.6047951493805,41.748268905788336,521.8956710276652,382.20880323042456,168.3894143184545,596.0281921423946,54.797863958970424,709.6197425018787,572.5130987417161,399.3640743132817,745.6621231701506,307.3786550856759,837.6475423977563,542.4806376045138,336.78123000817516,748.1800452008525,227.50341972262032,857.4578554864074,169.92760745092227,87.17758497477841,252.6776299270661,43.21663553432698,296.63857936751754,1205.8313583321844,882.0064029288484,1529.6563137355206,709.9743953708261,1701.6883212935427,674.1257411900581,320.13851320384197,1028.1129691762742,132.08279833616473,1216.1686840439515,320.76278093468545,227.1553843035759,414.370177565795,177.42645484329896,464.0991070260719,358.02103513467955,277.36341536597325,438.67865490338585,234.51405486384806,481.52801540551104,102.58611845832229,50.28932453590249,154.88291238074208,22.506652764616973,182.6655841520276,83.5153645066089,26.46704948338578,140.56367952983203,0.0,170.87059688591933
2027-08-01,203.2254798666772,158.37421212461084,248.07674760874357,134.54697613663808,271.90398359671633,162.96004241963084,49.96013776448257,275.9599470747791,0.0,335.99114642282666,205.27970620037877,68.2447035366171,342.31470886414047,0.0,415.1145540292638,241.24696951583354,147.49774306493484,334.9961959667322,97.69346651289493,384.80047251877215,373.11560266851154,229.45628553463905,516.774919802384,153.13727330726928,593.0939320297538,93.99299805818671,46.90557094607526,141.08042517029816,21.890375292766052,166.09562082360736,312.9857593252988,249.30377376596684,376.6677448846307,215.47271893757176,410.4987997130258,115.30679125285727,70.94400576764255,159.66957673807198,47.37627597862223,183.2373065270923,60.224506012303785,27.836155779575087,92.61285624503248,10.629844718437973,109.81916730616959,60.391862267636554,32.50421856493816,88.27950597033495,17.688907847879626,103.09481668739349,279.02344851630755,117.09884294196979,440.9480540906453,31.07639623060288,526.9705008020122,377.0379792851645,156.20626399121602,597.869694579113,38.889415241305926,715.1865433290232,604.5135565802333,425.6860131073299,783.3411000531366,330.68388063735,878.3432325231165,541.6266073765253,329.1811727244317,754.0720420286189,216.319535565507,866.9336791875435,167.5274788941783,82.0636231746064,252.9913346137502,36.66094982358385,298.39400796477275,1231.716587961195,897.2716121309337,1566.1615637914565,719.5977187211074,1743.8354572012827,660.8586442715823,295.26220726871753,1026.4550812744471,101.0391001109457,1220.678188432219,331.354970045012,234.67766651591347,428.03227357411055,183.3178490160799,479.39209107394413,384.48363453809884,301.1808030423843,467.7864660338134,256.92617381028595,512.0410952659117,101.12127396590259,47.10937745348308,155.13317047832209,18.415557431260225,183.82699050054495,81.78632334637992,22.867076942609906,140.70556975014992,0.0,172.00641940215274
2027-09-01,215.28152844686576,169.0498998610163,261.5131570327152,144.4893471747838,286.0737097189477,162.00788223146785,45.53024658699256,278.4855178759431,0.0,340.3642618120706,203.4213714208786,62.16892382350687,344.6738190182503,0.0,419.714181804354,238.84588664971386,142.21139590546275,335.480377393965,90.87432269757934,386.81745060184835,374.9784387462494,226.8978040844841,523.0590734080147,148.22996692042128,601.7269105720776,93.4721447989297,44.93553589347763,142.00875370438177,19.15046241245622,167.7938271854032,339.77602065841904,274.134132430873,405.41790888596506,239.26187930998918,440.2901620068489,115.02650870552972,69.29839610499015,160.75462130606928,45.005336285953504,185.04768112510595,59.23756625145239,25.852418989192707,92.62271351371209,8.116559506117248,110.35857299678753,59.61081841502678,30.864893256072598,88.35674357398096,15.593620515378191,103.62801631467536,277.2465753273879,110.33851228501973,444.15463836975607,21.668603793761633,532.8245468610141,373.2730632123148,145.64494130149566,600.9011851231339,24.717501536372993,721.8286248882566,641.5059672654094,457.17475463828066,825.8371798925381,359.2487979301186,923.7631366007001,540.4004215804225,321.41667989271355,759.3841632681315,205.0815671211181,875.719276039727,165.16225531824603,77.06812924216028,253.25638139433175,30.26812476423973,300.05638587225235,1256.657710226596,911.9197199002679,1601.3957005529242,728.7776625394059,1784.5377579137862,648.2809487765516,271.4327672484805,1025.1291303046225,71.23217081169275,1225.3297267414105,342.94079619945194,243.28811268685888,442.593479712045,190.3476245707938,495.53396782811006,414.48386683832797,328.6172735458628,500.3504601307931,283.00064585924065,545.9670878174153,99.87814218675854,44.20395359659959,155.55233077691747,14.627040908077646,185.12924346543943,80.22617716373165,19.49360808759733,140.95874623986597,0.0,173.2229235615623
2027-10-01,228.50826532222453,180.93631197438165,276.0802186700674,155.66371175834013,301.35281888610893,161.81237636347834,41.95787808084533,281.66687464611135,0.0,345.3395768587601,202.5745476323141,57.22697816712039,347.9221170975078,0.0,425.13801337589194,237.18216248171527,137.7460918500797,336.6182331133508,84.9206793270233,389.44364563640727,377.1108766110799,224.73716062209488,529.484592600065,143.7886240029466,610.4331292192132,92.9703711472435,43.02661261784155,142.91412967664544,16.493990899096772,169.4467513953902,370.3652843822956,302.82033863965455,437.9102301249367,266.93708621387646,473.79348255071477,114.86494184706959,67.81110217369039,161.9187815204488,42.81374984720769,186.91613384693147,58.38683346699226,24.033800345481225,92.73986658850329,5.783751499678495,110.98991543430603,59.159695048683446,29.58038208844491,88.73900800892199,13.866372078318193,104.4530180190487,276.60252729088285,104.85554732702599,448.3495072547397,13.614964221227012,539.5900903605386,371.0650361514122,136.83763107330023,605.2924412295241,12.404322125553279,729.725750177271,681.419580599584,491.7443276206509,871.0948335785172,390.9793494755927,971.8598117235754,539.0406184762828,313.7082072643545,764.3730296882111,194.00036380801754,884.0808731445481,162.92153234218978,72.2734244537028,253.56964023067675,24.116617137944104,301.72644754643545,1280.7202542774767,925.9877887624535,1635.4527197925,737.5361664575975,1823.9043420973558,637.6772594739427,249.9036798003936,1025.450839147492,43.89896559882072,1231.4555533490648,355.68649405282395,253.1447286844404,458.2282594212075,198.6694158324866,512.7035722731613,448.56137618928153,360.20538062529147,536.9173717532716,313.26625798192174,583.8564943966413,98.88882671190885,41.60055927889205,156.17709414492566,11.166167205101871,186.6114862187158,78.9812468692374,16.48794885747708,141.4745448809977,0.0,174.67410944974537
2027-11-01,243.09235355801866,194.2168176636804,291.9678894523569,168.25168921981322,317.9330178962241,162.28792847543713,39.149137220056446,285.4267197308178,0.0,350.8442025852388,202.6014325203842,53.27100043559315,351.9318646051753,0.0,431.26365665022047,236.39978900819642,134.238937974552,338.5606400418409,79.96598586292839,392.83359215346445,379.64169939630835,223.09258797515548,536.1908108174612,139.92587253266802,619.3575262599487,92.46260259735189,41.15026852409411,143.77493667060966,13.890591047675912,171.03461414702787,405.26804319751204,335.87220830322593,474.66387809179815,299.00567101563644,511.53041537938765,114.8366540603295,66.4934293643235,163.17987875633548,40.81109124457032,188.86221687608867,57.69970606774196,22.405319664625345,92.99409247085856,3.6551768879696453,111.74423524751427,59.05803734312638,28.668182174743684,89.44789251150908,12.523571616540373,105.5925030697124,276.9774249124135,100.5241768696082,453.43067295521877,6.783388846867922,547.171460977959,370.26046437855956,129.61468175479283,610.9062470023263,1.7716097359167975,738.7493190212024,721.5513104196518,526.6785128396486,916.424107999655,423.152339125272,1019.9502817140317,537.7148193943326,306.2077742280701,769.2218645605951,183.21965648349317,892.209982305172,160.84135868924352,67.7092810875049,253.97343629098214,18.23286486158125,303.4498525169058,1303.9621632765964,939.5092003218433,1668.4151262313494,745.8935637521307,1862.0307628010619,629.9861064431461,231.58662568964064,1028.3855871966516,19.93690153934085,1240.0353113469514,369.7157970370756,264.3641479827385,475.06744609141276,208.3960844226218,531.0355096515294,487.2792311303584,396.5020750802042,578.0563871805126,348.27671092855974,626.2817513321571,98.13915221362501,39.281052551971605,156.9972518752784,8.012687106718232,188.2656173205318,78.15032957999875,13.944569354097311,142.35608980590018,0.0,176.46539992591033
2027-12-01,259.2464350478402,209.1011932736882,309.3916768219921,182.46153358117,336.0313365145104,163.2298444325212,36.89211030256794,289.5675785624744,0.0,356.6844998190121,203.2245441395825,50.01475351306456,356.4343347661004,0.0,437.827036036438,236.48861164260254,131.67379005148712,341.30343323371795,75.99091608120705,396.986307203998,382.5533938806618,221.93739452439223,543.1693932369315,136.61014486637401,628.4966428949497,91.98005674603205,39.33471279190814,144.62540070015595,11.366873816279806,172.59323967578428,445.0465212736536,373.8478969472405,516.2451456000666,336.02362777383354,554.0694147734736,114.92540998407644,65.32630797598588,164.524511992167,38.976785034187785,190.8740349339651,57.17581362864855,20.964537228922296,93.3870900283748,1.727296641567733,112.62433061572936,59.24649092893813,28.067157403174345,90.42582445470191,11.503136467612343,106.98984539026392,278.05756250265154,97.02034985562125,459.0947751496818,0.8443306368864114,555.2707943684167,370.44425730550137,123.54689381292698,617.3416207980757,0.0,748.5058451535058,758.9445864981535,559.0093147707981,958.8798582255089,452.7937016656406,1065.0954713306664,536.4992273247817,298.97801062899634,774.0204440205671,172.79486425936045,900.203590390203,158.88224598110506,63.330750477006575,254.43374148520354,12.569018490454283,305.1954734717558,1326.434753614795,952.5139032699258,1700.3556039596642,753.8684515242139,1899.001055705376,625.6459141192597,216.89667138419713,1034.3951568543223,0.0,1251.5431920573242,385.1084363453384,277.0199250591161,493.19694763156076,219.59790343831048,550.6189692523664,531.2228800134186,438.0874830421045,624.3582769847327,388.6093034010939,673.8364566257433,97.57541469836434,37.188278600637425,157.96255079609125,5.107612548719999,190.04321684800868,77.75515368113888,11.88143361019398,143.6288737520838,0.0,178.62428753977326
2028-01-01,277.1968948363851,225.81331247569756,328.5804771970727,198.51578434658228,355.878005326188,164.3546672786548,34.897013127402346,293.81232142990723,0.0,362.58670019776014,204.08575530897588,47.09243716768512,361.0790734502666,0.0,444.48177371282736,237.29455020018563,129.89131856148575,344.6977818388855,72.83335175342646,401.75574864694477,385.70204580041866,221.11962203750937,550.284469563328,133.68520941346384,637.7188821873735,91.5265097511779,37.58108499568625,145.47193450666956,8.922578094331314,174.13044140802447,490.32589357215863,417.3690137644778,563.2827733798395,378.61067136664735,602.0411157776699,115.08963799703497,64.2656823657638,165.91359362830616,37.26545593665098,192.91382005741895,56.78687546397995,19.681358819924995,93.89239210803491,0.0,113.6046978251891,59.59482078680588,27.64551123141239,91.54413034219938,10.672440530109597,108.51720104350217,279.38473944739906,93.87679896733127,464.8926799274668,0.0,563.4437733075029,371.042958625752,118.04844583038798,624.037471421116,0.0,758.4408063436531,790.5327358276913,585.6600472507948,995.4054244045878,476.82143144431865,1104.244040211064,535.3780495165432,291.9912281812899,778.7648708517966,162.69197934693665,908.0641196861498,156.93475640192057,59.023609397489864,254.84590340635128,7.008312551386069,306.8612002524551,1368.5891874430054,985.4343330580432,1751.7440418279675,781.883316666032,1955.2950582199787,624.4798884000679,205.63655180712243,1043.3232249930134,0.0,1265.8337475580156,401.9106245598839,291.152859208305,512.6683899114628,232.31279636527879,571.508452754489,581.0110645248917,485.5756817915759,676.4464472582075,434.87563471450187,727.1464943352815,97.11905562339265,35.24065457432172,158.99745667246358,2.367754017002781,191.87035722978254,77.7301479667572,10.229671332999516,145.2306246005149,0.0,181.09025281219863
2028-02-01,297.17174323438235,244.57896996802026,349.76451650074443,216.6390591702654,377.7044272984993,165.35983425469084,32.85570084142773,297.86396766795394,0.0,368.25678854374996,204.82252848410417,44.13474444871582,365.5103125194925,0.0,450.87569778829254,238.56482772601515,128.63411542187748,348.4955400301528,70.23342451030433,406.896230941726,388.8765833397266,220.4211020571797,557.3320646222735,130.92912762582665,646.8240390536266,91.08811804955678,35.87321549551063,146.30302060360293,6.540298513673605,175.63593758543996,541.8146326281742,467.14088545708955,616.4883797992588,427.47045727245086,656.1588079838975,115.27371091651646,63.253733869137164,167.29368796389576,35.61812106271691,194.92930077031602,56.48343884529373,18.50473175372585,94.46214593686162,0.0,114.63833407925705,59.92802100948406,27.226860127614763,92.62918189135337,9.854368409121697,110.00167360984642,280.46140102575765,90.58797055349103,470.3348314980243,0.0,571.2050914364158,371.4617989310063,112.51365951011212,630.4099383519005,0.0,767.9761374192504,813.5559699808471,603.8620879318931,1023.249852029801,492.4622130933864,1134.6497268683077,534.263090137107,285.1487364384275,783.3774438357866,152.806736036004,915.7194442382101,154.85043964892606,54.63518570833712,255.06569358951498,1.3958320523992427,308.3050472454529,1686.4679847877733,1294.2964884307673,2078.6394811447794,1085.9553809911079,2286.980588584439,625.7235005941615,197.02367813077882,1054.4233230575442,0.0,1282.1701037412163,420.1548410627285,306.79065404019923,533.5190280852578,246.56592968448058,593.7437524409764,637.3181806160792,539.6369521947254,734.999409037433,487.7437995958812,786.8925616362772,96.68588219379726,33.351319538846106,160.0204448487484,0.0,193.6669312591912,77.93357103720797,8.844630564917267,147.02251150949866,0.0,183.7260111354031
2028-03-01,319.39248832313035,265.61770739864517,373.16726924761554,237.04985503251237,401.73512161374833,165.98747104519268,30.505344826069717,301.46959726431567,0.0,373.4444768182247,205.1423665218067,40.843170128779036,369.4415629148344,0.0,456.7255109986303,239.9674272888979,127.56605341404727,352.36880116374857,67.85282354303288,412.08203103476296,391.8573137065432,219.61584327449202,564.0987841385944,128.11256210746484,655.6020653056216,90.61374989588248,34.15790807189395,147.069591719871,4.16574210290004,177.06175768886493,582.0854028179754,505.733384364828,658.4374212711227,465.1713745615935,698.9994310743573,115.4221083971814,62.232997124193226,168.6112196701696,33.97628176041826,196.86793503394455,56.206761878459176,17.374494119905897,95.03902963701245,0.0,115.66867188374388,60.063957280153886,26.627847085075274,93.5000674752325,8.864913543939764,111.26300101636801,280.8558748507599,86.71509289741306,474.99665680410675,0.0,578.1339472168222,371.22055029672754,106.45262490824314,635.9884756852119,0.0,776.6464360478442,825.8423173551828,611.4356247992014,1040.2490099111642,497.53206937883624,1154.1525653315293,533.0285691413371,278.31544101924146,787.7416972634328,142.99909170437815,923.0580465782962,152.486106959771,50.01854361882778,254.95367030071424,0.0,309.3895633255903,2045.9413466160024,1644.9559071409205,2446.9267860910845,1431.9323924197834,2659.9503008122215,628.237425141448,189.9026957941602,1066.572154488736,0.0,1299.4374794544826,439.8838976086796,323.9718826452489,555.7959125721103,262.3936246959264,617.3741705214328,700.9049003279792,601.0283140108904,800.7814866450681,547.9688775299369,853.8409231260216,96.20554373116786,31.447554749126425,160.9635327132093,0.0,195.36621435991884,78.17857839992644,7.536883591668996,148.8202732081839,0.0,186.34867357507065
2028-04-01,344.0724944811078,289.141134338601,399.00385462361464,259.95884926289426,428.18613969932136,166.07629239218065,27.680238698049266,304.47234608631203,0.0,377.9952496113193,204.87731812602476,37.04440141244996,372.7102348395996,0.0,461.8714718436862,241.17513057609793,126.35624628343106,355.9940148687648,65.35871400295179,416.99154714924407,394.4649396382433,218.51892775091514,570.4109515255715,125.04760893577208,663.8822703407145,90.08113962006573,32.41105475748196,147.7512244826495,1.7738221742343399,178.38845706589711,577.5296818964962,499.5354966826712,655.5238671103211,458.10108578782666,696.9582780051658,115.49284430432277,61.159750300660825,169.82593830798473,32.295294111215426,198.69039449743013,55.90259351275695,16.235127672387904,95.570059353126,0.0,116.64340058082206,59.853022195057605,25.69777359498179,94.00827079513343,7.552797776191518,112.1532466139237,280.29620086345676,81.97987063418068,478.61253109273287,0.0,583.9680815270358,370.0542801165382,99.5917693696673,640.5167908634091,0.0,784.1999996976842,826.1725023377288,607.154385605734,1045.1906190697237,490.80101109186177,1161.543993583596,531.5524388020302,271.3609822613216,791.7438953427388,133.13427097407026,929.9706066299902,149.74606798805704,45.07464900616064,254.41748696995342,0.0,310.02417830408586,2426.008641325817,2016.3988724150204,2835.6184102366133,1798.7936826811597,3053.223599970474,630.7645208441943,183.0021596258975,1078.526882062491,0.0,1316.4006364597112,461.17328665123097,342.76825497399955,579.5783183284624,279.8655818954704,642.4809914069915,770.8061795022163,668.7814638554422,872.8308951489904,614.5808336680934,927.0315253363392,95.6367360586008,29.485942810881767,161.78752930631984,0.0,196.93013821917057,78.27551448307203,6.11446962379739,150.43655934234667,0.0,188.77211442383634
2028-05-01,371.4227127464962,315.3586280689132,427.48679742407916,285.5745830839473,457.2708424090451,165.58893714257295,24.339056323637607,306.8388179615083,0.0,381.8778171465677,204.00591631783806,32.71216298813596,375.29966964754016,0.0,466.29947610394436,241.93193813359574,124.74540506997236,359.1184711972191,62.49005937992246,421.373816887269,396.60190467358143,217.0277582562408,576.1760510909221,121.62899297202858,671.5748163751343,89.48198608293725,30.62270219279793,148.34126997307658,0.0,179.61026453971309,572.9985573251421,493.39607537597715,652.601039274307,451.10725684048333,694.8898578098008,115.46682010648556,60.01333824996716,170.92030196300396,30.55367601369177,200.37996419927936,55.53346055123024,15.04802276031937,96.01889834214111,0.0,117.5267871685625,59.209855831108726,24.35030120273572,94.06941045948173,5.831162806412564,112.58854885580489,278.7192412026026,76.3134842346804,481.12499817052475,0.0,588.6530565597334,367.9550123846302,91.9153682671946,643.9946565020658,0.0,790.6407174394535,814.4899621407568,590.9555327996276,1038.0243914818861,472.2028672121527,1156.777057069361,529.7539866831155,264.1971933679985,795.3107799982324,123.12014691934269,936.3878264468883,146.61347653320718,39.78365688374231,253.44329618267204,0.0,310.1966378714502,2799.717594427105,2381.661374639278,3217.7738142149315,2159.5690078769953,3439.8661809772143,632.2256959272557,175.23014967367476,1089.2212421808367,0.0,1332.0001261280518,484.14643325777405,363.2998038464009,604.9930626691472,299.10003197160887,669.1928345439392,764.660966761277,660.5324273916337,868.7895061309202,605.2141408515108,924.1077926710432,94.9744885766292,27.459617936104806,162.4893592171536,0.0,198.35663424493217,78.07478482251939,4.425726817806876,151.72384282723192,0.0,190.84990489223543
2028-06-01,401.66387285428743,344.48950049774464,458.8382452108302,314.11561518333133,489.21213052524354,164.60866888137372,20.561489163692414,308.65584859905505,0.0,385.1809128240732,202.6386334511353,27.952595294195305,377.3246716080753,0.0,470.1266293789496,242.08688434593742,122.5796005815971,361.59416811027774,59.091356081791304,425.08241261008357,398.27637682869056,215.14596148493303,581.4067921724481,117.85792833356186,678.6948253238193,88.82496727788013,28.80003985549657,148.8498947002637,0.0,180.73813739340494,568.4933023442998,487.3143805864579,649.6722241021416,444.18807840260445,692.7985262859951,115.35090954413955,58.7992323275294,171.9025867607497,28.756153806205262,201.94566528207383,55.08636265195629,13.799155189516036,96.37357011439656,0.0,118.30739907881792,58.12936569851262,22.5794558414671,93.67927555555815,3.693566229911667,112.56516516711358,276.2706117262049,69.85643083761411,482.6847926147957,0.0,592.3423262118595,365.14628887253633,83.63998249653395,646.6525952485388,0.0,796.2028205107899,792.044877985294,564.0835945512449,1020.006161419343,442.97916272690634,1141.1105932436817,527.6187114631545,256.80285724697296,798.434565679336,112.93193469462659,942.3054882316824,143.16377952608974,34.2183125208459,252.10924653133358,0.0,309.9865258778694,3135.381223082685,2709.045858587293,3561.7165875780775,2482.5551961991155,3788.207249966255,631.957284539853,165.9114429454524,1098.0031261342538,0.0,1345.589979481279,508.97948879939406,385.73962449529256,632.2193531034956,320.26844658373864,697.6905310150495,758.5476767881049,652.35698595456,864.7383676216499,595.9431814492391,921.1521721269708,94.24786405734714,25.395935486601857,163.09979262809242,0.0,199.67737968130086,77.49956219713268,2.391965412381481,152.60715898188386,0.0,192.50806977378295
2028-07-01,435.0426014444418,376.77909555959127,493.30610732929233,345.82660805826447,524.2585948306191,163.30742026470318,16.516238179836392,310.09860234957,0.0,388.08141783215547,200.97244960864177,22.958759336913033,378.9861398803705,0.0,473.5559128372264,241.62304076812157,119.83922323069409,363.40685830554906,55.14157016393574,428.1045113723074,399.5979723491699,212.97904515678186,586.216899541558,113.83774008582577,685.358204612514,88.12157669920906,26.953214582304085,149.28993881611405,0.0,181.7856311907198,564.0149913229844,481.2896654362616,646.7403172097073,437.3418360589401,690.6881465870288,115.17427148435428,57.54532266510101,172.80322030360753,26.92994360487272,203.41859936383582,54.57402736950612,12.500326237190087,96.64772850182214,0.0,118.99938222836502,56.683454172541744,20.456342325202833,92.91056601988066,1.210689156304035,112.15621918877946,273.25270667990026,62.906473792172534,483.598939567628,0.0,595.3453757892332,362.0003260339627,75.13151292518484,648.8691391427406,0.0,801.2681961067789,761.3462581974637,529.0424648816131,993.6500515133143,405.6310746825675,1117.06144171236,525.2049557500231,249.23024075991327,801.179670740133,102.61867342141744,947.7912380786288,139.55637518080636,28.535569943030453,250.57718041858226,0.0,309.55698320115073,3398.3922269547415,2963.9354590991234,3832.8489948103597,2733.130301175826,4063.654152733657,629.8251297791303,154.9014268127932,1104.7488327454673,0.0,1357.052049946334,535.8951594828999,410.30765824453243,661.4826607212673,343.58929821164975,728.20102075415,752.4683426170878,644.254790193393,860.6818950407827,586.7663404683051,918.1703447658706,93.50894389788762,23.345432168390488,163.67245562738475,0.0,200.9468212336801,76.56009387663863,0.02174764038898047,153.09844011288828,0.0,193.75943655089588
2028-08-01,443.41695859334993,384.0843083776094,502.7496088090905,352.5638379504972,534.2700792362026,161.89450190312579,12.409678957359631,311.37932484889194,0.0,390.7931370388302,199.22792763083783,17.94765865114428,380.5081966105314,0.0,476.81333950599355,240.64110874602923,116.62253934915101,364.65967814290747,50.73767435705949,430.544543134999,400.74406983347626,210.70065650668278,590.7874831602697,109.74009317682373,691.7480464901288,87.40704674554974,25.116235737286118,149.69785775381337,0.0,182.7898511019534,559.5645260011194,475.32117760871995,643.8078743935188,430.5668987752578,688.5621532269809,114.97916918601693,56.29272025602491,173.66561811600894,25.115544261966647,204.84279411006722,54.02964260748564,11.183882561755098,96.87540265321618,0.0,119.63721267751053,54.99989314548557,18.10800820102733,91.89177808994381,0.0,111.49059196668725,270.0389492641455,55.83283051818509,484.2450680101059,0.0,598.0420685938974,358.92217097146823,66.78927083966494,651.0550711032715,0.0,806.2506742982921,725.9794776077014,489.4128738087543,962.5460814066485,363.7368655405636,1088.222089674839,522.6316186148154,241.59272498458364,803.6705122450471,92.29081274352308,952.9724244861077,136.00549095499377,22.947436795647604,249.06354511433995,0.0,309.1256363864926,3553.6205320335703,3111.1914153926305,3996.04964867451,2876.1509471771315,4231.090116890009,626.206992169616,142.5683659091797,1109.8456184300524,0.0,1366.778638630909,565.1479826142242,437.2559313330733,693.0400338953751,369.3132790899619,760.9826861384865,746.4246883377986,636.2254005152088,856.6239761603883,577.6820288594581,915.167347816139,92.81630705044395,21.3652840450345,164.2673300558534,0.0,202.2256860274772,75.3465216954535,0.0,153.2893584053096,0.0,194.69649040742064
2028-09-01,439.90005390953326,379.51718675954754,500.28292105951897,347.43878858611765,532.3613192329489,160.56001449841943,8.429237058804716,312.6907919380342,0.0,393.51026745282945,197.5862473459928,13.097228923374729,382.07526576861085,0.0,480.08505680562666,239.31511920828007,113.10136046341437,365.52887795314575,46.050301130204474,432.57993728635563,401.9091574255054,208.50188271392912,595.3164321370816,105.75426802340428,698.0640468276065,86.72921849415292,23.335829658489494,150.12260732981633,0.0,183.80034514876252,555.1426581894507,469.4081613188102,640.8771550600911,423.86170985628246,686.4236065226189,114.80897254691006,55.08374476155113,174.534200332269,23.354717500579213,206.2632275932409,53.496641476077706,9.89249051746841,97.10079243468701,0.0,120.2654976314482,53.229333875595586,15.684444520176186,90.77422323101499,0.0,110.71994570108154,266.9757115883849,48.97803975137012,484.9733834253997,0.0,600.7846465888138,356.23314788533514,58.929352510305705,653.5369432603645,0.0,811.4795845533489,691.7872280827031,451.0332796685544,932.5411764968518,323.13274457353793,1060.4417115918682,520.0511474340641,234.03772790285223,806.064566965276,82.09309877689594,958.0091960912323,132.73755046095206,17.678313435187206,247.79678748671694,0.0,308.9220071566545,3568.2813818802765,3118.021053439258,4018.541710321295,2878.8202539549675,4257.7425098055855,621.8399251976193,129.6406586572208,1114.039191738018,0.0,1375.5200520876047,597.0056734797331,466.8498703263426,727.1614766331236,397.70459990110396,796.3067470583622,740.4181689652057,628.2682998388613,852.5680380915502,568.6886818654908,912.1476560649206,92.21763490483877,19.501893838520672,164.93337597115686,0.0,203.56361341263835,74.00263153786659,0.0,153.3250945869837,0.0,195.46515308182717
2028-10-01,436.4059529971956,374.9908253096117,497.8210806847795,342.36403872558276,530.4478672688084,159.42790741568663,4.696415476792282,314.15939935458096,0.0,396.3605044471186,196.14298465335827,8.500079336551295,383.7858899701653,0.0,483.47118341971895,237.8424857300451,109.4710705405021,366.2139009195881,41.27375622105737,434.4112152390328,403.2539903567279,206.54036888170197,599.9676118317539,102.03625747309445,704.4717232403614,86.13744688137933,21.660331870919876,150.61456189183878,0.0,184.8680292411454,550.7500094410912,463.5498594471803,637.950159435002,417.22477976291515,684.2752391192671,114.696673458247,53.95042764820983,175.4429192682842,21.678984561627587,207.7143623548664,53.01636955266767,8.666794495559664,97.36594460977568,0.0,120.92665635886429,51.50931637506817,13.322587545981143,89.69604520415518,0.0,109.98274489460766,264.29913680781965,42.57473908734076,486.02353452829857,0.0,603.814620817303,354.08501267271674,51.69873297508133,656.4712923703521,0.0,817.114003459721,699.048954838613,454.1792561802507,943.9186534969753,324.0922287679957,1074.0056809092303,517.6156417235247,226.71274972867138,808.5185337183781,72.17058835640557,963.0606950906439,129.9460330266933,12.91982895425221,246.9722370991344,0.0,309.1424080126187,3415.14788619055,2957.1902424242894,3873.10552995681,2713.9002441734633,4116.395528207636,617.5837655291316,116.97022680416802,1118.1973042540951,0.0,1384.1482467017322,631.732094662505,499.35124480835236,764.1129445166576,429.02391832333376,834.4402710016763,734.4500052041877,620.3829054185511,848.5171049898244,559.7847586574316,909.1152517509439,91.73619041247726,17.777355178760317,165.6950256461942,0.0,204.98565686410632,72.68782432992919,0.0,153.36632514630412,0.0,196.2267787050033
2028-11-01,432.9351387207334,370.5048161802272,495.3654612612396,337.33870733058325,528.5315701108835,158.5305630829132,1.2413525473820073,315.8197736184444,0.0,399.37966671544535,194.89031290344874,4.14566183054643,385.63496397635106,0.0,486.96805985883043,236.38615231166028,105.89275179261142,366.87955283070914,36.56813276686674,436.20417185645385,404.8676151400313,204.9023085584134,604.8329217216492,98.6707394369289,711.0644908431337,85.66463057350296,20.121705920460386,151.20755522654554,0.0,186.02723394847442,546.3870881230436,457.74551568516745,635.0286605609197,410.65468032754575,682.1194959185414,114.65699610844584,52.90661209333298,176.4073801235587,20.101720585304278,209.21227163158738,52.616944886468424,7.534269337307357,97.6996204356295,0.0,121.64979182112131,49.93462349898818,11.116666306191874,88.75258069178449,0.0,109.37462045045753,262.0870877155738,36.69757562004747,487.4765998111001,0.0,607.2147781118484,352.42701727743105,45.04227862836308,659.811755926499,0.0,823.1098983338163,706.1053625306456,457.1879566204286,955.0227684408626,324.9505847306259,1087.2601403306653,515.4453631015936,219.73383307612835,811.1568931270588,62.637082750100035,968.2536434530871,127.75509925815926,8.79444671178949,246.71575180452902,0.0,309.913598469788,3075.9073917162696,2610.37968727745,3541.435096155089,2363.0680942943277,3788.7466891382114,614.1671455055857,105.27844222504035,1123.055848786131,0.0,1393.4029724039208,669.5768276965514,535.0077163755974,804.1459390175054,463.51787598634064,875.6357794067621,728.5212137654722,612.5685796343038,844.4738478966407,550.9687427521205,906.0736847788239,91.36473263587453,16.18335449319642,166.54611077855265,0.0,206.4862179168504,71.53748651238624,0.0,153.54960661531413,0.0,197.11854541999458
2028-12-01,429.48800550416314,366.058734373706,492.9172766346203,332.3619340856506,526.6140769226756,157.8106549449858,0.0,317.61665265516314,0.0,402.51358893869485,193.73121376668038,0.0,387.52797305360536,0.0,490.48250142478423,235.03382192391166,102.45239441506422,367.61524943275913,32.01851105098902,438.04913279683433,406.7505747162067,203.58562006422665,609.9155293681868,95.65423790536227,717.8469115270511,85.32977545045523,18.738097411252625,151.92145348965784,0.0,187.2982824479842,542.0543042477689,451.99437659091404,632.1142319046237,404.15004002320995,679.9585684723278,114.68411958482224,51.945666686983294,177.4225724826612,18.615863585006366,210.75237558463812,52.30620042152388,6.502156259509164,98.1102445835386,0.0,122.44364304460892,48.541334676520655,9.102250729535932,87.98041862350539,0.0,108.93243197034101,260.2579096484643,31.26193636332175,489.25388293360686,0.0,610.9079937413388,351.03315569613204,38.72994892531602,663.336362466948,0.0,829.247441063944,712.9627416958941,460.06240439064993,965.8630790011383,325.7091001972389,1100.2163831945493,513.6079031718112,213.16468822257337,814.0511181210491,53.55423028079082,973.6615760628317,126.20048307173815,5.336339220422161,247.06462692305413,0.0,311.2737033440658,2544.4300856910045,2071.453465004307,3017.406706377702,1820.1846352644989,3268.67553611751,611.9816823900766,94.95024282534439,1129.0131219548089,0.0,1403.6860742235726,710.7744378099757,574.0520839854642,847.4967916344872,501.41833351619255,920.1305421037588,722.6326338039033,604.8246397185832,840.4406278892235,542.2391428607568,903.0261247470498,91.06830609522048,14.683949517864733,167.45266267257622,0.0,208.03185210429646,70.63202189472001,0.0,153.95641924373376,0.0,198.22250533539733
2029-01-01,426.0648708409567,361.65214151071905,490.47760017119435,327.4328790540303,524.6968626278831,157.1485239921674,0.0,319.4322818282483,0.0,405.64552817866627,192.52043612376406,0.0,389.3219755163852,0.0,493.87279331871514,233.78486567244727,99.14778956953037,368.4219417753642,27.62184288985577,439.94788845503876,408.8227786831449,202.50779192454377,615.1377654417461,92.90295520903692,724.7426021572529,85.13599295915958,17.511824231705205,152.76016168661397,0.0,188.68550132307408,537.7519823697597,446.2956934943816,629.2082712451378,397.70954002933706,677.7944247101824,114.75545046575314,51.044250367067164,178.46665056443913,17.197675314640236,212.31322561686605,52.07043523992745,5.556208507446321,98.58466197240858,0.0,123.29534492403917,47.30805376662181,7.257474688001132,87.35863284524248,0.0,108.63550298075972,258.6138384815454,26.067328297109356,491.16034866598136,0.0,614.700682201463,349.58031920863743,32.43491349650316,666.7257249207717,0.0,835.209221705343,719.6268728394704,462.8053662378213,976.4483794411194,326.36894085569526,1112.8848048232455,512.1130539510007,207.01152686851253,817.2145810334888,44.926340605940766,979.2997672960605,125.23154693023461,2.4934286312925735,247.96966522917666,0.0,313.17429057548964,1829.6636634195384,1349.35363455033,2309.973692288747,1094.1889317135633,2565.1383951255134,610.981148081683,85.93323915317046,1136.0290570101956,0.0,1414.9607586284678,755.5538469065216,616.711640251202,894.3960535618412,542.9517179655634,968.1559758474798,716.7849499757681,597.1503664354848,836.4195335160514,533.5944939297092,899.975406021827,90.79489133664259,13.226210543161912,168.36357213012326,0.0,209.5719338016599,69.98222917703637,0.0,154.59855469035318,0.0,199.55097761930276
2029-02-01,422.66598532362565,357.2845891669217,488.0473814803296,322.5507224586727,522.7812481885786,156.40647274567334,0.0,321.1307247872421,0.0,408.64048368432555,191.11971683635988,0.0,390.88084394695784,0.0,497.00394272446306,232.56113047811903,95.89932307458179,369.22293788165626,23.29773789145264,441.8245230647854,410.9537960977915,201.53615423430753,620.3714379612754,90.28303199433168,731.6245602012514,85.07162900584672,16.430498420157647,153.7127595915358,0.0,190.1783602151831,533.4803728069717,440.6487242157973,626.312021398146,391.3319109017359,675.6288347122074,114.84022072653433,50.170903705127245,179.5095377479414,15.815329037504725,213.86511241556394,51.87910438159173,4.665376341481078,99.09283242170238,0.0,124.17512544301117,46.17308561902354,5.520208396268572,86.8259628417785,0.0,108.42280386636708,256.9155728033709,20.87192637943022,492.95921922731156,0.0,618.3574063900301,347.7543813416282,25.839604157831445,669.6691585254249,0.0,840.6863839043169,726.1030879580894,465.4193870921253,986.7867888240535,326.9311710070819,1125.2750049090969,510.92396100016106,201.2341835661964,820.6137384341257,36.71148930440273,985.1364326959194,124.73296782894629,0.14905996674050925,249.31687569115206,0.0,315.5020767429489,1578.7935478271415,1091.2604064424033,2066.32668921188,832.2584250817611,2325.3286705725222,610.7084206384518,77.76461136581554,1143.652229911088,0.0,1426.778628587176,780.7608168714808,639.8306403210979,921.6909934218636,564.961484028707,996.5601497142545,710.9787125477852,589.5450117588064,832.4124133367641,525.0333582146613,896.9240668809091,90.4907855072812,11.755592928960994,169.2259780856014,0.0,211.054049142834,69.53415306464578,0.0,155.42297592987575,0.0,201.05141307702917
2029-03-01,419.29154139029345,352.95562180648676,485.62746097410013,317.71466452758943,520.8684182529975,155.476999296737,0.0,322.6061121523637,0.0,411.3934533569154,189.4510807479765,0.0,392.1285829569971,0.0,499.8010060055393,231.24306227924444,92.58608645739704,369.9000381010918,18.924568052040627,443.56155650644826,413.00697829306563,200.53198285566577,625.4819737304655,87.65464152954712,738.3593150565841,85.11067548742284,15.467431593388,154.75391938145768,0.0,191.75189270016367,529.2396614096298,435.0527345808284,623.4265882384311,385.0159297030277,673.4633931162318,114.91038761060956,49.2969430278436,180.52383219337554,14.439800593249174,215.38097462796995,51.69398086388726,3.790964858938267,99.59699686883626,0.0,125.0454741214654,45.06208391403072,3.815702637075887,86.30846519098556,0.0,108.22060524436782,254.96601254409302,15.47629118791329,494.4557339002728,0.0,621.6846483707432,345.3539771917846,18.739465612349875,671.9684887712194,0.0,845.482448047794,732.3963242481444,467.9068205977916,996.8858278984973,327.3967717835416,1137.3958767127472,509.9806411776515,195.76960593838612,824.1916764169168,28.84499346752642,991.1162888877766,124.55954807684063,0.0,250.96229532891607,0.0,318.11375480658114,1593.2303124032594,1098.579522386097,2087.8811024204215,835.7962901894798,2350.664334617039,610.4395456895083,69.71512325803315,1151.1639681209836,0.0,1438.4238175377047,774.8255996681964,631.8379394449252,917.8132598914677,555.8757449513123,993.7754543850806,705.2143549347317,582.007805613044,828.4209042564194,516.5543262858973,893.874383583566,90.11635467846732,10.231682427468883,170.00102692946575,0.0,212.43975906280866,69.19126111341176,0.0,156.33400173461388,0.0,202.62858268962754
2029-04-01,415.9416809547639,348.66477934166437,483.21858256786345,312.9239253597052,518.9594365498226,154.32120819261564,0.0,323.82106517533805,0.0,413.86786419740935,187.53279648599462,0.0,393.0853004816371,0.0,502.2850682293222,229.71838575598093,89.09454607963289,370.342225432329,14.388131251573014,445.0486402603889,414.88450234791,199.39552664710124,630.3734780487187,84.91700830604663,744.8519963897734,85.22312084530263,14.591980177135454,155.8542615134698,0.0,193.37705499343363,525.0299780677116,429.5069997287137,620.5529564067094,378.760417486121,671.2995386493021,114.95071844694249,48.406540219120416,181.49489667476456,13.054945535589937,216.84649135829505,51.48015763507185,2.8976322859788084,100.0626829841649,0.0,125.87214957587057,43.91801223952419,2.086546685476584,85.7494777935718,0.0,107.97244386915958,252.67947327620382,9.79256491469721,495.56638163771044,0.0,624.6000517047609,342.36276610249377,11.115193161571085,673.6103390434164,0.0,849.5856121682816,738.5111709958213,470.2698557864662,1006.7524862051764,327.76665708149636,1149.2556849101463,509.2286229171008,190.5604709389604,827.8967748952412,21.26801520057336,997.1892306336282,124.57443991410925,0.0,252.77022349346709,0.0,320.8742335200009,1607.2642366435703,1105.5967728981782,2108.9317003889623,839.0859327834387,2375.442540503702,609.4031462955587,61.00849079126158,1157.7978017998557,0.0,1449.1324625365137,768.9288353893577,623.9128800957099,913.9447906830055,546.8731538459595,990.9845169327559,699.4922089943342,574.5379617507624,824.446456237906,508.15601790261485,890.8284000860535,89.65776906849817,8.639924299868909,170.67561383712743,0.0,213.7163438704617,68.8472309635164,0.0,157.22610056917142,0.0,204.17737504717564
2029-05-01,412.61650206086404,344.4115993464104,480.82140477531766,308.1777447793569,517.0552593423712,152.9865820177446,0.0,324.8244785086464,0.0,416.113361019438,185.48750070752521,0.0,393.87534559313673,0.0,504.58138818861784,227.92727219691452,85.36370172192218,370.4908426719069,9.626804907082516,446.2277394867465,416.56033969043057,198.0989618428934,635.0217175379678,82.04135486138932,751.0793245194718,85.38359426088118,13.778184939456168,156.9890035823062,0.0,195.02937728431323,520.851404122094,424.01080521826987,617.6920030259181,372.56423705061326,669.1385711935748,114.96520190028664,47.503129578006195,182.4272742225671,11.663903656794716,218.26650014377856,51.21582011841514,1.9631593149607056,100.46848092186957,0.0,126.63395697370473,42.72483475368398,0.31635621041375117,85.13331329695421,0.0,107.66281752306652,250.11692939780175,3.8796985175767986,496.3541602780267,0.0,627.1676891831462,338.9698599746298,3.1531391517513043,674.7865807975083,0.0,853.1892137346624,786.6219101361932,514.68053993063,1058.5632803417564,370.21168700892457,1203.0321332634617,508.64418801276156,185.58040560409313,831.70797042143,13.95277119948804,1003.335604826035,124.68054798970968,0.0,254.64463280616596,0.0,323.68805286490834,1620.9050648319121,1112.3177229752102,2129.4924066886138,842.1306976138375,2399.6794320499866,607.0125772521767,51.05350019928687,1162.9716543050665,0.0,1458.3249139894142,763.071049993646,616.0547801343789,910.0873198529132,537.9523867716433,988.1897132156488,693.8125183659741,567.1346828435044,820.4903538884439,499.8370827221924,887.7879540097558,89.1314822896195,6.996097215596876,171.26686736364212,0.0,214.90129068421663,68.41996143409041,0.0,158.01790751865548,0.0,205.6168163760807
2029-06-01,409.31606468509744,340.19561895507127,478.4365104151236,303.47538216099485,515.1567472092,151.59912115623982,0.0,325.74366980382865,0.0,418.25796127286014,183.5197262073042,0.0,394.70484853665005,0.0,506.896944774115,225.89357074327273,81.41630966791536,370.3708318186301,4.66276472163176,447.1243767649137,418.09195727605504,196.69808072680388,639.4858338253061,79.08258381001423,757.1013307420958,85.57710584044172,13.0105070770215,158.14370460386192,0.0,196.69471019692892,516.703978822005,418.5634479423015,614.8445097017084,366.4262909124591,666.9816667315508,114.97795504424727,46.61031103030565,183.3455990581889,10.290000147899178,219.66590994059536,50.89811538934684,0.9843154624227708,100.81191531627091,0.0,127.32862152744931,41.518252074319854,0.0,84.49599741200075,0.0,107.32792462264374,247.477583277772,0.0,497.02015978469103,0.0,629.5896535539916,335.53235805752036,0.0,675.8568875719388,0.0,856.6542938764737,847.0800657899097,571.4883125146824,1122.6718190651368,425.080193587218,1269.0799379926013,508.24876779912205,180.848364740073,835.6491708581711,6.916900614953249,1009.5806349832908,124.83711446772396,0.0,256.54576170408626,0.0,326.5159805484037,1634.1619158631906,1118.7475928055196,2149.5762389208617,844.933733681132,2423.390098045249,603.0466597014096,39.62471077740338,1166.4686086254158,0.0,1465.786518991294,757.2526578943935,608.2629269833792,906.2423888054077,529.1121324369029,985.393183351884,688.1754501030971,559.7971648633102,816.553735342884,491.5962008296733,884.7546993765209,88.58021916056333,5.342296363545827,171.81814195758085,0.0,216.03828844349638,67.87732619925771,0.0,158.67798309320256,0.0,206.91583206811075
2029-07-01,406.0403957967669,336.01637647805813,476.0644151154757,298.81611621499405,513.2646753785398,150.33195010617865,0.0,326.75299470383135,0.0,420.47667464633435,181.86846657630568,0.0,395.8142959127334,0.0,509.4730177477106,223.73144386331546,77.36551097900033,370.0973767476306,0.0,447.85427859242304,419.60760834484074,195.3195713567621,643.8956453329193,76.16655170684533,763.0486649828362,85.79875987328734,12.283537857070712,159.31398188950396,0.0,198.36894358561904,512.5877049523542,413.1642368643383,612.0111730403701,360.34551944257987,664.8298904621286,115.02830617090024,45.76692953126438,184.28968281053608,8.97182319145783,221.08478915034266,50.54355158714132,0.0,101.10984718084558,0.0,127.97319171500095,40.38047083773044,0.0,83.92004061358026,0.0,107.05043705700045,245.04905828542084,0.0,497.8537677112182,0.0,632.156269593673,332.48965898588256,0.0,677.263063984281,0.0,860.42393538968,906.37591447473,627.181501713034,1185.5703272364262,478.859469933383,1333.892359016077,508.1081457403686,176.42781719756812,839.7884742831691,0.22264265920540538,1015.9936488215319,125.05780262484807,0.0,258.48820460088206,0.0,329.37310565065013,1647.0433554670303,1124.8913043084347,2169.1954066256258,847.4980271304307,2446.58868380363,597.7291779480875,26.94192362196827,1168.5164322742066,0.0,1471.7471611349574,751.4739773727946,600.5365856153509,902.4113691302383,520.351096244209,982.5968585013802,682.5811048172737,552.5246008293597,812.6376088051878,483.4320830857803,881.7301265487672,88.06154596958275,3.7354995671424405,172.38759237202305,0.0,217.18580452331946,67.24764428828813,0.0,159.23528825295958,0.0,208.10372410919126
2029-08-01,402.7894937705202,331.8734127650366,473.7055747760038,294.1992447308735,511.37974281016693,149.35892607413695,0.0,328.02746312020304,0.0,422.9451234259257,180.7472222670244,0.0,397.41858605938836,0.0,512.5252480740817,221.62493737465132,73.39439514277959,369.8554796065231,0.0,448.60295516720487,421.2726079862835,194.12728336253875,648.4179326100283,73.45632965617438,769.0888863163926,86.05278425271504,11.601024836996586,160.50454366843348,0.0,200.05704085803393,508.50255373815315,407.8124935934328,609.1926138828735,354.32089914155017,662.6842083347561,115.16131539913819,45.01759265776991,185.30503814050647,7.7537399514180265,222.56889084685835,50.1828714546032,0.0,101.39334964993685,0.0,128.59891619120785,39.42042677888183,0.0,83.5146631167711,0.0,106.93972617127477,243.12987966099314,0.0,499.1551610806454,0.0,635.1685918348358,330.25219765603595,0.0,679.4177976213946,0.0,864.9120226029912,958.9815580837139,676.2303852101379,1241.73273095729,526.0188246210507,1391.9442915463771,508.3163781069637,172.4106521044253,844.2221041095022,0.0,1022.6720210483506,125.39176191353602,0.0,260.5219827604639,0.0,332.3099125853944,1659.5574592951716,1130.753521483377,2188.3613971069663,849.8264295208612,2469.2884890694822,591.6852501071274,13.626527421469632,1169.7439727927854,0.0,1476.8376692195409,745.73524385434,592.875005256647,898.5954824520329,511.6680035016226,979.8024842070573,677.0295255240152,545.3161839901807,808.7428670578497,475.34347130033115,878.7155797476992,87.63209213189745,2.2317852696221507,173.03239899417275,0.0,218.4013120147565,66.61214188834913,0.0,159.77165021664814,0.0,209.262639016057
2029-09-01,399.5633322339288,327.766272344225,471.3603921236326,289.62408427781986,509.50258019003775,148.80585405249963,0.0,329.69396113374484,0.0,425.79076802065634,180.2873971523974,0.0,399.65043388564925,0.0,516.1870471501893,219.78669231218848,69.71470628010593,369.858678344271,0.0,449.58442092381483,423.2435469457321,193.2764330774943,653.2106608139699,71.10640383499299,775.3806900564712,86.3485234720152,10.971862017036827,161.72518492699356,0.0,201.76903632495083,504.4484691191577,402.507552813456,606.3893854248595,348.35144102605193,660.5454972122635,115.41622515961564,44.40111841451251,186.43133190471877,6.674342956176474,224.1581073630548,49.85184660358597,0.0,101.69850419999821,0.0,129.2420410480922,38.744871087326274,0.0,83.3868829167362,0.0,107.10295170111021,241.94536391482882,0.0,501.1512055622779,0.0,638.8543089374851,329.09405292623654,0.0,682.5972800743746,0.0,870.3958694968228,999.7740254475225,713.5102809645414,1286.0377699305036,561.4326667079579,1438.115384187087,508.9686023711473,168.88997443295312,849.0472303093416,0.0,1029.7140014015072,125.89379442118673,0.0,262.70271591680046,0.0,335.3824554613452,1671.7118680383192,1136.3386853317218,2207.0850507449168,851.9216820188419,2491.502054057796,585.7863523548345,0.5465006318007681,1171.0262040778684,0.0,1481.9348753057297,740.036621352572,585.2774249933661,894.7958177117778,503.0616019275381,977.0116407776059,671.5207053561475,538.1711105068989,804.870300205396,467.3291382432356,875.7122724690594,87.33164547519495,0.8704245580979233,173.79286639229196,0.0,219.72539000449973,66.08164306458853,0.0,160.39845673940303,0.0,210.50426400414824
2029-10-01,396.361863422232,323.69450436443265,469.0292224800313,285.0899698649768,507.63375697948715,148.71255559315253,0.0,331.7933258468594,0.0,429.05498504414106,180.50007740994522,0.0,402.52215712731265,0.0,520.4713869771641,218.40571001291272,66.51460318676425,370.2968168390612,0.0,450.9889673404525,425.62267124804197,192.86797543429967,658.3773670617843,69.2170432832491,782.0282992128348,86.69445116524022,10.404099848046627,162.98480248243382,0.0,203.5140516196929,500.42537147570954,397.2487625832635,603.6019803681555,342.43618910915154,658.4145538422675,115.8158869672783,43.93995962008617,187.69181431447043,5.755873216890365,225.87590071766624,49.58053251439201,0.0,102.05565739127515,0.0,129.93306748211933,38.42821560745843,0.0,83.61136248915223,0.0,107.61490927005205,241.57980544831835,0.0,503.9276508031311,0.0,643.2999436478754,329.07776386240215,0.0,686.8660350635795,0.0,876.9410541392049,1024.5427251593449,734.8089904140584,1314.2764599046313,580.887943830625,1468.1975064880648,510.1300141366672,165.9290705014746,854.3309577718599,0.0,1037.1877090780558,126.59262822308105,0.0,265.0599002242528,0.0,338.62063847487525,1683.5138355893148,1141.6510440290128,2225.376627149617,853.7864360126025,2513.241235166027,580.9254594507549,0.0,1173.2593865700978,0.0,1487.9367853522485,734.3782123395822,577.7430784412425,891.013346237922,494.53066355774956,974.2257611214148,666.0545942893862,531.0885816976638,801.0206068811085,459.38788750831134,872.721301070461,87.17135901099752,0.0,174.6806329925552,0.0,221.1699347952577,65.76401263546424,0.0,161.22410215757256,0.0,211.9372747161926
2029-11-01,393.1850211032057,319.6576633643033,466.71237884210814,280.5962545655114,505.7737876409,149.01612868716725,0.0,334.26361069419784,0.0,432.67633551043275,181.2663990784251,0.0,405.9160504897196,0.0,525.2611778019698,217.59824613548906,63.90954884733026,371.28694342364787,0.0,452.9340638579822,428.4246854454609,192.91540030831743,663.9339705826044,67.80109257920992,789.0482783117119,87.09096054678994,9.897733407984404,164.2841876855955,0.0,205.29308960308592,496.4331608762342,392.0354845235325,600.8308372289359,336.57421896115966,656.2921027913087,116.35995062642112,43.63339097989798,189.08651027294428,4.997406167682556,227.7224950851597,49.383922182534164,0.0,102.48007607120437,0.0,130.6874078245604,38.489369741355105,0.0,84.20724703337575,0.0,108.49486934476172,241.94342589067418,0.0,507.3960875470664,0.0,648.4178140520247,330.0310779687363,0.0,692.0536772827936,0.0,884.3781831683864,1030.4320189741486,737.2693632802718,1323.5946746680254,581.5267024428997,1479.3373355053975,511.8094348610432,163.53496548611275,860.0839042359737,0.0,1045.1047160914054,127.46669299904764,0.0,267.57268798177483,0.0,342.0039978163486,1694.9702711396574,1146.6946789475055,2243.2458633318092,855.423270595425,2534.5172716838897,577.7823287499813,0.0,1177.126368837515,0.0,1495.5278901340173,728.7600662647873,570.2711976179502,887.2489349116244,486.073986149318,971.4461463802566,660.6311050062677,524.0678058979086,797.1944041146269,451.5185532465928,869.7436567659427,87.12919603365292,0.0,175.67411877394105,0.0,222.71360897971914,65.73134628752136,0.0,162.32118033525225,0.0,213.63452967310928
2029-12-01,390.03272312706565,315.6553098909633,464.410136363168,276.1423091092838,503.9231371448475,149.56009419575972,0.0,336.94923673929037,0.0,436.499718715541,182.3592260508043,0.0,409.60606954132936,0.0,530.3309551456708,217.37521541780214,61.90971115595573,372.84071967964854,0.0,455.43176881875445,431.56493831723594,193.33291203137105,669.7969646031008,66.77214806700533,796.3577285674666,87.52632792496472,9.440663887923805,165.61199196200562,0.0,207.0950009816836,492.4717199077401,386.8670939051727,598.0763459103075,330.7646363413088,654.1788034741714,117.0236067996071,43.456249744866184,190.590963854348,4.3735913095350725,229.67362228967912,49.25654267400486,0.0,102.9665453242954,0.0,131.49998423226225,38.881929007912575,0.0,85.12835423239666,0.0,109.69676763290383,242.78326948841385,0.0,511.30484999659825,0.0,653.9569396415711,331.5816227433505,0.0,697.7895934636581,0.0,892.3375779088215,1016.2821722478246,719.73024030753,1312.8341041881192,562.1870264642484,1470.3773180314008,513.9447776578929,161.64388007541208,866.2456752403738,0.0,1053.4055270810668,128.43461947428986,0.0,270.16039075373453,0.0,345.45220674593946,1706.087775983148,1151.4735270589194,2260.7020249073767,856.8347073179231,2555.340844648373,576.6411913075898,0.0,1182.9142944222435,0.0,1504.9968804519033,723.182186911364,562.8610161367031,883.503357686025,477.6903941626646,968.6739796600635,655.2501180084912,517.1079999857485,793.3922360312339,443.7199997861664,866.780236230816,87.15381308992535,0.0,176.7224105635258,0.0,224.30572797137603,65.99592713820795,0.0,163.70244376410886,0.0,215.60903072161875
2030-01-01,386.9048736492913,311.6870109880633,462.12273631051926,271.727521449286,502.0822258492966,150.12728524356123,0.0,339.6338864384911,0.0,440.3092683232976,183.49073160786617,0.0,413.30541754764306,0.0,535.3944694531496,217.63437294974824,60.4121405630751,374.85660533642135,0.0,458.38091629184146,434.87225692517944,193.94825789077507,675.7962559595838,65.95738340374777,803.7871304466112,87.97641126328278,9.00839533209691,166.94442719446866,0.0,208.89618565791113,488.5409161427435,381.7429796531239,595.3388526323631,325.0065758930135,652.0752563924735,117.76221722003635,43.363564207900524,192.16087023217216,3.8392797952033675,231.68515464486933,49.17246977802283,0.0,103.4893843776122,0.0,132.34524525864407,39.500520071790646,0.0,86.26952036043633,0.0,111.11555176377934,243.73557252718297,0.0,515.2913914977285,0.0,659.5554203258307,333.2403507906671,0.0,703.5863960295287,0.0,900.3327325626739,982.8362139331032,682.9333063420701,1282.7391215241364,523.6098866843338,1442.0625411818726,516.4046647762266,160.12283973254858,872.6864898199046,0.0,1061.9612093743585,129.36357053513592,0.0,272.69081379128363,0.0,348.8334117711121,1774.3086451779413,1213.4273696606374,2335.1899206952453,915.4591920420698,2633.158098313813,577.308750462226,0.0,1190.43261456482,0.0,1516.1546673693229,717.6445387524057,555.5117718230722,879.7773056817391,469.37873939186375,965.9103381129476,649.9114860736616,510.2083906166905,789.6145815306328,435.9911211551746,863.8318509921487,87.17585922109697,0.0,177.75656336768736,0.0,225.87756244556348,66.50157259966127,0.0,165.31215270607862,0.0,217.8052733876128
2030-02-01,383.80136506814677,307.75234057109776,459.85038956519577,267.3512963070405,500.251433829253,150.48812987099635,0.0,342.0887902292235,0.0,443.87664104453165,184.37385880735712,0.0,416.72801063337755,0.0,540.1661537909508,218.17974620280128,59.220198839618604,377.13929356598396,0.0,461.58655310267477,438.1232199925974,194.53699650450613,681.7094434806886,65.13181527645764,811.1146247087372,88.40802925461274,8.567412071937952,168.24864643728753,0.0,210.66397431558352,484.6406042891742,376.6625442781724,592.618664300176,319.29919989732764,649.9820086810207,118.52064031718885,43.29987778435729,193.7414028500204,3.3388476887905227,233.7024329455872,49.09078548629084,0.0,104.00790520814036,0.0,133.1826250603729,40.201837251931664,0.0,87.48763776281314,0.0,112.60821928421893,244.40626407855325,0.0,518.9627909266942,0.0,664.8209458147692,334.5120816062705,0.0,708.9504725720528,0.0,907.8708677726247,932.786577918437,629.5697254422096,1236.0034303946645,468.48577256421373,1397.0873832726604,519.0062863173569,158.78752601261334,879.2250466221003,0.0,1070.5912630339953,130.0935930581369,0.0,275.004610838223,0.0,351.98858903389373,4384.0526315789475,3816.973584759151,4951.131678398744,3515.7128411361336,5252.392422021761,579.1535873988339,0.0,1199.0525065009083,0.0,1528.3738072738856,712.1470524456113,548.2227088423344,876.0713960488881,461.1379013030936,963.156203588129,644.6150381401777,503.3682152070236,785.8618610733319,428.3308405237854,860.8992357565701,87.12374711886042,0.0,178.70537340927092,0.0,227.35811237605145,67.13285311325956,0.0,167.0352959801183,0.0,220.108468753137
2030-03-01,380.72207971334285,303.85087970591377,457.59327972077193,263.0130547019671,498.4311047247186,150.45203809101324,0.0,344.1241171394999,0.0,447.0124091340084,184.78224906195112,0.0,419.6484106688979,0.0,544.4210590225882,218.76352191061125,58.08544301007552,379.44160081114694,0.0,464.80183022705654,441.0891454353804,194.869480835554,687.3088100352068,64.06528401689621,818.1130068538646,88.78456578281184,8.0807817072629,169.48834985836078,0.0,212.36223514849615,480.7706280638291,371.6252037482024,589.9160523794558,313.6416970805258,647.8995590471325,119.24486745162054,43.210883852041306,195.27885105119975,2.817830064764834,235.67190483847622,48.96506206431303,0.0,104.4758976324147,0.0,133.96602902796872,40.835063901053736,0.0,88.63207711224112,0.0,114.0242403806844,244.4590172357174,0.0,521.9838090166757,0.0,669.4188546503096,335.0048145109909,0.0,713.4913057283438,0.0,914.5622541875625,870.6434997531571,564.1485319810502,1177.138467525264,401.3230803521184,1339.963919154196,521.545426598678,157.43229624697182,885.6585569503841,0.0,1079.093657449728,130.47178627446863,0.0,276.9494551824422,0.0,354.7657167898031,4384.0526315789475,3810.8428222960106,4957.262440861884,3506.3251111144505,5261.780152043444,581.2559780552344,0.0,1207.8567018624644,0.0,1540.7383363850554,706.6896295855204,540.9930794121123,872.3861797589285,452.96678713248923,960.4124720385515,639.3605826933037,496.5867227007966,782.1344426858109,420.73810957977724,857.9830558068302,86.93983099419782,0.0,179.51155769463628,0.0,228.69028750424422,67.73990208583673,0.0,168.72240275087887,0.0,222.36935622918247
2030-04-01,377.6668913176263,299.98221680449234,455.3515658307603,258.7122334693899,496.62154916586275,149.9089398684898,0.0,345.6305159816455,0.0,449.60760329175946,184.59391200735587,0.0,421.94549903632753,0.0,548.0385296454687,219.1396211085768,56.76119772534017,381.5180444918134,0.0,467.78158191415787,443.5839159068184,194.75867965030108,692.4091521633356,62.570272889026285,824.5975589246104,89.07333610589866,7.515519950025379,170.63115226177194,0.0,213.95874209457963,476.9308218247425,366.63038730911205,587.231256340373,308.03328147268337,645.8283621768016,119.89303502974266,43.05443660407164,196.7316334554137,2.233931190433921,237.55213886905142,48.75440721187244,0.0,104.85267538829382,0.0,134.65488035701767,41.2739702775832,0.0,89.57678607403508,0.0,115.23765696590014,243.68853948358978,0.0,524.1501833338934,0.0,673.1454316293672,334.51037006815125,0.0,717.002120879855,0.0,920.2008634985727,802.4190745513944,492.68068346359354,1112.1574656391952,328.1321631981994,1276.7059859045894,523.8315172195198,155.86523056604005,891.7978038729996,0.0,1087.2798936576605,130.38738362354695,0.0,278.41512394058145,0.0,357.05486098400604,4384.0526315789475,3804.77694110479,4963.328322053105,3497.0367305403934,5271.068532617502,582.6284145634495,0.0,1215.8600185185655,0.0,1552.2643081197211,701.2721468154248,533.8221451642682,868.7221484665813,444.8643317870913,957.6799618437583,634.1479107161452,489.8631741512188,778.4326472810717,413.2119078511016,855.0839135811889,86.59288972041702,0.0,180.14423869307984,0.0,229.843392834807,68.17242856011862,0.0,170.22355687511813,0.0,224.4382187924616
2030-05-01,374.6356662990281,296.14594775041195,453.1253848476443,254.4482847714596,494.8230478265966,148.85075462748227,0.0,346.6005877739917,0.0,451.6551866330749,183.8084112551039,0.0,423.6196659166868,0.0,551.0193949556527,219.1156838932541,55.05453760418138,383.17683018232685,0.0,470.3343141483967,445.5007514583065,194.09694647402966,696.9045564425834,60.53867507613256,830.4628278404805,89.25278667275515,6.849789226560105,171.65578411895018,0.0,215.43237651224132,473.1210119933009,361.67753726447006,584.5644867221317,302.47319131477866,643.7688326718231,120.44310391179842,42.80822931267265,198.0779785109242,1.5647021818870996,239.32150564170973,48.43321941816761,0.0,105.11283232544282,0.0,135.22387668243277,41.44263164189422,0.0,90.24600812161643,0.0,116.17280187646884,242.06092991656456,0.0,525.4289896716556,0.0,675.9682714165477,333.0369627490011,0.0,719.4924645134109,0.0,924.7969498257537,803.4258541362682,490.4776530586873,1116.374055213849,324.2239212362224,1282.627787036314,525.7193930589054,153.93988241774173,897.4989037000691,0.0,1095.0067687281874,129.79854084970995,0.0,279.36028835896076,0.0,358.8149667232502,4384.0526315789475,3798.77392387599,4969.331339281905,3487.8446104087943,5280.260652749101,582.4493073197284,0.0,1222.2430720747416,0.0,1562.1335096008424,695.8944593866759,526.7091782107534,865.0797405625983,436.8294975860446,954.959421187307,628.9767982611069,483.19684314360643,774.7567533786073,405.7512419874343,852.2023545347795,86.08385281061067,0.0,180.6046717073448,0.0,230.81885674623481,68.31417159229267,0.0,171.42285279889018,0.0,226.1993396898951
2030-06-01,371.6282648779571,292.34167596488567,450.9148537910286,250.22067560481645,493.0358541510978,147.3679285004715,0.0,347.1254256381932,0.0,453.2465959926078,182.5344036612768,0.0,424.780352769933,0.0,553.4735132339066,218.5906583484961,52.8638739624368,384.3174427345554,0.0,472.3597969396494,446.8291197188143,192.87292640383922,700.7853130337894,57.95869870525877,835.6995407323698,89.31755257062753,6.077955021624277,172.55715011963076,0.0,216.77818631753874,469.3410182929898,356.76610872192134,581.9159278640583,296.9606880122912,641.7213485736884,120.89542555754792,42.472359435249246,199.3184916798466,0.8101055577780727,240.9807455573178,47.99717284872223,0.0,105.25222805124062,0.0,135.6689761275785,41.328476365345054,0.0,90.62733129907596,0.0,116.81734798262049,239.71175733528426,0.0,525.9567239417124,0.0,678.0243624513773,330.787258072245,0.0,721.166266535765,0.0,928.5551147820099,807.4024100309326,491.27698839937733,1123.5278316624879,323.3353581576136,1291.4694619042516,527.130407938003,151.57638925145574,902.6844266245503,0.0,1102.1974990517785,128.7437672038007,0.0,279.82394701794567,0.0,360.08529254421023,4384.0526315789475,3792.8318557205757,4975.273407437319,3478.7458185458154,5289.35944461208,580.2499313727891,0.0,1226.5392308287044,0.0,1569.8804211646593,690.5564042407898,519.6534619601505,861.4593465214291,428.8612738735609,952.2515346080187,623.8470086903151,476.58701608366493,771.1070012969652,398.35514501138204,849.3388723692481,85.44352720050927,0.0,180.92397292220397,0.0,231.64795971185424,68.10900123942297,0.0,172.26449792569016,0.0,227.59710554026958
2030-07-01,368.64454205024055,288.56901242289564,448.72007167758545,246.0288873083686,491.2601967921125,145.6226956269218,0.0,347.3678785086487,0.0,454.5450069145661,180.95208469348367,0.0,425.6085006255919,0.0,555.5822215895244,217.5691352950481,50.193287562460796,384.94498302763543,0.0,473.8634021355724,447.648297096521,191.16511424529847,704.1314799477435,54.908423355586535,840.3881708374554,89.2796767391448,5.211804087801781,173.3475493904878,0.0,218.0086067365138,465.5906548282161,351.89556931334903,579.2857403430831,291.4950551335759,639.6862545228563,121.26978585031102,42.0663714919459,200.47320020867613,0.0,242.5500140865576,47.46396694977432,0.0,105.28873822617712,0.0,136.0081479667661,40.97975334896173,0.0,90.76915623484282,0.0,117.21977651796715,236.90361399462287,0.0,525.9968593769138,0.0,679.5776459862558,328.08980899563886,0.0,722.35328137666,0.0,931.8057510790775,811.2463893736485,491.97536368267987,1130.5174150646171,322.36263128435274,1300.1301474629443,528.0584143462304,148.76744771157956,907.3493809808813,0.0,1108.8477070055396,127.33493133692775,0.0,279.91843354908656,0.0,360.97841909929593,4384.0526315789475,3786.9489170345587,4981.156346123336,3469.7375686828523,5298.367694475042,576.008069829255,0.0,1228.7282669758133,0.0,1575.4858717099225,685.2578026792262,512.6542917248336,857.8613136336188,420.9586765303126,949.5569288281398,618.7582946273016,470.0329923718989,767.4835968827042,391.0226755487163,846.4939137058868,84.72318931254274,0.0,181.1537126208695,0.0,232.3824281284181,67.57214901663824,0.0,172.7640443306893,0.0,228.64723871627893
2030-08-01,365.68434843451473,284.8275756277226,446.5411212413069,241.87241507411426,489.4962817949152,143.8066655992373,0.0,347.5201407775768,0.0,455.74292446606967,179.26141413060625,0.0,426.3047784493748,0.0,557.5465657437205,216.14989923900293,47.141077737102876,385.158720740903,0.0,474.9446571637874,448.1002123282705,189.1146952661107,707.0857293904303,51.52863932683823,844.6717853297027,89.16601947363012,4.277953032434581,174.05408591482563,0.0,219.15087121171078,461.8697310236463,347.06539889488204,576.6740631524106,286.075597451476,637.6638645958166,121.59796166289108,41.62181276821545,201.5741105575667,0.0,244.06143965786316,46.86875830032844,0.0,105.25768704622311,0.0,136.27680544247966,40.48858226743767,0.0,90.76374692841242,0.0,117.47242815455525,233.95531023076646,0.0,525.8690443095448,0.0,680.9482155388959,325.3036831665116,0.0,723.4137195370098,0.0,934.909676358837,814.96001801857,492.5740792901607,1137.3459567469795,321.3065493406932,1308.613486696447,528.5600438697554,145.56858993157664,911.5514978079342,0.0,1115.0157077125916,125.7335385057174,0.0,279.80569550360383,0.0,361.65652890873093,4384.0526315789475,3781.1233769902865,4986.9818861676085,3460.8172104900605,5307.288052667835,570.1271506259698,0.0,1229.2155004963543,0.0,1579.3561863649961,679.9984626766864,505.7109751528061,854.2859502005666,413.1207474057448,946.8761779476279,613.7103996568308,463.5340844822631,763.8867148313984,383.75291704577404,843.6678822678875,83.9807376394309,0.0,181.35206881972246,0.0,233.08058850925238,66.78400208742966,0.0,173.00218409767467,0.0,229.43059329061734
2030-09-01,362.7475310100229,281.11699155107647,444.3780704689693,237.75076746351118,487.7442945565346,142.09415598892198,0.0,347.75708683084713,0.0,457.01551884061985,177.6302884704059,0.0,427.03775798791423,0.0,559.5354761690905,214.49275477414983,43.86658712475324,385.11892242354645,0.0,475.7640739872884,448.3494783006556,186.88557446225775,709.8133821390535,47.98287554810889,848.7160810532023,89.01259978199374,3.3121888370791908,174.7130107269083,0.0,220.24135404139415,458.1780524418973,342.27508923201947,574.0810156517751,280.7016400267718,635.6544648570227,121.91395911291977,41.1724707811843,202.65544744465524,0.0,245.54936312088972,46.255569802986116,0.0,105.2032570096784,0.0,136.51921583823366,39.96443294521,0.0,90.72071062239655,0.0,117.68498313840189,231.16186287859531,0.0,525.8690934684912,0.0,682.4323097193734,322.72248472626444,0.0,724.6422733208279,0.0,938.1621610116897,818.5454659826753,493.07442405446886,1144.0165079108817,320.1679330301092,1316.9229989352414,528.7326886914761,142.076161255675,915.3892161272772,0.0,1120.8004963275466,124.11624287042915,0.0,279.6628081704538,0.0,362.2969209860919,4384.0526315789475,3775.35358758843,4992.751675569465,3451.982220468468,5316.123042689427,563.3100578164954,0.0,1228.7056169440648,0.0,1582.197007730586,674.7781808860585,498.8228325132674,850.7335292588497,405.34655369022204,944.2098080818951,608.7030598050609,457.08961796080587,760.3165016493159,376.5449769810454,840.8611426290763,83.26617797487887,0.0,181.56931345959418,0.0,233.79285418584917,65.86844941104525,0.0,173.10309651430566,0.0,230.07150278791275
2030-10-01,359.8339337588234,277.4368935450632,442.23097397258357,233.66346593150305,486.0044015861437,140.60341502212472,0.0,348.1974955633218,0.0,458.48185085083276,176.15628807406867,0.0,427.90566314443095,0.0,561.6475186505609,212.77318048881264,40.5448540498123,385.001506927813,0.0,476.49780534853187,448.54157255285065,184.62255472185836,712.4605903838429,44.415576499143754,852.6675686065576,88.85726883452111,2.352141540645462,175.36239612839677,0.0,221.3182450032682,454.5154214951267,337.52414367438917,571.5066993158642,275.37252733212233,633.6583156581311,122.24463298804673,40.7449919825538,203.74427399353965,0.0,247.04095827770777,45.66698172260274,0.0,105.1681804831563,0.0,136.7781923247004,39.505208887553,0.0,90.73808178766672,0.0,117.95554551585212,228.72622311274077,0.0,526.2007184566548,0.0,684.2340441081092,320.5032669405077,0.0,726.1970330608141,0.0,941.7218463122267,822.0048517063598,493.47767660836746,1150.532026804352,318.94761483755906,1325.0620885751605,528.6865399448308,138.39935513376787,918.9737247558937,0.0,1126.3137916867709,122.63821166153545,0.0,279.64534013438004,0.0,363.05537713557874,4384.0526315789475,3769.637978212753,4998.467284945143,3443.230193611962,5324.875069545933,556.3640957713377,0.0,1228.0076375987828,0.0,1584.818269194613,669.5967443765004,491.9891968606533,847.2042918923476,397.6351872428595,941.5583015101413,603.7360048281018,450.69893135794064,756.773078298263,369.3979860769175,838.0740235792862,82.61026733077279,0.0,181.83645720235137,0.0,234.55037057162747,64.96171287307678,0.0,173.20328016198874,0.0,230.70661278422324
2030-11-01,356.94339822462564,273.7869222313668,440.09987421788446,229.61004435994812,484.27675208930316,139.37539021859965,0.0,348.88282070496587,0.0,460.1836431508479,174.85148930867734,0.0,428.92118416721223,0.0,563.8957095608089,211.1372140928241,37.32149624993821,384.95293193571,0.0,477.29253203974315,448.7702060745459,182.4187034781906,715.1217086709012,40.919467723876835,856.6209444252149,88.73231476434214,1.4298883368250586,176.0347411918592,0.0,222.41415523147765,450.88163806408704,332.8120768239957,568.9511993041783,270.0876224151972,631.6756537129769,122.60318676447963,40.35238111477993,204.85399241417934,0.0,248.5497329155823,45.134791142193194,0.0,105.18439964106494,0.0,137.08575415609056,39.17349846118021,0.0,90.8785737203339,0.0,118.34689495175931,226.7199225364927,0.0,526.9361762574841,0.0,686.4260610467608,318.6383653834192,0.0,728.0713235998494,0.0,945.5825826523279,825.3402458026965,493.78510646400144,1156.8953851413914,317.64643869031977,1333.034052915073,528.5182343537764,134.63385658946714,922.4026121180857,0.0,1131.6536878053748,121.4033257921557,0.0,279.8575551643685,0.0,364.03636451835655,4384.0526315789475,3763.9750506366654,5004.13021252123,3434.5588357610777,5333.546427396817,549.9906285023586,0.0,1227.8245642494112,0.0,1587.9238426150328,664.4539321404559,485.2094140982087,843.698450182703,389.9857638882649,938.9221003926468,598.8089593334612,444.36137610613537,753.256542560787,362.3110975166186,835.3068211503038,82.01918101763295,0.0,182.1599173177762,0.0,235.35968347722732,64.17990330037317,0.0,173.4191098104871,0.0,231.45243826898513
2030-12-01,354.0757639989097,270.16672537227043,437.9848026255489,225.59004860186835,482.561479395951,138.37472408931427,0.0,349.7781880681576,0.0,462.0862783069181,173.65327703708653,0.0,430.0222920188118,0.0,566.2183312278534,209.66837547161356,34.279632644439516,385.0571182987876,0.0,478.2323879257238,449.06207191420793,180.30009934778082,717.824044480635,37.52030142186641,860.6038424065495,88.6588731958681,0.5663634567624172,176.75138293497378,0.0,223.55052873387368,447.2765000364765,328.13841420022356,566.4145858727294,264.84630609971424,629.7066939732388,122.98719132672903,39.992019322418315,205.98236333103975,0.0,250.0735484583298,44.67399291712338,0.0,105.26704786397879,0.0,137.45710830449573,38.98394432681894,0.0,91.15694835677957,0.0,118.87385674769615,225.08160737038537,0.0,528.0148056442242,0.0,688.9480672272011,316.9760855223852,0.0,730.1143949041664,0.0,949.5941217632376,828.5536743603071,493.99797486329356,1163.1093738573206,316.2652595055051,1340.8420892151091,528.2928269269955,130.84381200079224,925.7418418531988,0.0,1136.8866310327444,120.44822844226607,0.0,280.3364619699254,0.0,365.2770860314943,4384.0526315789475,3758.3633744365825,5009.7418887213125,3425.9659565797015,5342.139306578194,544.6154056246891,0.0,1228.5837101696907,0.0,1591.9418719592227,659.3495164005167,478.4828429589977,840.2161898420356,382.3974226931907,936.3016101078426,593.9216437557354,438.0763163531728,749.766971158298,355.2834861705614,832.5598013409094,81.47636734970416,0.0,182.52337312938624,0.0,236.20459494984232,63.593633934783114,0.0,173.82145069969312,0.0,232.3799783560516
2031-01-01,351.23086914362585,266.5759577274756,435.8857805597761,221.60303603764584,480.85870224960587,137.5115727020461,0.0,350.7942155389836,0.0,464.1006195461066,172.45692219699396,0.0,431.10481768406567,0.0,568.5115121615725,208.37480802174377,31.427023486996177,385.3225925564914,0.0,479.326103090576,449.38221042382946,178.2311955626315,720.5332252850274,34.182218917620105,864.5822019300388,88.64446755399803,0.0,177.52003722382818,0.0,224.73518361092545,443.6998037749031,323.5026919043384,563.8969156454677,259.64797622310095,627.7516313267053,123.38148174549701,39.64856037029614,207.1144031206979,0.0,251.59751760127335,44.28148929352604,0.0,105.41315976569217,0.0,137.88935970403043,38.90453794760696,0.0,91.54131113390542,0.0,119.5045968891265,223.65205251507246,0.0,529.2780432857647,0.0,691.641850882695,315.28277356065064,0.0,732.0934956921902,0.0,953.5241918245706,870.6077295712045,533.0781431495536,1208.1373159928553,353.7655503630517,1387.4499087793572,528.0382188985324,127.05625436042288,929.0201834366419,0.0,1142.0418520975124,119.74348290527746,0.0,281.0529731259362,0.0,366.7486398056611,1822.3737396992096,1191.1226908925596,2453.6247885058597,855.7705712140266,2788.9769081843924,540.3031573726263,0.0,1230.3512997467567,0.0,1596.9393753830136,654.2832637428262,471.8088549195486,836.7576725661038,374.86932523218235,933.6972022534701,589.0737752051792,431.84312875970363,746.3044216506548,348.3143478355447,829.8332025748138,80.95078395242388,0.0,182.8960030033601,0.0,237.05440062416997,63.21592331412843,0.0,174.4235621639747,0.0,233.50262030295556
2031-02-01,348.40855055858117,263.0142809000985,433.8028202170638,217.64857514402962,479.1685259731327,136.6772897717026,0.0,351.82269848116863,0.0,466.11869685807244,171.15983294143203,0.0,432.0667049035983,0.0,570.6734806334991,207.19909117819142,28.70588180311651,385.69230055326636,0.0,480.5168180337748,449.6575307001883,176.1383397414582,723.1767216589185,30.831269544632846,868.4837918557438,88.6840995829223,0.0,178.33588983910866,0.0,225.96340341270766,440.15134452346484,318.90445628577135,561.3982327611583,254.4920469094967,625.810642137433,123.76494554981002,39.30071839993302,208.229172699687,0.0,253.1007933730592,43.93964058298716,0.0,105.60522224441621,0.0,138.3650625020504,38.87083869181025,0.0,91.96733041604162,0.0,120.17484164453954,222.23450536470065,0.0,530.5297694423663,0.0,694.3116284836261,313.327691387746,0.0,733.7787509521081,0.0,957.1433763456754,970.5136232022996,630.036124160138,1310.9911222444612,449.1574527939896,1491.8697936106096,527.7525614386361,123.26850451689046,932.2366183603817,0.0,1147.1187736000593,119.21059623021145,0.0,281.92892970834873,0.0,368.3730443686091,1829.3238589833265,1192.5595959034742,2466.088122063179,854.2785811423029,2804.3691368243503,536.7763009689095,0.0,1232.8511791004312,0.0,1602.640958107802,649.2549361001034,465.1868340590157,833.323038141191,367.4006548496879,931.1092173505187,584.2650682054043,425.6612022685604,742.8689341422482,341.402898489612,827.1272379211966,80.40899975258885,0.0,183.24458696658616,0.0,237.8759926740222,63.005927249737574,0.0,175.1848302946377,0.0,234.7798725372409
2031-03-01,345.6086443005882,259.4813631747158,431.7359254264606,213.7262450765961,477.4910435245803,135.7834669032864,0.0,352.775651191149,0.0,468.052749094076,169.70438856221355,0.0,432.85084556719266,0.0,572.6474008510877,206.04691323455566,26.021545204732718,386.0722812643786,0.0,481.710758030222,449.8111251706337,173.94408693449554,725.6781634067719,27.38972287154718,872.2325274697203,88.76425773179994,0.0,179.18560536686692,0.0,227.22194629799625,436.63091676079637,314.3432636120732,558.9185699095195,249.3779478768141,623.8838856447786,124.11916441803857,38.929909144697504,209.30841969137964,0.0,254.56521155534205,43.62347674148367,0.0,105.81838640913449,0.0,138.85943217007397,38.80867276714038,0.0,92.36093672840452,0.0,120.8105769578261,220.66268481781336,0.0,531.6043087134698,0.0,696.7920464080373,310.9662329054918,0.0,735.0263806366527,0.0,960.3083341188318,1067.1622304176906,723.7621241305204,1410.5623367048606,541.3308176654614,1592.9936431699198,527.4215178069599,119.46543104895312,935.3776045649665,0.0,1152.1042756551576,118.74960827572924,0.0,282.86469126494075,0.0,370.0508291029593,1836.0119228400529,1193.781771841395,2478.242073838711,852.5970041233581,2819.4268415567476,533.5290963300358,0.0,1235.578975710153,0.0,1608.54297413084,644.2642916042495,458.61617687476496,829.912406333734,359.9906159247264,928.5379672837726,579.4952353343871,419.52993785220633,739.4605328165678,334.5483735647979,824.4420971039763,79.82764916720095,0.0,183.54596147487354,0.0,238.6463148883246,62.88676781943759,0.0,176.0285975649228,0.0,236.13519461721177
2031-04-01,342.83098586054336,255.97687934988687,429.68509237119986,209.83563526610058,475.8263364549862,134.79317757595803,0.0,353.6165520021657,0.0,469.8664696660885,168.10687479077134,0.0,433.47401637289033,0.0,574.450310338391,204.8257500749013,23.281153692822045,386.37034645698054,0.0,482.8159132849601,449.7972038498476,171.6021324563386,727.9922752433566,23.811000778536936,875.7834069211583,88.86858772105666,0.0,180.05299823153828,0.0,228.49471631523164,433.13831450642937,309.8186797440725,556.4579492687863,244.30512377657038,621.9715052362883,124.43639055789953,38.528225870095156,210.3445552457039,0.0,255.98326773609995,43.30944312744995,0.0,106.02921365869562,0.0,139.34909175341988,38.65869600232219,0.0,92.66288581508073,0.0,121.35261165310868,218.85712983946314,0.0,532.4227802047706,0.0,699.00453196134,308.1978416471068,0.0,735.836619471047,0.0,963.019720190015,1150.3671947388746,804.0691458820057,1496.6652435957435,620.0983074267941,1680.6360820509549,527.0395779303578,115.64076273768052,938.4383931230352,0.0,1156.994013694145,118.26939675758555,0.0,283.76944170987326,0.0,371.6913405907761,1842.4421460679096,1194.7922352612375,2490.0920568745814,850.7282201451928,2834.1560719906265,530.0030103677225,0.0,1237.9774663401547,0.0,1614.0888960755092,639.3110853258022,452.09629206358306,826.5258785880213,352.6384331430292,925.9837375085751,574.7639877811482,413.4487482437356,736.0792273185608,327.75002723948523,821.7779483228112,79.20269344377073,0.0,183.79628128861032,0.0,239.36162483118136,62.77202233046178,0.0,176.86865237690802,0.0,237.4824870890826
2031-05-01,340.07541040381915,252.50051056720002,427.6503102404383,205.97634502899612,474.1744757786422,133.7356538250511,0.0,354.37502100263976,0.0,471.5896848157337,166.4640314363542,0.0,434.0334277219822,0.0,576.1796694987221,203.4821356734397,20.430919297281946,386.53335204959745,0.0,483.77931074943126,449.62647166115806,169.1226878897083,730.1302554326078,20.10505276112565,879.1478905611905,88.98360636252626,0.0,180.92474694793793,0.0,229.76847788393786,429.67333158644385,305.33027981747773,554.01638335541,239.27303356521452,620.0736296076732,124.72454845878002,38.103440719226356,211.3456561983337,0.0,257.3631196849716,42.98319828490222,0.0,106.22347376198235,0.0,139.81987010918115,38.39586005173362,0.0,92.84822509943373,0.0,121.7760440310244,216.85419486523875,0.0,533.0220944173097,0.0,700.9862910543475,305.1821855537528,0.0,736.3698937548706,0.0,965.4383637367145,1210.7741902003918,861.6022493372851,1559.9461310634983,676.1046557537597,1745.4437246470238,526.6285852133226,111.8156134284821,941.4415569981632,0.0,1161.8109482588595,117.7124469852985,0.0,284.5859598441783,0.0,373.2375135504583,1848.618668819366,1195.5939777976391,2501.6433598410927,848.6746106923467,2848.562726946385,525.7731671315233,0.0,1239.6230305350864,0.0,1618.8557704682294,634.3950699151965,445.6266002762787,823.1635395541143,345.34335078060366,923.4467890497892,570.0710358288958,407.417057656018,732.7250140017736,321.0071317516767,819.1349399061148,78.5528701205097,0.0,184.01446942831674,0.0,240.04094406058925,62.593270606567515,0.0,177.63677688899477,0.0,238.75363960153425
2031-06-01,337.34175297866267,249.05194413855202,425.6315618187733,202.14798319224323,472.5355227650821,132.7003368270576,0.0,355.140871581363,0.0,473.31240566958775,164.93497289959865,0.0,434.6886453970209,0.0,577.9952839112764,202.02669146160304,17.481154647379867,386.5722282758262,0.0,484.61204470838226,449.37452876042585,166.58088018860786,732.1681773322439,16.34675438482958,882.402303136022,89.10288288987195,0.0,181.79457585180268,0.0,231.03703773782834,426.23576186361555,300.87764793189405,551.5938757953371,234.281149905667,618.1903738215641,125.00778513317621,37.67955457725681,212.33601568909563,0.0,258.7291381719278,42.64430051831057,0.0,106.40083170800008,0.0,140.2714889025226,38.038360546080284,0.0,92.93524207175106,0.0,122.09921038226366,214.79976544362984,0.0,533.5486702657779,0.0,702.8840259525441,302.2086863105159,0.0,736.9163525745371,0.0,967.8548002772983,1240.9192333757892,888.8968620268315,1592.9416047247469,701.8849772476977,1779.9534895038805,526.2475049879104,108.04824867579873,944.446761300022,0.0,1166.6151162158312,117.0676370398541,0.0,285.3034052596837,0.0,374.67865712646824,1854.5455602631823,1196.1899669853904,2512.9011535409745,846.4385580565635,2862.652562469801,520.693641330897,0.0,1240.3709472487021,0.0,1622.6995160175359,629.515996158775,439.2065338521871,819.825458465363,338.10463200181226,920.9273603157378,565.4160892740371,401.43430149285325,729.3978770552209,314.3189767340993,816.5132018139748,77.91633146236059,0.0,184.23885606963614,0.0,240.7226972672513,62.3210199560036,0.0,178.3036724845354,0.0,239.91945664031792
2031-07-01,334.62984869669714,245.6308733730863,423.628824020308,198.35016773241804,470.9095296609762,131.8119821838402,0.0,356.03921660248943,0.0,475.1599348873968,163.7030382164331,0.0,435.6234416859734,0.0,580.0811560291667,200.53961441540324,14.511760320085926,386.5674685107206,0.0,485.3947659988579,449.17060646211377,164.10548647192348,734.2357264523041,12.664641477134978,885.6765714470926,89.2285266600006,0.0,182.66474317239602,0.0,232.30273319460608,422.82539943661027,296.4603768480112,549.1904220252094,229.32895859781794,616.3218402754026,125.32231513847314,37.29264174348512,213.35198853346117,0.0,260.11775252454856,42.30651531347344,0.0,106.57515538206925,0.0,140.71787041851078,37.643621400508295,0.0,92.98144881719566,0.0,122.3796696323108,212.9095613440904,0.0,534.218739463031,0.0,704.9142403387182,299.62723394279493,0.0,737.8265841404998,0.0,970.6199889330305,1236.1338228571449,881.2839171587243,1590.9837285555654,692.7699047564383,1779.4977409578514,525.9899720870511,104.43163164170352,947.5483125323988,0.0,1171.5011808939896,116.36806537926962,0.0,285.9551466182889,0.0,376.0482835265179,1860.226821846297,1196.5831468848878,2523.8704968077063,844.022444561639,2876.431199130955,514.9613219899933,0.0,1240.4192613806476,0.0,1625.818791681933,624.6736134607745,432.8355365390481,816.5116903825009,330.921558174381,918.425668747168,560.7988577892716,395.499926055387,726.097789523156,307.68486857176083,813.9128470067823,77.3413420775722,0.0,184.5178765856864,0.0,241.45541054312204,61.973313527659066,0.0,178.88756859244322,0.0,240.99826659560978
2031-08-01,331.93953288909734,242.2369974049646,421.6420683732301,194.58252542901906,469.29654034917564,131.19371181846938,0.0,357.19352112876595,0.0,477.25591982486094,162.92763985807633,0.0,436.9976451855997,0.0,582.5973355158465,199.1547811754507,11.656328273653287,386.6532340772481,0.0,486.2617871813279,449.16936223910767,161.8507279713627,736.4879965068526,9.21270351662315,889.1260209615922,89.36963826265136,0.0,183.54449248687428,0.0,233.5748837934927,419.4420388121847,292.07806769352084,546.8060099308485,224.4159580367307,614.4681195876387,125.70858769371198,36.983016723282546,214.43415866414142,0.0,261.56961824218206,41.99369743227162,0.0,106.77039789772901,0.0,141.18302002000326,37.29245982673735,0.0,93.06774723213415,0.0,122.69836866625121,211.40704894502556,0.0,535.256260093701,0.0,707.3011535164349,297.75842088334446,0.0,739.4218514712414,0.0,974.0555489710616,1195.1902912104297,837.535204264623,1552.8453781562364,647.5309393246631,1742.8496430961964,525.9696012963606,101.0787319921734,950.8604706005477,0.0,1176.583744918397,115.67513375906151,0.0,286.6028451982053,0.0,377.4081919002504,1865.6663902056557,1196.776438545133,2534.5563418661786,841.4286517254804,2889.904128685831,509.08069745244205,0.0,1240.2735714581715,0.0,1628.7197857737153,619.8676702610114,426.51306320281435,813.2222773192085,323.7934282031472,915.9419123188757,556.219051237921,389.6133882464919,722.8247142293501,301.1041297822952,811.3339726935468,76.87352097105227,0.0,184.8973139958913,0.0,242.284954040337,61.609809297536174,0.0,179.4483021050762,0.0,242.05000140908183
2031-09-01,329.270641241556,238.87002102293417,419.67126146017785,190.8446915317913,467.6965909513207,130.92819759080584,0.0,358.6867868065475,0.0,479.6835373274102,162.69894940513942,0.0,438.90182740864566,0.0,585.6346063480082,198.02653051385096,9.068923676162626,386.9841373515393,0.0,487.3678659840612,449.5130879933421,159.95847732388154,739.0676986628026,6.132590405730639,892.8935855809535,89.53825996412719,0.0,184.44600348464314,0.0,234.8657422299172,416.0854750538566,287.7303296781666,544.4406204295467,219.54165869733126,612.6292914103819,126.20179885470571,36.78574610113601,215.61785160827543,0.0,263.1201296336093,41.73241715842082,0.0,107.01322406302683,0.0,141.69365273109878,37.06580945800955,0.0,93.27515233897691,0.0,123.1363657444908,210.45605750460157,0.0,536.8255339875743,0.0,710.2093183691536,296.80712914961225,0.0,741.9076810742861,0.0,978.367349284269,1120.6072525354411,760.1688155420384,1481.045689528844,568.6858958892932,1672.5286091815892,526.296487659893,98.09902475626944,954.4939505635166,0.0,1181.9738527310667,115.05385924715219,0.0,287.3117674907991,0.0,378.82378124523655,1870.8681397739783,1196.772740332217,2544.9635392157397,838.6595593787815,2903.076720169175,503.7389763993337,0.0,1240.622153143506,0.0,1632.0913407888474,615.0979143967052,420.23857953118386,809.9572492622265,316.7195578838756,913.4762709095347,551.6763799457444,383.7741552753612,719.5786046161277,294.57609841922005,808.7766614722689,76.54304600269963,0.0,185.40750379208802,0.0,243.2417469927006,61.313135084232684,0.0,180.06867279490922,0.0,243.15755220370613
2031-10-01,326.6230099107578,235.52965450246847,417.7163653190471,187.13630944181477,466.1097103797008,131.0276811718109,0.0,360.53157245646753,0.0,482.4555147014413,163.00757598583522,0.0,441.32698209078296,0.0,589.1841665840365,197.2879513715132,6.882372348509563,387.69353039451687,0.0,488.8464942504875,450.2943081288943,158.52085573405503,742.0677605237336,3.516209149296685,897.0724071084919,89.74405768217301,0.0,185.37907424074552,0.0,236.18517678748717,412.7555039100567,283.4167798181854,542.0942280019281,214.70558264437875,610.8054251757346,126.82321993318034,36.72197667855255,216.92446318780813,0.0,264.79074866682913,41.54338432135026,0.0,107.32443460972225,0.0,142.27061757541986,37.020393661231466,0.0,93.66046577511298,0.0,123.75050408561252,210.10660352244577,0.0,538.9770321078083,0.0,713.6894472937821,296.80239998143765,0.0,745.3137339838556,0.0,983.58538017264,1018.5706113300419,655.3701535848984,1381.7710690751853,462.4199104077909,1574.7213122522928,527.0508364985769,95.57211899778002,958.5295539993738,0.0,1187.7526226716723,114.54672523829232,0.0,288.12463675680954,0.0,380.3379022510218,1875.8358851178161,1196.574928147169,2555.0968420884633,835.7175447565128,2915.9542254791195,499.6251650491654,0.0,1242.1550387515017,0.0,1636.6240341558675,610.3640934157568,414.0115617339957,806.7166250975179,309.69927927806015,911.0289075534533,547.1705549356851,377.9817043641593,716.3594055072109,288.1001274980363,806.240982373334,76.35524940077664,0.0,186.05392979430644,0.0,244.33135375336914,61.162794767697946,0.0,180.82834990680715,0.0,244.4006760744589
2031-11-01,323.99647562473234,232.21561344110324,415.77733780836144,183.45703040605028,464.5359208434144,131.42117720191078,0.0,362.65719789949594,0.0,485.501333895088,163.73748146353645,0.0,444.15744118787893,0.0,593.1305447914359,197.01185406822245,5.169231420532043,388.8544767159128,0.0,490.7708699974984,451.52868294266165,157.55313551589995,745.5042303694233,1.3786259454328729,901.6787399398904,89.98928251707068,0.0,186.34608302518654,0.0,237.5356332951231,409.4519219243969,279.1370426702922,539.7668011785016,209.90726306654906,608.9965807822448,127.57460164609908,36.79333936125278,218.3558639309454,0.0,266.58340951977,41.43404472424374,0.0,107.71156281270413,0.0,142.9214942971987,37.1700155514186,0.0,94.23756597213702,0.0,124.55470213314366,210.26886019101477,0.0,541.6213649590795,0.0,717.6523831171138,297.5795319900695,0.0,749.4759052147367,0.0,989.5458534903412,898.4658164925027,532.5241843292349,1264.4074486557704,338.11769224249895,1458.8139407425065,528.2605791963475,93.52537234605711,962.9957860466379,0.0,1193.9488646858547,114.15369164247663,0.0,289.04164371975287,0.0,381.95086826080586,1880.5733830414008,1196.1858555536396,2564.960910529162,832.6049815757667,2928.541784507035,497.24165009971375,0.0,1245.3756023517365,0.0,1642.8217644856236,605.665954847831,407.83149624306577,803.5004134525963,302.73194010928427,908.5999695863777,542.7012881303008,372.2355224582331,713.1670538023684,281.67558444494716,803.7269918156544,76.28713094968198,0.0,186.81373765768723,0.0,245.530997471315,61.208901858432384,0.0,181.77760607536607,0.0,245.8297301906121
2031-12-01,321.39087576915483,228.92761859745593,413.85413294085373,179.8065132249909,462.97523831331875,131.9626369971943,0.0,364.9179082861449,0.0,488.67539615839985,164.68431144787445,0.0,447.1892066426179,0.0,597.2699322148253,197.18494880406246,3.9159673155602377,390.4539302925647,0.0,493.1280767083315,453.14543757706963,156.984168253539,749.3067069006003,0.0,906.642381228726,90.26548977206325,0.0,187.3387075829674,0.0,238.90885454501023,406.17452653034763,274.8907500752556,537.4583029854397,205.14624383348794,607.2028092272074,128.43710640711924,36.980881206040095,219.8933316081984,0.0,268.47945124627165,41.39440360170332,0.0,108.16469812622269,0.0,143.63641709237362,37.47761545017047,0.0,94.96946576807883,0.0,125.51201124946763,210.722681678742,0.0,544.5388077634784,0.0,721.8786247459946,298.8092261668893,0.0,754.0654699885276,0.0,995.9203495187729,858.2886544777763,489.6262292235189,1226.9510797320336,293.77431580719474,1422.802993148358,529.888918398979,91.92143502356095,967.856401774397,0.0,1200.5266273175878,113.82421946719401,0.0,290.0124716193655,0.0,383.61248057520663,1885.0843344854738,1195.6083538328176,2574.56031513813,829.3242391110937,2940.8444298598542,496.75864322909905,0.0,1250.455006285241,0.0,1650.8561991588167,601.0032464387583,401.6978794135722,800.3086134639444,295.81690318144206,906.1895896960746,538.2682925260233,366.535105941093,710.0014791109536,275.3018505678487,801.2347344841978,76.29075250298433,0.0,187.63912968330223,0.0,246.79295506034612,61.45303511520552,0.0,182.91817326747417,0.0,247.44652791086685
2032-01-01,318.8060484613969,225.66539573430288,411.946701188491,176.18442397303414,461.4276729497597,132.45831143717558,0.0,367.1202375661561,0.0,491.7843858221769,165.59473550103812,0.0,450.1692912964993,0.0,601.349524062838,197.70230449931927,3.0174141075329146,392.38719489110565,0.0,495.8135429117421,454.99795570307583,156.66697774439064,753.3289336617611,0.0,911.8172657023125,90.55302723140477,0.0,188.3374136546249,0.0,240.2853689419606,402.92311613232766,270.67754091103996,535.1686913536154,200.42207907473087,605.4241531899245,129.3750402967122,37.24879716246214,221.50128343096225,0.0,270.4433500960326,41.39726384732206,0.0,108.65672457825514,0.0,144.38831309156333,37.86036815124649,0.0,95.77340981659438,0.0,126.53971320131043,211.16065969123184,0.0,547.4223578555795,0.0,726.0613850053894,300.0663282583336,0.0,758.6578272457944,0.0,1002.2845610828829,860.0847522755734,488.72146728581373,1231.448037265333,291.4347221350039,1428.734782416143,531.8352628945119,90.65918363224114,973.0113421567826,0.0,1207.3861342648638,113.46383078149597,0.0,290.9428566157918,0.0,385.22858909026144,4204.221626378343,3509.6944721121663,4898.74878064452,3140.72692140826,5267.716331348426,497.950230587141,0.0,1257.1682525385963,0.0,1660.502826700307,596.3757163530429,395.61021722869697,797.1412154773889,288.9535458188882,903.7978868871976,533.8712823428618,360.8799603551254,706.8626043305983,268.9783205491404,798.7642441365833,76.30267693310363,0.0,188.466804045985,0.0,248.0539965747032,61.841570101503876,0.0,184.19657464218037,0.0,249.19767080441477
2032-02-01,316.24183261390175,222.4286754659913,410.0549897618122,172.59043573116386,459.8932294966396,132.70652640601006,0.0,369.062784473821,0.0,494.62704657234553,166.2170289402722,0.0,452.8463013521721,0.0,605.1181023209939,198.38385791465595,2.2932821897610154,394.47443363955085,0.0,498.6475519934013,456.89194777669,156.40692756395765,757.3769679894224,0.0,917.0096349774365,90.82355984184107,0.0,189.31397988444235,0.0,241.6370155320743,399.6974901749526,266.4970608554194,532.8979194944857,195.73433277941743,603.6606475704878,130.34341878205743,37.551995579094296,223.13484198502056,0.0,272.4302855615947,41.402891193773144,0.0,109.14798610654745,0.0,145.13756777895878,38.20663506866008,0.0,96.5378268693413,0.0,127.52627251345321,211.2538825103376,0.0,549.9434945012005,0.0,729.8723508713463,300.92056975426226,0.0,762.8232416977633,0.0,1008.209036167748,861.7837379482107,487.73909478055344,1235.828381115868,289.02787809773554,1434.539597798686,533.9496294052767,89.58812192261712,978.3111368879363,0.0,1214.3781877380993,112.95373858415655,0.0,291.71421806926014,0.0,386.6807227957214,4188.054861194956,3488.5130053141193,4887.596717075793,3116.881394377425,5259.2283280124875,500.22901524515026,0.0,1264.9288269541012,0.0,1671.1756019244813,591.783113348634,389.5680250088878,793.99820168838,282.14125932839767,901.4249673688703,529.5099731527055,355.2696001287851,703.7503461766258,262.70440195982735,796.3155443455836,76.25705622881625,0.0,189.23104315190787,0.0,249.2484737048003,62.27348510432293,0.0,185.5119307531878,0.0,250.98235500414728
2032-03-01,313.6980679882569,219.21719311038572,408.1789428661281,169.02422833151667,458.3719076449972,132.53989577289863,0.0,370.5784260176306,0.0,497.0363952101444,166.350386347318,0.0,455.0197505004372,0.0,608.3753502067818,199.0090202150401,1.5227644163653054,396.4952760137149,0.0,501.4098494067609,458.62411623069903,156.00038561013645,761.2478468512616,0.0,922.0167037434355,91.04506481866531,0.0,190.23649313870936,0.0,242.9319394337328,396.49744920196446,262.3489621579182,530.6459362460107,191.0825784157687,601.9123199881602,131.29743330628438,37.84556459285602,224.74930201971273,0.0,274.39560727372157,41.366950911397424,0.0,109.59422340316327,0.0,145.8399619144139,38.40047581804257,0.0,97.14684148302138,0.0,128.35584824254138,210.72370975292324,0.0,551.8239543858926,0.0,733.0334593471575,301.02632234432366,0.0,766.2165992778862,0.0,1013.3489338988413,863.3871878824951,486.68027166452254,1240.0941041004678,286.55472242372457,1440.2196533412657,536.0572062390854,88.53294348756259,983.5814689906083,0.0,1221.3287335773548,112.17851941166671,0.0,292.21133153322864,0.0,387.85376297280845,4171.849224568318,3467.328360260286,4876.370088876351,3093.0516510966436,5250.646798039993,502.77035918751943,0.0,1272.912942868963,0.0,1682.0511904497298,587.2251869275767,383.5708271268228,790.8795467283306,275.3794484826723,899.0709253724812,525.1840819889738,349.70354831083296,700.6646156671147,256.4795147943206,793.8886491836271,76.09906499026928,0.0,189.87714737700645,0.0,250.32175364496055,62.620782571563836,0.0,186.736381251776,0.0,252.67279305063872
2032-04-01,311.17459524115964,216.03068854547388,406.3185019368454,165.48548811339083,456.86370236892844,131.85946143273443,0.0,371.56845799800044,0.0,498.9138624232979,165.88101198100415,0.0,456.57615091139155,0.0,611.0079434681599,199.36079999975698,0.48865873648583147,398.2329412630281,0.0,503.8837663091409,460.02166566419277,155.27423368622271,764.7690976421628,0.0,926.6661708804594,91.18806646603943,0.0,191.07558352484332,0.0,244.14082696233288,393.3227949061717,258.2329034208895,528.4126863914539,186.46639856933334,600.17919124301,132.2014395160513,38.09376016929289,226.3091188628097,0.0,276.3038235157751,41.249710511754266,0.0,109.95577675477634,0.0,146.45587444638178,38.34747943433372,0.0,97.50610535481079,0.0,128.93412537506424,209.40147579144795,0.0,552.8954357191617,0.0,735.3766019307596,300.1890961261342,0.0,768.6439062823581,0.0,1017.510524177852,864.8966563077352,485.54615034986887,1244.2471622656014,284.0161940597525,1445.7771185557178,537.9872794153055,87.3224569914488,988.6521018391621,0.0,1228.067788751836,111.05461216861171,0.0,292.35082794558565,0.0,388.66444257710305,4155.606663388129,3446.1417323580827,4865.071594418176,3069.238487748371,5241.974839027887,504.69396740396917,0.0,1280.2411267510674,0.0,1692.250555154213,582.7016874656787,377.6181567289116,787.7852182024458,268.667531025004,896.7358439063534,520.8933274400165,344.1813363120363,697.6053185679966,250.30309102529685,791.4835638547361,75.79534596743036,0.0,190.37188083346396,0.0,251.24066498104432,62.75634042665309,0.0,187.74293645017372,0.0,254.14206558766904
2032-05-01,308.6712559633214,212.8689060707078,404.47360585593503,161.97390769025685,455.368604236386,130.6524678868855,0.0,372.0203700354132,0.0,500.2470680518185,164.79668054828193,0.0,457.50357454797626,0.0,613.0041119853138,199.2685311891329,0.0,399.5169666684078,0.0,505.8989480167726,460.97299068040405,154.11655477001267,767.8294265907955,0.0,930.8469081681908,91.23155232224178,0.0,191.8103407230534,0.0,245.2428220609846,390.17333017155835,254.14854938951112,526.1981109536056,181.88538459904854,598.4612757440682,133.0352702430609,38.2763189084627,227.79422157765907,0.0,278.13491447416436,41.024190870474975,0.0,110.20573729374743,0.0,146.95843383111094,37.99539459436467,0.0,97.56342765534868,0.0,129.2089452189964,207.26139248775138,0.0,553.1325016093028,0.0,736.876528330127,298.39303024322703,0.0,770.0897808823247,0.0,1020.6786796593452,866.3136758203599,484.33787552075495,1248.2894761199648,281.4132316115898,1451.2141200291298,539.599754670741,85.81610733496655,993.3834020065156,0.0,1234.4559646536459,109.55217760806272,0.0,292.10305344738754,0.0,389.0832062370289,4139.3290894037,3424.954307879604,4853.703870927796,3045.442705194928,5233.215473612472,505.2561189267595,0.0,1286.170450683565,0.0,1701.0311894293675,578.2123663239265,371.7095554639721,784.715177183881,262.00493719462133,894.4197954532317,516.6374297283537,338.7025036546187,694.5723558020887,244.1745741779469,789.1002852787606,75.33897593740032,0.0,190.7084374608541,0.0,251.99846389518893,62.58208669673654,0.0,188.4336521830109,0.0,255.29229634759412
2032-06-01,306.18789271222096,209.7315942731031,402.6441911513388,158.4891857273217,453.88659969712023,128.98982059937333,0.0,372.0053043464708,0.0,501.10728008711624,163.17718563007907,0.0,457.88210210101175,0.0,614.4440889761947,198.63883954589,0.0,400.2541744119567,0.0,507.36232105955463,461.4423754277511,152.49133202105077,770.3934188344514,0.0,934.5236606442609,91.1670971488623,0.0,192.4324381504984,0.0,246.22965055761756,387.0488591085733,250.09557075045214,524.0021474666945,177.33913631020027,596.7585819069463,133.79642733850773,38.3906497145441,229.20220496247134,0.0,279.886524325202,40.681248422125115,0.0,110.33502931333211,0.0,147.33860041178582,37.34446951966842,0.0,97.31911503516957,0.0,129.18064546527955,204.4190743192861,0.0,552.6511057912953,0.0,737.6493725108003,295.7841173099294,0.0,770.7006783693035,0.0,1023.000101432096,867.6397578681501,483.05658395311997,1252.2229317831802,278.74677281076026,1456.5327429255399,540.8032947606657,83.92211216677623,997.6844773545552,0.0,1240.402605607559,107.70458749349697,0.0,291.50155886233665,0.0,389.1436999020327,4123.01838020962,3403.7672637045907,4842.269496714649,3021.6651080612937,5224.371652357946,504.00390591705445,0.0,1290.2487728096798,0.0,1707.9413583463872,573.7569759440205,365.8445732195421,781.6693786684989,255.3911092721629,892.1228426158781,512.4161107775852,333.26659772964035,691.5656238255301,238.09341892291962,786.7388026322508,74.74793512720716,0.0,190.90491064962663,0.0,252.61330389591194,62.050364455269744,0.0,188.76099496883506,0.0,256.0760174291666
2032-07-01,303.72434903950057,206.61850589808304,400.83019218091806,155.031026729205,452.41767134979614,127.00456260438676,0.0,371.65653274583144,0.0,501.62789188347386,161.1643455781453,0.0,457.85382936435985,0.0,615.4701176257863,197.46770789804918,0.0,400.440737127095,0.0,508.2701589050256,461.46585044502143,150.43430512437476,772.4973957656681,0.0,937.7329042172616,91.00018168275946,0.0,192.94745187760108,0.0,247.1069391686107,383.9491870834807,246.07364393894264,521.8247302280188,172.82726164340679,595.0711125235546,134.49781677659686,38.449568744508085,230.54606480868563,0.0,281.5716965757328,40.23039451043414,0.0,110.35322973096086,0.0,147.6059859418657,36.44515026203072,0.0,96.82367000759558,0.0,128.8997586224269,201.09710528866293,0.0,551.6741601015425,0.0,737.9182204708848,292.6155235493104,0.0,770.7302120639403,0.0,1024.7286403373373,868.8763931989549,481.70340433920387,1256.049382058706,276.0177540074611,1461.7350323904489,541.5613910472349,81.6035327303851,1001.5192493640848,0.0,1245.871861594911,105.603046341868,0.0,290.6377217381612,0.0,388.9373930424419,4106.676380150473,3382.581767057776,4830.77099324317,2997.9065038522804,5215.446256448666,500.8536874178738,0.0,1292.393192361769,0.0,1712.8985543632132,569.3352699300967,360.02276786615096,778.6477719940425,248.82550114467978,889.8450387155137,508.2290942685575,327.87317356239936,688.5850149747157,232.05909068725288,784.3990978498621,74.05777035931402,0.0,190.99695657514258,0.0,253.12089925230148,61.17320065563275,0.0,188.73711104938215,0.0,256.50543844606153
2032-08-01,301.2804695136988,203.52939772502228,399.03154130237533,151.59914083728788,450.9617981901097,124.85752403331955,0.0,371.13510654408094,0.0,501.9700722529228,158.92036115527088,0.0,457.581225324853,0.0,616.2448094149435,195.8315095139175,0.0,400.1532115812064,0.0,508.6991158044535,461.1303019596131,148.03207911730738,774.2285248019189,0.0,940.5619556868937,90.7484160870003,0.0,193.37308423351584,0.0,247.89243918635225,380.87412074254115,242.08245095396896,519.6657905311133,168.34937637878997,593.3988651062923,135.16186073150033,38.475411339488346,231.8483101235123,0.0,283.2129863630187,39.69627848979074,0.0,110.28505129602397,0.0,147.78533684933535,35.384086626614234,0.0,96.16379696337962,0.0,128.45301807978626,197.56750322440996,0.0,550.4739993100205,0.0,737.9555753555011,289.17102408221336,0.0,770.4625893297468,0.0,1026.1487333674988,870.0250522781397,480.2794571181334,1259.770647438146,273.2271096893801,1466.8229948668993,541.8858678121228,78.87177747959777,1004.8999581446478,0.0,1250.8761936338017,103.37770676395564,0.0,289.6418619674329,0.0,388.5946944192802,4090.304901154407,3361.398975244901,4819.210827063914,2974.1677021054757,5206.442100203339,496.0765024164773,0.0,1292.8754639234883,0.0,1716.1749122240878,564.9470031184278,354.24370500975346,775.6503012271021,242.3075778895202,887.5864283473354,504.0761056861787,322.5217935858702,685.6304177864872,226.0710652825814,782.081146089776,73.31062602556823,0.0,191.02682534887504,0.0,253.5635562393818,60.01739471856128,0.0,188.42891517036418,0.0,256.6475354103844
2032-09-01,298.85609973892366,200.46403044741828,397.24816903042904,148.19324363630605,449.51895584154124,122.69939498411175,0.0,370.59192976601963,0.0,502.28483886890814,156.58599011983608,0.0,457.2053071700094,0.0,616.9093193529139,193.8603198005761,0.0,399.521850663625,0.0,508.7795389346197,460.54219788403753,145.39084994233696,775.693545825738,0.0,943.1176994197665,90.43717061273529,0.0,193.73479461341037,0.0,248.61165736376898,377.82346803169474,238.1216791813055,517.525256882084,163.9051038545362,591.7418322088533,135.81273848179495,38.49227279222612,233.1332041713638,0.0,284.83470156894725,39.11187800267818,0.0,110.1635329673226,0.0,147.90972466728994,34.26237828404297,0.0,95.44064836890763,0.0,127.94160435149197,194.08660140063543,0.0,549.3072632399679,0.0,738.0182398421133,285.68775608127487,0.0,770.1353654090534,0.0,1027.4981578644358,954.0442587164788,561.7429273515929,1346.3455900813647,353.3328450639973,1554.7556723689604,541.8205241986923,75.77024336465189,1007.8708050327327,0.0,1255.4600167258166,101.17009473878802,0.0,288.6556673259035,0.0,388.25737776280863,4073.9057235041532,3340.2200353909625,4807.5914116173435,2950.44951358083,5197.361933427476,490.19780981384474,0.0,1292.221738528241,0.0,1718.2969506577642,560.5919316366669,348.5069577524323,772.6769055209015,235.8368153764327,885.3470478969011,499.9568723580947,317.21202742213916,682.7017172940502,220.12882854991284,779.7849161662766,72.5436905608143,0.0,191.03180765881177,0.0,253.97861986712294,58.687033261271196,0.0,187.94060549253703,0.0,256.60656574039695
2032-10-01,296.4510863699938,197.42216855760017,395.4800041823874,144.8130559697661,448.0891167702215,120.63906434178108,0.0,370.1360982998102,0.0,502.6813975900132,154.2495724269864,0.0,456.8146658877221,0.0,617.5523717887379,191.70124724840002,0.0,398.69393460278866,0.0,508.65879975980766,459.7947709211225,142.60358713454332,776.9859547077017,0.0,945.4937710943219,90.09376566168763,0.0,194.05998967789031,0.0,249.29204618649803,374.7970382123298,234.19102122408913,515.4030552005705,159.49407469908627,590.1000017255734,136.46893759316265,38.51855940075855,234.41931578556677,0.0,286.45545420028145,38.51025864814606,0.0,110.0217996757295,0.0,148.01230584663318,33.17187991642228,0.0,94.74612999331877,0.0,127.45745034667004,190.83932314552854,0.0,548.3591718472805,0.0,738.2915914700864,282.29892579262935,0.0,769.8821510869161,0.0,1028.910739524506,1124.3810680971553,729.5405430307728,1519.2215931635378,519.7815140892571,1728.9806221050535,541.4200100412409,72.35319104364834,1010.4868290388333,0.0,1259.6785766313044,99.1038095517049,0.0,287.802893659106,0.0,388.0492820911628,4057.480596552951,3319.0460841835347,4795.915108922367,2926.752749487282,5188.20844361862,483.841044593476,0.0,1291.056120891175,0.0,1719.8891301743274,556.2698129539932,342.8121064613953,769.7275194465911,229.41269988720268,883.1269260207837,495.87112348628034,311.9434516717417,679.7987953008189,214.23187602026803,777.5103709522926,71.78015126657618,0.0,191.03518975021024,0.0,254.3894289446408,57.298234571231234,0.0,187.38840823681718,0.0,256.4988129966597
2032-11-01,294.0652771245069,194.40358023586663,393.7269740131472,141.45830376377648,446.6722504852373,118.72605465931139,0.0,369.8173350875821,0.0,503.2095778151009,151.93459275122007,0.0,456.4330291644384,0.0,618.1978235089606,189.4818008962669,0.0,397.7971386884001,0.0,508.4646618904708,458.9425672030012,139.7245820668374,778.160552339165,0.0,947.745106942752,89.74170612421432,0.0,194.37225782012024,0.0,249.95723840857025,371.7946418736484,230.2901747406419,513.2991090066549,155.11592657623223,588.4733571710645,137.13813481208183,38.561869240518206,235.71440038364545,0.0,288.0830414685386,37.917076006401956,0.0,109.88556443755226,0.0,148.11882391660086,32.17569873843637,0.0,94.14339850603892,0.0,127.06373900757777,187.9067775861721,0.0,547.7111214091365,0.0,738.8571790650863,279.01106424452655,0.0,769.7098690050011,0.0,1030.3936090340032,1283.387273471601,886.023780082071,1680.750766861131,674.924424218883,1891.8501227243191,540.729999455873,68.66591789114256,1012.7940810206035,0.0,1263.5781243518663,97.26076101620329,0.0,287.1656023384443,0.0,388.05254929088477,4041.03123939192,3297.878247623476,4784.184231160364,2903.07822074649,5178.98425803735,477.55830010455463,0.0,1289.931352694388,0.0,1721.5045368827368,551.9804059233402,337.1587385462256,766.8020733004548,223.0347277521335,880.9260840945469,491.8185901724679,306.7156497107701,676.9215306341657,208.37971259049317,775.2574677544426,71.02497315031562,0.0,191.0420324128942,0.0,254.80109514613906,55.95279696971111,0.0,186.87422620931866,0.0,256.4262354928602
2032-12-01,291.69852079223716,191.40803724393322,391.9890043405411,138.12871785889678,445.26832372557755,116.95085715542217,0.0,369.62632541532867,0.0,503.86016792840394,149.6081621309024,0.0,456.0277433839383,0.0,618.8131459246135,187.2828823475463,0.0,396.9125255297771,0.0,508.27827347033724,457.989964806153,136.75796609361385,779.2219635186922,0.0,949.8764628347286,89.39638408367307,0.0,194.6870719919209,0.0,250.62274994317755,368.81609094207386,226.4188422892477,511.21333959490005,150.7703039424338,586.8618779417139,137.8157286250219,38.61752460884081,237.01393264120298,0.0,289.7129785247992,37.34572421803363,0.0,109.76827701748613,0.0,148.24275819219525,31.297710935859982,0.0,93.65637798738754,0.0,126.78441985851155,185.26445837193458,0.0,547.3388836659951,0.0,739.6909221034648,275.72063571622823,0.0,769.515362701377,0.0,1031.8438114122373,1413.7371924755344,1013.8666490208236,1813.607735930245,801.4354228105085,2026.0389621405602,539.7740516132237,64.73161822165304,1014.8164850047945,0.0,1267.1827777440662,95.66860885889156,0.0,286.7715998670885,0.0,388.2950638401931,4024.559341474604,3276.7176407848656,4772.4010421643425,2879.426737293442,5169.691945655766,471.6934773735603,0.0,1289.1919628436854,0.0,1723.4880332496896,547.7234708167402,331.54644824429556,763.9004933891849,216.70240500268437,878.7445366307961,487.79900543821884,301.52821149559065,674.069799380847,202.5718522135694,773.0261586628683,70.26644222773061,0.0,191.04071442318445,0.0,255.2020465270193,54.717502236321664,0.0,186.46494237821145,0.0,256.4557699535904
2033-01-01,289.3506672422098,188.43531482256043,390.26601966185916,134.8240338496217,443.87730063479785,115.26204484819482,0.0,369.51183032227846,0.0,504.5820288553854,147.20699672721722,0.0,455.535752720681,0.0,619.3354043422086,185.1280323567172,0.0,396.06379187123923,0.0,508.1234141133291,456.89625590159136,133.6627923503782,780.1297194528045,0.0,951.8474969643864,89.06324589017683,0.0,195.00995689242762,0.0,251.29414711237334,365.86119868808726,222.5767311795904,509.1456661965841,146.45685781570148,585.265539560473,138.48730998790978,38.67104264617667,238.3035773296429,0.0,291.3309693549386,36.79627051936636,0.0,109.67005854300592,0.0,148.38425843056444,30.5233765706353,0.0,93.27057490170671,0.0,126.60502401508839,182.80992354374763,0.0,547.1402860860076,0.0,740.690791186583,272.2639519065603,0.0,769.1353113179443,0.0,1033.098221005242,1499.9751865262192,1097.6132137121865,1902.337159340252,883.8584156547317,2116.0919573977067,538.5504538024811,60.54822583527056,1016.5526817696916,0.0,1270.4913653772724,94.30203233605894,0.0,286.5957077050957,0.0,388.7517227448965,1924.7022470850634,1172.2010514669755,2677.2034427031513,772.4347912948663,3076.9697028752607,466.3131904291234,0.0,1288.905173685569,0.0,1725.9071647905557,543.4987693546763,325.97483641420456,761.022702295148,210.41524703957896,876.5822916697736,483.81210424033486,296.3807333749771,671.2434751056926,196.80781760275585,770.8163908779138,69.48281949521744,0.0,191.00958664816133,0.0,255.5706816981628,53.614125646493335,0.0,186.18243005497587,0.0,256.6093417719822
2033-02-01,287.0215674277605,185.48519159322797,388.557943262293,131.5439919311326,442.49914292438837,113.59454632368649,0.0,369.40896062998024,0.0,505.3103682301987,144.67273217523456,0.0,454.89891380674675,0.0,619.7065727984875,182.99092050622812,0.0,395.22475848506497,0.0,507.973984911322,455.5952757709706,130.37266443871084,780.8178871032303,0.0,953.5923993734934,88.73874422741486,0.0,195.33744114345058,0.0,251.96799888009457,362.9297797308327,218.76355333056873,507.0960061310967,142.1752455554285,583.6843139062369,139.13426801142373,38.703740919125806,239.56479510372165,0.0,292.91851262150493,36.258267754788456,0.0,109.5805140913487,0.0,148.53295745764632,29.811047894701794,0.0,92.94438647547346,0.0,126.48397259650841,180.4109456649316,0.0,546.983362369087,0.0,741.7249587431695,268.48535393787586,0.0,768.4144121134295,0.0,1034.0017242691922,1530.2599446064178,1125.4218747428797,1935.0980144699558,910.3516501278751,2150.1682390849605,537.0394228321444,56.09561492871637,1017.9832307355724,0.0,1273.4846286842685,93.09681060748328,0.0,286.57384284021623,0.0,389.35851621385564,1926.402180693699,1169.27016477918,2683.534196608218,767.0437813245917,3085.760580062806,461.2215032827875,0.0,1288.875638830721,0.0,1728.5668983405608,539.3060647302257,320.44351033707596,758.1686191233754,204.17277831571516,874.4393511447362,479.8576234822254,291.2728179094606,668.4424290549902,191.08713994892935,768.6281070155214,68.6520686147782,0.0,190.92669985507314,0.0,255.88509770147982,52.62221520251954,0.0,186.00633226125842,0.0,256.86664444871343
2033-03-01,284.7110733898427,182.55744946371442,386.86469731597094,128.2883367529588,441.13381002672656,111.90058745017129,0.0,369.2701189027631,0.0,505.9976824869524,141.9859862357242,0.0,454.09805868223987,0.0,619.9075971694513,180.81801707876264,0.0,394.3420422480302,0.0,507.7766806192036,454.0235965720526,126.82392987870963,781.2232632653956,0.0,955.0480861962341,88.41365352090439,0.0,195.66037280032685,0.0,252.63519241752005,360.0216500407859,214.97902513420593,505.0642749473659,137.92513065258532,582.1181694289864,139.74087626135235,38.69982362413349,240.7819288985712,0.0,294.45998811209375,35.716491262071166,0.0,109.48446964540557,0.0,148.67370816155196,29.110175323597865,0.0,92.62730673166675,0.0,126.37078279220336,177.95983783821598,0.0,546.7606788167517,0.0,742.6861255865988,264.30386488766885,0.0,767.2720334761743,0.0,1034.4738730388178,1497.8521725939113,1090.5530583610548,1905.1512868267678,874.1754039248499,2121.5289412629727,535.2180994869871,51.35059408940219,1019.0856048845719,0.0,1276.1402171270388,91.97240998134913,0.0,286.62560521903197,0.0,390.035115189051,1927.92526791217,1166.190583367141,2689.6599524571993,761.5190322025944,3094.3315036217455,456.05150097315936,0.0,1288.7370149947624,0.0,1731.101194318739,535.1451216286733,314.9520835255171,755.3381597318296,197.97453203321533,872.3157112241313,475.93530202176015,286.2040736976709,665.6665303458494,185.40935865049846,766.4612453930218,67.76181412353877,0.0,190.77976303854217,0.0,256.1330483996377,51.69324408198064,0.0,185.88821430567646,0.0,257.17929223701486
2033-04-01,282.41903825881633,179.6518735374412,385.18620298019147,125.05681727921066,439.78125923842197,110.17428881202035,0.0,369.08959711452525,0.0,506.63835465023095,139.1890791294248,0.0,453.1757154120063,0.0,619.9811159371277,178.55928776291117,0.0,393.3657510403109,0.0,507.4816846564295,452.1490334459542,122.98418592013564,781.3138809717727,0.0,956.1827062198638,88.07771688002765,0.0,195.96856639101094,0.0,253.28558019372082,357.1366269407429,211.22286732538123,503.0503865561045,133.70618252972037,580.5670713517654,140.30081670200215,38.6529054394598,241.9487279645445,0.0,295.94918082277013,35.15788104808894,0.0,109.36891433619886,0.0,148.79352577050724,28.381055701036907,0.0,92.2796748118239,0.0,126.22581621442947,175.41834062765005,0.0,546.4342215877856,0.0,743.5364083478577,259.75918753404716,0.0,765.7482131247752,0.0,1034.5548829698494,1402.167451472206,992.422074318413,1811.912828625999,774.7448427054607,2029.5900602389515,533.0785994470174,46.30495677651078,1019.8522421175239,0.0,1278.4507397862305,90.8567114281508,0.0,286.6790054370122,0.0,390.7095991292198,1929.2744768745715,1162.9647681046472,2695.584185644496,755.8627353206248,3102.6862184285183,450.40599312034857,0.0,1288.0926663062396,0.0,1733.113711436244,531.0157062431849,309.5001755400272,752.5312369463427,191.8200498539747,870.2113626323951,472.04488067607383,281.1741152094422,662.9156461427054,179.77402105529416,764.3157402968535,66.81666310189307,0.0,190.57346520003495,0.0,256.3192663146728,50.77174065639737,0.0,185.77269392391275,0.0,257.49195034728024
2033-05-01,280.14531625492066,176.76825202643883,383.52238048340246,121.84918665505785,438.44144585478347,108.46283621037328,0.0,368.91474736987254,0.0,507.27982517335647,136.3905572042624,0.0,452.24063202021233,0.0,620.0359842661858,176.19768369693904,0.0,392.2789739721587,0.0,507.0721594308692,449.99121396980865,118.87284871478982,781.1095792248275,0.0,957.0162107665562,87.72427478457485,0.0,196.25543169448736,0.0,253.91260880287837,354.2745291053547,207.49480485711862,501.05425335359075,129.51807635024323,579.0309818604662,140.82126871218316,38.570100454611975,243.07243696975434,0.0,297.39337010658903,34.57768339356357,0.0,109.22914211081724,0.0,148.88772955435823,27.610487481624077,0.0,91.88833021316707,0.0,126.03593416429928,172.84037319972342,0.0,546.0581481552791,0.0,744.330091100418,255.02375559186763,0.0,764.0157097750686,0.0,1034.4176854348939,1249.2484027272296,837.0712809180022,1661.425524536457,618.1021849568504,1880.394620497609,530.643553890814,40.981021509842094,1020.306086271786,0.0,1280.4393065991771,89.70618847575567,0.0,286.6906428003202,0.0,391.338634160245,1930.452736545739,1159.5951557494043,2701.310317342074,750.0770659513514,3110.8284071401267,444.0067974413727,0.0,1286.6649485353203,0.0,1734.3270913039798,526.9175862870582,304.0874118126276,749.7477607614887,185.7088816230863,868.12629095103,468.1861022237281,276.18256262544844,660.1896418220077,174.18068221386244,762.1915222335938,65.8407748358174,0.0,190.33204511555596,0.0,256.4680324516671,49.817248191938866,0.0,185.61940109437677,0.0,257.76429482379694
2033-06-01,277.8897626876061,173.90637616779196,381.8731492074202,118.6652020791407,437.11432329607146,106.86095849207264,0.0,368.8404599418812,0.0,508.01707008709195,133.74972950365577,0.0,451.4523133118966,0.0,620.2318109600245,173.7686786825359,0.0,391.11731877090324,0.0,506.58378381784837,447.62820069622626,114.56777559048555,780.688625801967,0.0,957.6269766393917,87.3535779510206,0.0,196.52128669406625,0.0,254.51663196380923,351.4351765594024,203.7945667811747,499.0757863376301,125.36049283649123,577.5098602823136,141.32336570402148,38.472478707172584,244.1742527008704,0.0,298.81378641794635,33.98304531084483,0.0,109.07234625005118,0.0,148.96353737400455,26.81894295192912,0.0,91.47378506121366,0.0,125.82166993177107,170.36624986559076,0.0,545.773004148097,0.0,745.2078423606786,250.3768993236737,0.0,762.3541691591743,0.0,1034.342093759284,1051.5623547341017,636.9677510705071,1466.1569583976964,416.7143678742224,1686.4103415939812,527.9742856058315,35.43980758751178,1020.5087636241512,0.0,1282.1677050713836,88.51630767253002,0.0,286.6561059468796,0.0,391.9178737801278,1931.4629372801935,1156.084158883912,2706.841715676475,744.1641828608879,3118.7616916994994,436.81034545209445,0.0,1284.4108154713686,0.0,1734.6985651691082,522.8505310029979,298.7134234774728,746.9876385285229,179.6405851045376,866.0604769014581,464.35871140458335,271.22904168312823,657.4883811260385,168.6289046436052,760.0885181655615,64.87487644273371,0.0,190.09630706132708,0.0,256.6201920774548,48.8209031463155,0.0,185.41955644398308,0.0,257.987591008369
2033-07-01,275.6522339538804,171.06604014342338,380.2384277643374,115.50462468161811,435.7998432261427,105.4900953686878,0.0,368.9883312890537,0.0,508.971769121748,131.4449326818533,0.0,450.9892860283384,0.0,620.7472237436587,171.36395954771498,0.0,389.9726023080631,0.0,506.108443774498,445.1869960628246,110.19576970894326,780.1782224167059,0.0,958.1423114172054,86.973885473886,0.0,196.7744558012247,0.0,255.10600878762335,348.6183906749844,200.12188613368016,497.1148952162887,121.23311809611229,576.0036632538565,141.83881350224726,38.39168448438117,245.28594252011334,0.0,300.2422298108547,33.393041235335744,0.0,108.91764611655022,0.0,149.04009245969542,26.057276849106493,0.0,91.08693277724481,0.0,125.6339374890683,168.18989479686238,0.0,545.772938350299,0.0,746.3639302380622,246.1475033236451,0.0,761.0927821962571,0.0,1034.6574615973323,877.2551851029376,460.2571143268155,1294.2532558790597,238.7268892270007,1515.7834809788746,525.1688066598201,29.779032385248513,1020.5585809343918,0.0,1283.7343985177579,87.31974205529052,0.0,286.60818646402544,0.0,392.4801725561658,1932.3079313614123,1152.4341658689186,2712.181696853906,738.1262279510313,3126.489634771793,429.05705751132325,0.0,1281.5711946074298,0.0,1734.4693299397363,518.8143111698083,293.3778472082025,744.2507751314141,173.61472572859947,864.0138966110171,460.56245491769073,266.31318352866197,654.8117263067195,163.11825810324046,758.006651732141,63.9684376861796,0.0,189.91579572306523,0.0,256.82532968016073,47.81203039551084,0.0,185.2025665780866,0.0,258.19128892507996
2033-08-01,273.43258753580193,168.24704100307775,378.6181340685261,112.36721940756806,434.49795566403577,104.46785759055925,0.0,369.47612441708543,0.0,510.26176616867747,129.63370516119912,0.0,451.00927323197584,0.0,621.7400437695759,169.11780025895493,0.0,388.9792248672303,0.0,505.78060669037654,442.82014772569823,105.90918516060441,779.731110290792,0.0,958.7150591534981,86.6000805593157,0.0,197.029885667408,0.0,255.69571963108206,345.82399416776354,196.4764998255943,495.17148850993283,117.13564345631687,574.5123448792102,142.40350312648422,38.363549031725626,246.44345722124282,0.0,301.7146828340833,32.83510153483022,0.0,108.79251571796598,0.0,149.14489200275685,25.393897856156535,0.0,90.79621961989514,0.0,125.54120305688127,166.50800088787756,0.0,546.2548618324108,0.0,747.995381709194,242.64004396177484,0.0,760.5363228035632,0.0,1035.668720938263,877.4559139253058,458.06814982739803,1296.8436780232137,235.26840015038454,1519.6434277002272,522.3496240466627,24.12091664930358,1020.5783314440218,0.0,1285.262332248869,86.17338114606191,0.0,286.6038890272398,0.0,393.0825963391155,1932.9905335233789,1148.647540809367,2717.3335262373907,731.965325930048,3134.0157411167097,421.2402677180231,0.0,1278.6399126447884,0.0,1734.1334740121324,514.8086991068418,288.08032506178324,741.5370731519004,167.63087635034594,861.9865218633377,456.79708141746994,261.4346245747624,652.1595382601774,157.64831937707402,755.9458434578659,63.169027208582904,0.0,189.8381525184852,0.0,257.1311253393708,46.852973917302,0.0,185.0308548618834,0.0,258.43785411369225
2033-09-01,271.2306819972382,165.4491785903699,377.0121854041065,109.25275490547114,433.2086090890053,103.876047444092,0.0,370.38578955430796,0.0,511.96909005036025,128.41529374196733,0.0,451.6117011322808,0.0,623.3097925583847,167.17943430932,0.0,388.28654267999,0.0,505.74969400190844,440.67442870472667,101.85460688345438,779.494250525999,0.0,959.4922808685499,86.250226852747,0.0,197.30570158593451,0.0,256.30392253794037,343.0518110924043,192.8581485377447,493.24547364706393,113.06776530558179,573.0358568792268,143.04975792395425,38.420337615706686,247.67917823220182,0.0,303.2635577709583,32.338797443165944,0.0,108.72656869166684,0.0,149.30757216743294,24.895947067200062,0.0,90.66882319439353,0.0,125.61066363696506,165.46499516003485,0.0,547.3634136110372,0.0,750.2469484131323,240.06334922319851,0.0,760.8939080838999,0.0,1037.5851424786474,877.5860880049573,455.8221702511067,1299.350005758808,231.7600889443736,1523.412087065541,519.6441375229131,18.59258199805936,1020.6956930477668,0.0,1286.8793319203453,85.13816976041414,0.0,286.7042703432264,0.0,393.78626127784537,1933.5135214561146,1144.7266235326617,2722.3004193795678,725.6835840108274,3141.343458901402,414.00240569488966,0.0,1276.2598778529264,0.0,1734.3341599368832,510.8334686764999,282.82050432859364,738.8464330244061,161.68861701876853,859.9783203342313,453.06234150841055,256.59300636404515,649.531676652776,152.21867206860105,753.90601094822,62.511628428647604,0.0,189.89843157983748,0.0,257.57267075390706,46.023635989571375,0.0,184.9844007116114,0.0,258.8073069701952
2033-10-01,269.0463769799908,162.6722554717654,375.42049848821614,106.16100342052067,431.9317505394609,103.73592587516625,0.0,371.7387314442654,0.0,514.1152219028494,127.80536205572331,0.0,452.81240774426925,0.0,625.4724007663092,165.67859478260092,0.0,388.0244081304085,0.0,506.14562147143135,438.85969555960617,98.14170862398902,779.5776824952234,0.0,960.5841130547699,85.94105241218683,0.0,197.61869153576453,0.0,256.94743732016514,340.3016668373139,189.2665766202334,491.3367570543944,109.02918494240939,571.5741487322184,143.79921883797874,38.583634725926345,249.01480295003114,0.0,304.910582009559,31.9286533043675,0.0,108.74437059736796,0.0,149.55272040927446,24.60965846697209,0.0,90.751012973806,0.0,125.8886075555615,165.108811901532,0.0,549.1467340310104,0.0,753.1668801622958,238.48069077022672,0.0,762.2290907182646,0.0,1040.4704281906597,877.6469267062122,453.5201673958481,1301.7736860165762,228.20282651221726,1527.091026900207,517.1624577279008,13.303868724093206,1021.0210467317083,0.0,1288.6959221399811,84.2577024596676,0.0,286.9530337300595,0.0,394.6349284674551,1933.8796362966875,1140.6737295789958,2727.0855430143793,719.283091635222,3148.4761809581532,407.9857513299228,0.0,1275.0738353584093,0.0,1735.7143799985429,506.8883952850478,277.5980373885084,736.1787531815872,155.78753475597182,857.9892558141238,449.3579877384991,251.78797543774738,646.9280000392508,146.82890640297302,751.8870690740252,62.01070221937996,0.0,190.11116251279293,0.0,258.16453204366854,45.400007987404,0.0,185.1392704798525,0.0,259.3757536789658
2033-11-01,266.87953319937515,159.91607686836414,373.84298953038615,103.09174069251452,430.6673257062358,103.9975001118825,0.0,373.48509712919036,0.0,516.6503830446351,127.7295997143151,0.0,454.5372522324096,0.0,628.1538176326474,164.69329616243462,0.0,388.27095169750135,0.0,507.04658120050556,437.4259823984123,94.82034674143716,780.0316180553875,0.0,962.0408619981555,85.68363581141185,0.0,197.97999235167742,0.0,257.6374317636935,337.5733881187847,185.7015319959983,489.4452442415711,105.01960843076802,570.1271678068014,144.65820082431128,38.85970042831879,250.45670122030378,0.0,306.66215455567476,31.617916912667955,0.0,108.85920930322185,0.0,149.8936458857036,24.54529793874594,0.0,91.05308934662699,0.0,126.38535353206382,165.369581969034,0.0,551.5351542973781,0.0,756.685614596811,237.79416003533407,0.0,764.4442353729428,0.0,1044.2270878960474,877.6396333159262,451.1631232861872,1304.116143345665,224.5974773328885,1530.6817892989638,514.978222633215,8.32815194147986,1021.62829332495,0.0,1290.7861433799344,83.54175386760629,0.0,287.36005955546,0.0,395.63853445213226,1934.0915831070001,1136.4911502034272,2731.692016010573,712.765920223404,3155.4172459905963,403.6771713170397,0.0,1275.5691042055234,0.0,1738.7616935525302,502.9732558819645,272.4125815727347,733.5339301911943,149.9272233459564,856.0192884179726,445.6837745915498,247.01918320956904,644.3483659735306,141.47861903789175,749.888930145208,61.657052749670896,0.0,190.46721631485133,0.0,258.89761570885344,45.032595861042765,0.0,185.54604301729432,0.0,260.19381181905294
2033-12-01,264.7300124393345,157.18045059036405,372.2795742883049,100.04474585809854,429.41527902057044,104.54590096221446,0.0,375.51015340046035,0.0,519.4599125082785,128.03801591843416,0.0,456.6364087044895,0.0,631.2043048720814,164.2283999757185,0.0,389.03114772541977,0.0,508.45760746744855,436.35470856628876,91.87176770218639,780.8376494303911,0.0,963.8442117644455,85.48050666123534,0.0,198.3921903092124,0.0,258.3765222472002,334.8668029746242,182.1627660683295,487.5708398809189,101.03874646186046,568.6948594873879,145.61670030538914,39.23847775941279,251.99492285136552,0.0,308.50835357891543,31.40495920199139,0.0,109.06949471909795,0.0,150.3287792125608,24.67084883467617,0.0,91.5430692248334,0.0,127.06893630710442,166.06724602868732,0.0,554.348809935381,0.0,760.6233907608121,237.76726411482127,0.0,767.3031148917901,0.0,1048.6190356170546,877.5653952506201,448.7520101386572,1306.378780362583,220.944899297927,1534.185891203313,513.1172583107727,3.6910020665814045,1022.5435145549641,0.0,1293.1762131846908,82.95949724934479,0.0,287.89462393123125,0.0,396.76640998098344,1934.1520313395108,1132.181152389347,2736.1229102896746,706.1341229470725,3162.169939731949,401.28770683073117,0.0,1277.957165525307,0.0,1743.6878154568003,499.0878289580264,267.26379903116504,730.9118588848878,144.10728313251997,854.0683747835328,442.0394584785958,242.28628584441807,641.7926311127735,136.1674128825112,747.9115040746804,61.42028648126249,0.0,190.93626444534536,0.0,259.7416277387644,44.93065734270743,0.0,186.21404695922232,0.0,261.27084769299586
2034-01-01,262.59767754715284,154.46518697408354,370.7301681202222,97.0198013571405,428.17555373716516,105.22342923492839,0.0,377.6563333648664,0.0,522.3863136838959,128.53636383036164,0.0,458.9157907606258,0.0,634.4298613173286,164.21070697821912,0.0,390.23190672964665,0.0,510.3056690975925,435.5661694875662,89.21609873711674,781.9162402380157,0.0,965.9147153241919,85.32498306136713,0.0,198.84865863709564,0.0,259.15811128670134,332.18174075734794,178.6500336321495,485.71344788254635,97.08631422188785,567.277167292808,146.65127753930582,39.69647503824129,253.60608004037036,0.0,310.4258188690609,31.273271822043686,0.0,109.35875641433378,0.0,150.84167010398792,24.916280092995947,0.0,92.15095419695291,0.0,127.86937481468004,166.9464556521891,0.0,557.3325420948006,0.0,764.725150517438,238.07973672165323,0.0,770.4857215331197,0.0,1053.3264009642112,877.4253842587635,446.28779033402213,1308.562978183505,217.24594356150328,1537.6048249560238,511.55692442860607,0.0,1023.7443188166413,0.0,1295.843872085285,82.44446447975105,0.0,288.49035879161147,0.0,397.95224014478725,3809.091499798593,3002.7738633796503,4615.409136217535,2574.417619032087,5043.765380565099,400.69847061760424,0.0,1282.1195600973517,0.0,1750.3745138834674,495.2318945422952,262.15135660501073,728.3124324795797,138.32732082582834,852.1364682587621,438.42479772847435,237.58894414184547,639.2606513151032,130.89489692394886,745.9546985329998,61.25619520700592,0.0,191.47416193317272,0.0,260.65245675644877,45.05659458041848,0.0,187.1057534351305,0.0,262.56936907669626
2034-02-01,260.4823924278283,151.77009882142733,369.1946860342293,94.01669284302682,426.9480920126298,105.86177669413024,0.0,379.7554575374943,0.0,525.2614754855314,129.02679615774912,0.0,461.1777072448043,0.0,637.6328787598025,164.50202129561958,0.0,391.7351396528115,0.0,512.4527337800697,434.9412456611446,86.7340566611154,783.1484346611737,0.0,968.1335038174393,85.20296034044414,0.0,199.33534631491528,0.0,259.96817636385305,329.5180321270005,175.16309278887502,483.87297146512594,93.16203126549587,565.8740329885051,147.73103580317715,40.2027449953987,255.2593266109556,0.0,312.3837311025879,31.195078208305286,0.0,109.69925472737748,0.0,151.40459850313457,25.187432074748852,0.0,92.78261639893606,0.0,128.69255807116048,167.72998859217833,0.0,560.2093130235788,0.0,768.7139541277602,238.40033415705784,0.0,773.6610632116436,0.0,1058.0183255218922,877.220756618593,443.77141639617463,1310.6700968410114,213.50145440301492,1540.940058834171,510.23624936787814,0.0,1025.1699765493836,0.0,1298.7285191145584,81.9100725748626,0.0,289.06077852931463,0.0,399.1095910676172,3792.4660547626186,2981.824968389394,4603.1071411358425,2551.171891253619,5033.760218271618,401.48668259679823,0.0,1287.633924397781,0.0,1758.3996466045528,491.40523419815867,257.07492570449085,725.7355426918265,132.58694931722988,850.2235190790875,434.83955257772567,232.92682342396466,636.7522817314866,125.66068606102914,744.0184190944221,61.11713078519093,0.0,192.0333221772466,0.0,261.5825488542761,45.332126480004845,0.0,188.14294848285755,0.0,264.01119767187305
2034-03-01,258.3840220381559,149.09500134168456,367.6730427346272,91.03520909668418,425.73283497962757,106.31634075967857,0.0,381.66304867386634,0.0,527.9409872532786,129.34762734754992,0.0,463.26062459855825,0.0,640.6519043881565,164.9269924507307,0.0,393.36560000118925,0.0,514.7236102623704,434.3516301933399,84.2971752384534,784.4060851482263,0.0,970.3725143430097,85.09670422459357,0.0,199.8345712965766,0.0,260.78906317856763,326.87550904366014,171.70170486468453,482.04931322263576,89.26562139460376,564.4853966927166,148.8251362941976,40.72639962238161,256.92387296601356,0.0,314.3513268229158,31.13762709174317,0.0,110.05827431325619,0.0,151.98486814968498,25.386035521311296,0.0,93.33981750418832,0.0,129.44026418259173,168.1771567963437,0.0,562.738614270688,0.0,772.3493885539333,238.45901818745875,0.0,776.5593466328387,0.0,1062.425146119447,876.9526533317992,441.2038309773558,1312.7014756862427,209.7122691015577,1544.1930375620407,509.07422361446197,0.0,1026.739713876339,0.0,1301.749505577961,81.2716576733996,0.0,289.52131407667275,0.0,400.15394404091154,3775.8401920306796,2960.8985922626393,4590.7817917987195,2527.960867385868,5023.719516675492,403.0246188857804,0.0,1293.8729400512375,0.0,1767.1361106703866,487.60763101855383,252.03418219135452,723.1810798457532,126.88578750190487,848.3294745352027,431.2834851599058,228.29959342765466,634.267376892157,120.46440094489623,742.1025693749154,60.96270221772278,0.0,192.57341408763713,0.0,262.4916047685291,45.65473901422175,0.0,189.2231834263896,0.0,265.49391952035376
2034-04-01,256.3024323805661,146.43971209555247,366.1651526655797,88.075141944139,424.52972281699317,106.49411491334416,0.0,383.2862223016069,0.0,530.3320293516215,129.40252341283747,0.0,465.0683568399871,0.0,643.3908308481604,165.30878851996977,0.0,394.9465571053035,0.0,516.9416216662621,433.69078931217507,81.7987655375187,785.5828130868315,0.0,972.5254507171176,84.98966439757038,0.0,200.3298341227379,0.0,261.60429928923315,324.25400475967945,168.26563433202944,480.24237518732946,85.39681254234037,563.1111969770185,149.90992620129816,41.243738193974266,258.5761142086221,0.0,316.3050265875129,31.07054780314016,0.0,110.40547948387825,0.0,152.55216193927038,25.430804031375335,0.0,93.74130123152696,0.0,130.0312528691075,168.13254804737062,0.0,564.7652085059228,0.0,775.4763093745286,238.10050158255612,0.0,779.025523076298,0.0,1066.3919407448482,876.6222003133851,438.58596684939545,1314.6584337773747,205.87921782165097,1547.3651828051193,507.99160165475973,0.0,1028.374514736177,0.0,1304.8279373106798,80.46918423935247,0.0,289.81202220314526,0.0,401.02540487141016,3759.2151905532246,2939.9956527316317,4578.4347283748175,2504.7852732639103,5013.645107842539,404.62539437018756,0.0,1300.1501168067812,0.0,1775.8976256012215,483.8388696204869,247.02880626602408,720.6489329749497,121.22346010896575,846.454279132008,427.75635949440596,223.70692820085773,631.8057907879542,115.30566782616023,740.2070511626516,60.76810039958099,0.0,193.06968689501906,0.0,263.3549047207205,45.920215319987925,0.0,190.2423050385372,0.0,266.9134152015165
2034-05-01,254.23749049675735,143.80405094128326,364.6709300522314,85.13628617743765,423.338694816077,106.36842997537033,0.0,384.5984281166386,0.0,532.4081146291874,129.17239142884074,0.0,466.58195520487544,0.0,645.8307859608938,165.50376277785978,0.0,396.33446286368064,0.0,518.963272284273,432.89785610536455,79.17780951670437,786.6179026940247,0.0,974.5316774442505,84.8710530157509,0.0,200.81039648565698,0.0,262.40317270404455,321.6533538117011,164.85464873422782,478.4520588891744,81.55533666182018,561.751370961582,150.9739050529297,41.74321356906371,260.2045965367957,0.0,318.23340138759943,30.97239282047561,0.0,110.71945678970427,0.0,153.085084523357,25.27431306279327,0.0,93.93967237655104,0.0,130.41814451198485,167.55315872999407,0.0,566.2462624583874,0.0,778.0519738140963,237.306405983634,0.0,781.0414464978392,0.0,1069.9006867710104,1077.6953678795792,637.3836062022951,1518.0071295568632,403.4679828112379,1751.9227529479203,506.9307796846459,0.0,1030.016998816955,0.0,1307.906552730994,79.48459535914915,0.0,289.9149359029697,0.0,401.70605431687443,3742.5923067989934,2919.1170544296488,4566.067559168338,2481.6458266084346,5003.538786989552,405.69779212814007,0.0,1305.8746223492708,0.0,1784.0935634042462,480.09873613894683,242.0584823591538,718.1389899187399,115.59959753863876,844.5978747392548,424.25794147485306,219.14850600278444,629.3673769469217,110.18411840824797,738.3317645414581,60.52803611691977,0.0,193.51690820595644,0.0,264.16724650325716,46.0454896824057,0.0,191.11730958733503,0.0,268.18671391182875
2034-06-01,252.18906446115642,141.18783998285636,363.1902889394565,82.21843947875948,422.15968944355336,105.97733517765703,0.0,385.6378311704674,0.0,534.2074696666479,128.70787301172413,0.0,467.8522017638428,0.0,648.0226264134059,165.42671389590745,0.0,397.44421203639047,0.0,520.703507923522,431.9686812369804,76.43001059601534,787.5073518779454,0.0,976.3872706559581,84.7389962132403,0.0,201.27443278184484,0.0,263.183883458916,319.0733920124908,161.46851861299487,476.6782654119867,77.74092961951268,560.4058544054689,152.01936255654573,42.227069985327574,261.81165512776386,0.0,320.1388105562235,30.834735006809826,0.0,110.99181229033556,0.0,153.57525959720863,24.9115380627083,0.0,93.92993496993155,0.0,130.5959583268939,166.50776595039358,0.0,567.250719199393,0.0,780.145413112924,236.18177468193247,0.0,782.7123865308604,0.0,1073.0567740756035,1382.4052282865755,939.829638002398,1824.980818570753,704.7113556639289,2060.099100909222,505.86895216682683,0.0,1031.644578327993,0.0,1310.9628797261125,78.34917446005392,0.0,289.86142619985685,0.0,402.2273099366272,3725.972775069935,2898.263688868214,4553.681861271655,2458.54323682355,4993.402313316319,405.8707653980473,0.0,1310.6757846363287,0.0,1791.3534511066657,476.38701822029935,237.12289902740434,715.6511374131944,110.0138357061789,842.7602007344199,420.78799885716256,214.6240092078523,626.9519885064728,105.09938970665627,736.4766080076688,60.25546996513387,0.0,193.9280939755064,0.0,264.94167548101683,45.986046325819416,0.0,191.8037416865935,0.0,269.26939234700467
2034-07-01,250.15702337423556,138.59090352008195,361.7231432283892,79.32140234756287,420.99264440090826,105.40668631356078,0.0,386.4904001288568,0.0,535.8161230932328,128.1054067624157,0.0,468.9756719982033,0.0,650.0630004047155,165.0609496092266,0.0,398.2592060019962,0.0,522.145779710655,430.951753303079,73.60371387428165,788.2997927318763,0.0,978.1409386784248,84.6014439087619,0.0,201.72993996432325,0.0,263.9544534938402,316.51395644261606,158.10701743876493,474.92089544646717,73.95333109296902,559.0745817922631,153.06042018488222,42.70938460277084,263.4114557669936,0.0,322.03544341999026,30.6628527418154,0.0,111.2278567172512,0.0,154.02801507920145,24.37814251648406,0.0,93.74778035321019,0.0,130.60040045397093,165.1496719667206,0.0,567.9320427289972,0.0,781.9101771964565,234.91108940146765,0.0,784.223045481929,0.0,1076.0450221496742,1656.394030344788,1211.566132434346,2101.22192825523,975.2513116694238,2337.5367490201525,504.8216105725079,0.0,1033.272956946229,0.0,1314.0127347072685,77.13890724315657,0.0,289.7275641623235,0.0,402.6652881506309,3709.357807809831,2877.4364344234878,4541.279181196173,2435.4782048119932,4983.237410807668,405.0570089330406,0.0,1314.4666636050213,0.0,1797.590542649511,472.70350501523615,232.2217488532448,713.1852611772275,104.46581589218692,840.9411941382854,417.3463012472998,210.13312421318568,624.5594782814139,100.0511239138126,734.641478580787,59.975693871532066,0.0,194.32859008193273,0.0,265.70356619370807,45.74357795467118,0.0,192.30335289352257,0.0,270.1632333297874
2034-08-01,248.14123735571374,136.0130680005478,360.2694067108797,76.44497803061591,419.83749668081157,104.76291035294659,0.0,387.26267199081724,0.0,537.3406703609361,127.4739718697833,0.0,470.0614785291875,0.0,652.0610914419959,164.4514183572526,0.0,398.82448448449935,0.0,523.3351758645991,429.9307064708529,70.78241363617161,789.0789993055341,0.0,979.8765298739586,84.47461030861851,0.0,202.19317808889716,0.0,264.73116722217014,313.974885442002,154.76992154367218,473.1798493403318,70.19228447268449,557.7574864113195,154.11815545072125,43.21119173768446,265.02511916375806,0.0,323.94444363630885,30.472942550273146,0.0,111.44381813209489,0.0,154.45959578493768,23.739280668456445,0.0,93.45838992520245,0.0,130.49666671784877,163.6707854707908,0.0,568.4822994066351,0.0,783.5384161850525,233.69675681527798,0.0,785.7760450501492,0.0,1079.0681669249245,1822.897556606424,1375.8286979241655,2269.9664152886826,1138.3233667492157,2507.4717464636324,503.83601931147683,0.0,1034.9496059417108,0.0,1317.1036988390224,75.95895637605548,0.0,289.6185956749852,0.0,403.1252790525416,3692.7485959070373,2856.636156331384,4528.861035482691,2412.4514228068183,4973.045769007256,403.4416185780795,0.0,1317.4327110852414,0.0,1802.9904789796713,469.04798717134474,227.35472834859837,710.7412459940911,98.95518459901439,839.1407897436751,413.93262008880305,205.67554134951666,622.1896988280894,95.03896826927081,732.8262719083352,59.717524257558665,0.0,194.74726553860745,0.0,266.4818155941646,45.36221124594887,0.0,192.6603272553739,0.0,270.91245138538096
2034-09-01,246.14157753766227,133.4541619733226,358.82899310200196,73.58897245476717,418.6941826205574,104.14292172979911,0.0,388.051668475489,0.0,538.8781901841368,126.90178529969283,0.0,471.1979684273865,0.0,654.1053157139737,163.68357727881755,0.0,399.2255936307747,0.0,524.357289817752,428.99858630179267,68.05901904914776,789.9381535544376,0.0,981.6872986574052,84.37935654476215,0.0,202.68505299359109,0.0,265.53495423203145,311.4560186013876,151.45701005706198,471.4550271457132,66.457536767889,556.4545004348862,155.2142309714643,43.754111888245546,266.67435005468303,0.0,325.887538317643,30.286702291721138,0.0,111.66142514477744,0.0,154.89174666046358,23.072096763854404,0.0,93.13893440841794,0.0,130.36194190709233,162.24959117386243,0.0,569.0801276791506,0.0,785.208850197585,232.6972233983335,0.0,787.530041374074,0.0,1082.284975923686,1813.982944640962,1364.684302257645,2263.281587024279,1125.9943984915078,2501.9714907904163,502.97689621502775,0.0,1036.7394448471543,0.0,1320.3007988079717,74.92115866604274,0.0,289.6464386868224,0.0,403.7192436978616,3676.146308991701,2835.863706690974,4516.428911292428,2389.463574218713,4962.829043764689,401.4017890124594,0.0,1319.951468863397,0.0,1807.9309862842074,465.42025682535416,222.52153786215618,708.3189757885522,93.4815934129573,837.358920237751,410.5467286501127,201.25095479533195,619.8425025048934,90.0625749349797,731.0308823652457,59.50407288191879,0.0,195.2072833845861,0.0,267.29961396412807,44.914594384051455,0.0,192.9473688960672,0.0,271.58978035557556
2034-10-01,244.15791605753574,130.91401604433597,357.40181607073555,70.75319416232358,417.5626379527479,103.60914398673275,0.0,388.9199177615112,0.0,540.4912663293622,126.43187270592793,0.0,472.4282942387083,0.0,656.2388931779979,162.85425148345723,0.0,399.55944536057626,0.0,525.3090796077956,428.2310452278067,65.50904951898946,790.9530409366239,0.0,983.6491011569332,84.33644892967351,0.0,203.22637459305702,0.0,266.38664760172946,308.9571967537044,148.16806484341058,469.74632866399827,62.748838516066996,555.1655549913419,156.3647977695943,44.35425499773841,268.3753405414502,0.0,327.8809413889986,30.12479010426687,0.0,111.90136588447788,0.0,155.34517176771496,22.446631274129786,0.0,92.85948009780094,0.0,130.26630603537623,161.0067377091384,0.0,569.8463261192273,0.0,787.042357462087,231.98141313656953,0.0,789.5541629261197,0.0,1085.7646862518184,1805.0848891454807,1353.567474540544,2256.6023037504174,1113.6988480316713,2496.47093025929,502.30845601734745,0.0,1038.7068851176718,0.0,1323.6685505772189,74.1201927410326,0.0,289.9058509638527,0.0,404.5419818947259,3659.55209572776,2815.1199244757327,4503.984266979787,2366.515333498093,4952.5888579574275,399.3814054097523,0.0,1322.4671606492554,0.0,1812.8564681202415,461.8201075951083,217.72188149019325,705.9183337000234,88.04469887195717,835.5955163182595,407.18840201174476,196.8590624941165,617.517741529373,85.12160087537649,729.255203148113,59.34559651639737,0.0,195.71895040576794,0.0,268.16729465949606,44.4817302332479,0.0,193.24553523810974,0.0,272.27630664694254
2034-11-01,242.19012605114466,128.39246283335711,355.9877892689322,67.9374542489075,416.4427978533818,103.17595971817042,0.0,389.88190452088526,0.0,542.1944376973274,126.05271994504548,0.0,473.74106560920563,0.0,658.4504992432908,162.04258145575784,0.0,399.9052648461194,0.0,526.269815397249,427.66568885897686,63.16998088226018,792.1613968356935,0.0,985.7997416983243,84.36189606891463,0.0,203.83319402891527,0.0,267.3023210701656,306.47826196539626,144.90287044253918,468.0536534882533,59.06594369602138,553.8905802347712,157.57631032496812,45.01803547124533,270.13458517869094,0.0,329.9311686947311,30.000915022199365,0.0,112.17737864324758,0.0,155.83362494192943,21.91010008966208,0.0,92.66726807581531,0.0,130.25701356845923,159.97950538172637,0.0,570.8183213052966,0.0,789.0764422646932,231.5112848789621,0.0,791.8105680418621,0.0,1089.4695622221527,1796.203782076026,1342.4784451864482,2249.9291189656037,1101.4368599638601,2490.970704188192,501.8777522926566,0.0,1040.8991722384023,0.0,1327.2543015845795,73.61430446834582,0.0,290.4551555765012,0.0,405.6518577277088,3642.967084100022,2794.4056355522193,4491.528532647824,2343.6073660111992,4942.326802188845,397.7555678053627,0.0,1325.3552167368985,0.0,1818.1425302317768,458.2473345713083,212.9554669907262,703.5392021518903,82.644162338542,833.8505068040745,403.8574170533441,192.4995660745551,615.215268032133,80.2157077420735,727.4991263646147,59.236295741755235,0.0,196.2765159741373,0.0,269.07913297259023,44.13195287210132,0.0,193.6232135843042,0.0,273.040445837662
2034-12-01,240.23808164558403,125.88933693249851,354.58682635866955,65.14156630367182,415.33459698749624,102.8106506187956,0.0,390.9050100541582,0.0,543.9551385041946,125.7059134938091,0.0,475.07798980768905,0.0,660.6819053494378,161.28880623407292,0.0,400.30337376275355,0.0,527.2798627623652,427.2929225197633,61.03209183224823,793.5537532072783,0.0,988.1298195100208,84.46351924671967,0.0,204.5133740914868,0.0,268.2898594777693,304.0190575276962,141.6612140120125,466.3769010433799,55.40860964430556,552.6295054110868,158.84432519688232,45.74097076366202,271.94767963010264,0.0,332.0338366727509,29.918096643521174,0.0,112.49251156840168,0.0,156.36016949724444,21.478454975688273,0.0,92.5782746897793,0.0,130.3500539128902,159.12103239356318,0.0,571.9493941707448,0.0,791.2644613648724,231.15637203511602,0.0,794.1689847871207,0.0,1093.2694353116233,1713.31897258664,1257.396405718542,2169.2415394547384,1015.1875420698648,2411.4504031034153,501.7036996088267,0.0,1043.3354080411896,0.0,1331.0772531458824,73.41518095227474,0.0,291.3061149627624,0.0,407.060673655834,3626.3923816965603,2773.7216527057753,4479.063110687345,2320.7403279294213,4932.044435463699,396.7217218359064,0.0,1328.8134050247077,0.0,1823.9871117187583,454.7017343090621,208.22200570085909,701.1814629172651,77.27964987775124,832.1238187403729,400.5535524406444,188.17217077355437,612.9349341077344,75.3445617629128,725.762543118376,59.15581805813805,0.0,196.8596751996286,0.0,270.0148493060455,43.90450685139706,0.0,194.11970042089945,0.0,273.9215220046976
2035-01-01,238.30165795213156,123.40447486617505,353.19884103808806,62.36534635176065,414.2379695525025,102.44789989785454,0.0,391.92401478771285,0.0,545.7082008229501,125.30797600994764,0.0,476.3557073871247,0.0,662.84981468125,160.58623323375147,0.0,400.7471601810405,0.0,528.3326526217878,427.0603934372375,59.0429060016956,795.0778808727794,0.0,990.587171072911,84.63956219389664,0.0,205.26519902227594,0.0,269.34756858735244,301.5794279478751,138.44288527161902,464.71597062413116,51.776596974857966,551.3822589208922,160.1555155566289,46.509695879673316,273.8013352335845,0.0,334.17567693696714,29.86801105672911,0.0,112.83846861308587,0.0,156.9165241899004,21.1370713545449,0.0,92.57789935458834,0.0,130.53083922961142,158.32337236322394,0.0,573.1317376426405,0.0,793.4986816973304,230.7353752098814,0.0,796.4483037547557,0.0,1096.98329704422,1410.2483825542336,952.1391241631484,1868.3576409453187,708.7685806428844,2111.7281844655827,501.77445347673927,0.0,1046.0039308099617,0.0,1335.1258406432362,73.48910185410793,0.0,292.42508231098986,0.0,408.73482192870836,1922.3039799306068,1065.5436796167978,2779.064280244416,610.389770075087,3234.2181897861265,396.2459189340094,0.0,1332.8080914786606,0.0,1830.3567456430064,451.18310481927347,203.52121245717225,698.8449971813747,71.95083213980598,830.415377498741,397.2765886123633,183.87658536195943,610.6765918627672,70.50783363518241,724.0453435895442,59.074928214018676,0.0,197.4392392987356,0.0,270.9452795624914,43.80181136560563,0.0,194.737465632324,0.0,274.9220319615181
2035-02-01,236.38073105912562,120.93771505245148,351.82374706579975,59.60861279890585,413.15284931934536,102.0132890445708,0.0,392.8645951186213,0.0,547.3793514704605,124.7797639527745,0.0,477.4951899015891,0.0,664.8752599368968,159.8879857066616,0.0,401.1898260921837,0.0,529.3814287969923,426.88938431131896,57.12358543204198,796.655183190596,0.0,993.0932638452118,84.87959648740556,0.0,206.07827994665135,0.0,270.46508053437566,299.15921894047364,135.24767644983444,463.0707614311128,48.16966950168239,550.1487683792649,161.49225053661078,47.30654269168147,275.67795838154007,0.0,336.3391156741588,29.833491355877204,0.0,113.19811007410841,0.0,157.48556376816876,20.849911764090788,0.0,92.6301280307428,0.0,130.76336792240164,157.4570675189872,0.0,574.236029948633,0.0,795.6498537393824,230.07259407722188,0.0,798.4730100937809,0.0,1100.4357311025778,1035.8685379977144,575.5829763431426,1496.1540996522863,331.0562717141513,1740.6808042812775,502.053453279789,0.0,1048.8683583595837,0.0,1339.3637766832246,73.76853999697747,0.0,293.7446022248247,0.0,410.60688528336846,1920.5048264043867,1059.67438298946,2781.3352698193135,602.3582099252799,3238.6514428834935,396.0771596838003,0.0,1337.0885837448377,0.0,1837.000902777264,447.6912455599,198.85280551901604,696.529685600784,66.65738424729648,828.7251068725035,394.0263077670521,179.61252207284213,608.4400934612621,65.7051984227931,722.3474171113112,58.96368757446585,0.0,197.98531500075006,0.0,271.84055457096355,43.792070264934196,0.0,195.4447625546578,0.0,276.01025533357347
2035-03-01,234.47517802483338,118.48889776571554,350.46145828395123,56.87118637805918,412.0791696716076,101.44889363275387,0.0,393.6689192953281,0.0,548.9108079285706,124.07482964505053,0.0,478.4501020603883,0.0,666.7119655310364,159.12602908909304,0.0,401.56341381904525,0.0,530.3582744568323,426.6982972855228,55.19241444745717,798.2041801235885,0.0,995.5666803813109,85.16737669398938,0.0,206.93641004917728,0.0,271.62620901912084,296.75827741852873,132.07538223217583,461.4411726048817,44.58759416442584,548.9289606726317,162.838398151307,48.115342830905064,277.5614534717089,0.0,338.50807661067245,29.7934038063876,0.0,113.55032877955587,0.0,158.0461951715515,20.574253662340254,0.0,92.69226104775595,0.0,131.00495247125804,156.41564446844865,0.0,575.1559304955784,0.0,797.6117074474912,229.0531288986685,0.0,800.1283851764874,0.0,1103.5121150740788,869.1795885753431,406.7279652549149,1331.6312118957712,161.05054036593754,1577.3086367847486,502.49204301681993,0.0,1051.8802089218175,0.0,1343.7426720588476,74.17072065079697,0.0,295.18197006566993,0.0,412.5941963173212,1918.590231728206,1053.7087991456401,2783.4716643107718,594.2405380861521,3242.9399253702595,395.824080264567,0.0,1341.263817839208,0.0,1843.528678425736,444.225957427103,194.2165064945749,694.2354083596312,61.398985686669334,827.0529291675367,390.8024938499218,175.3796965322451,606.2252911675985,60.93633545722935,720.6686522426143,58.79983083742556,0.0,198.47568130040594,0.0,272.67847685886426,43.821087492532655,0.0,196.18744345250454,0.0,277.1320700562396
2035-04-01,232.58487687031663,116.05786510061563,349.11188864001764,54.15289009796197,411.0168636426713,100.7336640870226,0.0,394.31602825675617,0.0,550.2816592219272,123.19855343466472,0.0,479.22593397812216,0.0,668.365479891834,158.23665866036416,0.0,401.8042937352191,0.0,531.1995998687358,426.4265241425725,53.18866975779645,799.6643785273485,0.0,997.9469886692607,85.48480504762497,0.0,207.82152928143492,0.0,272.8129140306464,294.3764514848036,128.92579971135794,459.8271032582493,41.030140956714945,547.7227620128923,164.184695060941,48.926797422434475,279.4425926994476,0.0,340.67335081990416,29.72850057366476,0.0,113.87590283829682,0.0,158.5792102913826,20.27664567448735,0.0,92.73086936916518,0.0,131.22217570696276,155.15237230057983,0.0,575.8448380760353,0.0,799.3377105192459,227.66132665635237,0.0,801.3989528739081,0.0,1106.1970668019846,868.1835137069411,403.57592707523986,1332.7911003386423,156.7531466771486,1579.6138807367336,503.044818359838,0.0,1054.9942483400578,0.0,1348.2173830170495,74.61797604287656,0.0,296.65958651842834,0.0,414.6191920835653,1916.5623519022547,1047.648816191018,2785.475887613491,586.0385003444237,3247.086203460086,395.07146945947136,0.0,1344.9188753921455,0.0,1849.5253097938785,440.7870427463125,189.61204026957765,691.9620452230474,56.17532020381225,825.3987652888128,387.6049325396597,171.17782769226997,604.0320373870495,56.200928242094164,719.0089368372253,58.57500886373085,0.0,198.90203232272512,0.0,273.4507635353158,43.82971816377555,0.0,196.90641063627487,0.0,278.2284035122901
2035-05-01,230.70970657230305,113.6444609372067,347.7749522073994,51.45354919356177,409.9658639510443,99.89284273096102,0.0,394.8312527503151,0.0,551.5172830730969,122.21247455932135,0.0,479.8843321240828,0.0,669.8975064553622,157.18495715394195,0.0,401.8776219341037,0.0,531.8706000985645,426.0519976945689,51.09017175996536,801.0138236291725,0.0,1000.2122936569306,85.81590721950994,0.0,208.71770016111702,0.0,274.0092776613458,292.01359042302903,125.79872833916883,458.2284525068892,37.4970828571181,546.5300979889399,165.53216384619105,49.741894332518626,281.32243335986345,0.0,342.83601403900195,29.626617721003797,0.0,114.16269365791177,0.0,159.07248399939414,19.945530210640086,0.0,92.7344172275052,0.0,131.40351345521478,153.69898944778873,0.0,576.3346178304217,0.0,800.8597954086956,225.9916732023547,0.0,802.3793718416778,0.0,1108.585336743818,867.1384338150697,400.3848422919103,1333.8920253382291,152.42199679523185,1581.8548708349076,503.6831690411243,0.0,1058.1820325877702,0.0,1352.7595538469259,75.0544679331813,0.0,298.121680219591,0.0,416.62613674674606,1914.4233140246295,1041.4962995163523,2787.3503285329066,577.75382305883,3251.0928049904287,393.50369440405433,0.0,1347.7384096229332,0.0,1854.6756020829625,437.37430526322555,185.03913493853346,689.7094755879176,50.98607570354079,823.7625348229103,384.43341123525306,167.00663776640621,601.8601847040999,51.49866436108135,717.3681581094247,58.29717524813757,0.0,199.2723639274417,0.0,274.165432913322,43.77196681693174,0.0,197.5557147492779,0.0,279.2533308383368
2035-06-01,228.84954705606953,111.24853090725026,346.4505632048888,48.77299107819002,408.92610303394906,98.99376288719716,0.0,395.2820124989547,0.0,552.6851451052008,121.22235319612398,0.0,480.53116145305773,0.0,671.4139658395538,155.9811211063246,0.0,401.793666633349,0.0,532.3815814445808,425.59752983622775,48.919622506009375,802.2754371664462,0.0,1002.3855754356246,86.1497616408482,0.0,209.61403712272215,0.0,275.2044334724677,289.6695446891633,122.69396987998542,456.64511949834116,33.988195762609706,545.3508936157168,166.8926047492086,50.57239988328969,283.2128096151275,0.0,345.0079184501469,29.48579748196854,0.0,114.40876823626763,0.0,159.52409644948904,19.596979766576013,0.0,92.71899844159275,0.0,131.56507086269536,152.16121007947055,0.0,576.7311077365388,0.0,802.2838658668563,224.2289105831989,0.0,803.2545529754113,0.0,1110.861925496274,866.0452818579656,397.1555071306819,1334.9350565852494,148.05781430681247,1584.0327494091189,504.40305648333043,0.0,1061.439685524504,0.0,1357.3653947026276,75.45503378675411,0.0,299.5431539803146,0.0,418.58996783314365,1912.1752166356903,1035.253091943614,2789.0973413277666,569.3882132009485,3254.962220070432,391.0007342334982,0.0,1349.6026792037133,0.0,1858.8599624691399,433.98755013475386,180.49752173837894,687.4775785311288,45.83094415280476,822.144156116703,381.28771904283155,162.86585216700007,599.709585918663,46.8292353892146,715.7462026964486,57.9884584644175,0.0,199.60884588610782,0.0,274.8446767038808,43.62869404077339,0.0,198.11626143025183,0.0,280.1877816059122
2035-07-01,227.00427918834148,108.86992236161534,345.1386360150676,46.11104529741709,407.8975130792659,98.12914397115165,0.0,395.7611113591553,0.0,553.8780940340322,120.3529585114132,0.0,481.2912935330746,0.0,673.0397840133322,154.68386891783123,0.0,401.61121628894426,0.0,532.791369579848,425.1241496931749,46.737943769738536,803.5103556166113,0.0,1004.5280275134368,86.48164713716676,0.0,210.50585417864096,0.0,276.39371416942413,287.3441659026759,119.61132836585358,455.07700343949824,30.503258424416742,544.1850733809351,168.2859916078433,51.43825476176744,285.13372845391916,0.0,347.209088653397,29.314502295668763,0.0,114.62261321520799,0.0,159.94254714121323,19.27194612274038,0.0,92.72558563137898,0.0,131.74783162034325,150.6922485823369,0.0,577.1876431819546,0.0,803.7633215630016,222.60251838700657,0.0,804.2541408834054,0.0,1113.2565653346173,864.9049782177083,393.88870834177555,1335.921248093641,143.66131497018637,1586.1486414652302,505.2247137737098,0.0,1064.7875989909,0.0,1362.0553817625323,75.82419357470499,0.0,300.92859163599815,0.0,420.51530310606006,1907.7088215246577,1026.8097053424485,2788.607937706867,558.8320498706503,3256.585593178665,387.6803861078714,0.0,1350.629754492577,0.0,1862.1966064469516,430.6265839199351,175.98693498442753,685.2662328554427,40.709621487439165,820.5435463524311,378.16764676253797,158.7551994447669,597.580094080309,42.192336807201,714.142956717875,57.67908934539055,0.0,199.94174939283215,0.0,275.5187875430355,43.41319738990988,0.0,198.60139226219354,0.0,281.04512078809427
2035-08-01,225.17378477021472,106.50848433873362,343.8390852016958,43.46754348450929,406.88002605592015,97.3924175735169,0.0,396.36206346504923,0.0,555.1896878449257,119.71619749518126,0.0,482.2767354545683,0.0,674.8870212454927,153.38973018090033,0.0,401.42686897465677,0.0,533.1965989588398,424.7132089978641,44.62638234427715,804.800035651451,0.0,1006.7211623111691,86.8121850364922,0.0,211.39380705301943,0.0,277.57779374929953,285.0373068378618,116.55061005306305,453.5240036226606,27.04205238613872,543.0325612895849,169.73544254607955,52.362544686095504,287.1083404060636,0.0,349.4626923941801,29.128890781026172,0.0,114.82041087248726,0.0,160.34403092107596,19.025776717249325,0.0,92.80954660616581,0.0,132.00717435965268,149.45160859808774,0.0,577.8638460900086,0.0,805.4578472575915,221.3275945379467,0.0,805.5933948015534,0.0,1115.9846011915943,863.7184308500524,390.5852232521582,1336.8516384479467,139.23320671577687,1588.2036549843278,506.18421902823724,0.0,1068.2620062887006,0.0,1366.8658307708217,76.18610169129767,0.0,302.30221000999,0.0,422.4263925542953,1891.0323799579012,1006.1741466760219,2775.8906132397806,536.0932102450236,3245.9715496707786,383.87506438643624,0.0,1351.152316907309,0.0,1865.0183573090223,427.29121457082056,171.5071120085187,683.0753171331224,35.62180752229585,818.9606216193453,375.0729868754399,154.67441123026043,595.4715625206193,37.58766791875888,712.5583058321208,57.39901474803453,0.0,200.30106075885345,0.0,276.217772702101,43.167218104279506,0.0,199.0528915239917,0.0,281.8671555282138
2035-09-01,223.35794653010205,104.16406753406015,342.55182552614394,40.842319317412915,405.8735737427912,96.85178179105245,0.0,397.15314761838727,0.0,556.6882482141588,119.38101888420226,0.0,483.5565338252692,0.0,677.024776137711,152.21089371320707,0.0,401.3528804642404,0.0,533.7095609257268,424.4420641364354,42.66219201369694,806.2219362591738,0.0,1009.0424933243787,87.14481152654935,0.0,212.28136556361426,0.0,278.760159895805,282.748821415188,113.51162338014782,451.9860194502281,23.60436192403273,541.8932809063433,171.2610896822536,53.365370090528415,289.1568092739788,0.0,351.7889103070828,28.947924459774725,0.0,115.0211458617308,0.0,160.74754473151995,18.91287289721043,0.0,93.02530263052925,0.0,132.39753092635485,148.56036854583346,0.0,578.8809105270225,0.0,807.4886984545292,220.5477840602187,0.0,807.4161174729629,0.0,1119.1899195984831,862.4865354324378,387.24581981991093,1337.7272510449648,134.77418965075606,1590.1988812141194,507.3191562318053,0.0,1071.9006431321916,0.0,1371.8345580480218,76.56869738863,0.0,303.6920093930214,0.0,424.35126889535434,1874.5017164914796,985.7020016384312,2763.301431344528,513.5271531227493,3235.4762798602096,380.0493822074062,0.0,1351.6352406965839,0.0,1867.7902280189592,423.9812514233489,167.057793099268,680.9047097474298,30.567205864600055,817.3952969820978,372.0035335304859,150.6232221772084,593.3838448837635,33.0149317707797,710.9921352901922,57.16944162185449,0.0,200.70802550919285,0.0,276.9628981993414,42.94856270222391,0.0,199.52860781435314,0.0,282.71175678017175
2035-10-01,221.5566481167096,101.83652427049701,341.27677196292217,38.23520847719658,404.8780877562226,96.53002298066193,0.0,398.15722909943577,0.0,558.3966823500343,119.35308131583227,0.0,485.13644299290786,0.0,679.4588538838542,151.2474172500577,0.0,401.48937397096995,0.0,534.4304134789545,424.3598692223043,40.894426554369545,807.8253118902392,0.0,1011.5413283075795,87.48237277137939,0.0,213.17140876208808,0.0,279.9437091321521,280.4785646926791,110.49417892725032,450.4629504581078,20.189973989366308,540.7671553959918,172.87446672992178,54.45823370399269,291.2906997558509,0.0,354.19932355087565,28.78765510813684,0.0,115.24089258039706,0.0,161.16917498753529,18.97068584911774,0.0,93.4103243687375,0.0,132.9563823322855,148.0651209768379,0.0,580.2855421384653,0.0,809.9026408805798,220.295315504706,0.0,809.7546916856528,0.0,1122.904985281781,861.2101755102249,383.8712566905447,1338.549094329905,130.28495606758975,1592.13539495286,508.65223124320346,0.0,1075.7263637600054,0.0,1376.9844966595563,76.98684151235092,0.0,305.11291032189666,0.0,426.3048843769678,1858.1155569002751,965.39176241567,2750.8393513848805,491.1322465957235,3225.098867204827,376.68059751382356,0.0,1352.5560391496792,0.0,1870.9898675187276,420.69650518821743,162.63872144432548,678.7542889321094,25.545523830382876,815.847486546052,368.95908253151737,146.60136990763667,591.316795155398,28.47383507620009,709.4443299868346,56.996564042491634,0.0,201.16887544342165,0.0,277.76041587516573,42.81380611106759,0.0,200.08515721200928,0.0,283.6355624843846
2035-11-01,219.7697740920447,99.52570846973681,340.0138397143526,35.646048607885746,403.8934995762037,96.39559795636771,0.0,399.34284191853317,0.0,560.2835652734336,119.56961023253064,0.0,486.95378201592877,0.0,682.126623275859,150.5611476564978,0.0,401.8982604050328,0.0,535.421101552692,424.46997917219187,39.32634274160529,809.6136156027785,0.0,1014.2211724565275,87.82386829289999,0.0,214.06296833831408,0.0,281.12749023744027,278.22639285734283,107.498089376787,448.95469633789867,16.79867815274173,539.6541075619439,174.5748950682418,55.64042659903987,293.50936353744373,0.0,356.69329991170724,28.65625410863217,0.0,115.48784453723069,0.0,161.61712695242366,19.207425293286335,0.0,93.97284059265586,0.0,133.69196747044592,147.92038271578483,0.0,582.0323683684328,0.0,812.6543607464021,220.47862688965716,0.0,812.5177063199008,0.0,1127.0384672672176,859.8902226411878,380.4622832551152,1339.3181620272605,125.76619045626421,1594.0142548261115,510.17731745827626,0.0,1079.7331867008957,0.0,1382.309742236037,77.42943274290086,0.0,306.5538698620154,0.0,428.27622708154496,1841.8726380838618,945.241937429951,2738.5033387377725,468.9068777075611,3214.8383984601624,374.1338113269866,0.0,1354.2800630464944,0.0,1874.9827592724828,417.4367879417548,158.249643074551,676.6239328089587,20.556472363848968,814.3171035196606,365.93943132433844,142.60859495870238,589.2702676899745,23.964088139458227,707.9147745092187,56.86913516644609,0.0,201.67240061647317,0.0,278.59913538680007,42.800856716573485,0.0,200.76048835363113,0.0,284.676542660818
2035-12-01,217.99720992445862,97.23147562448719,338.76294422443004,33.07467927762738,402.9197405712898,96.36747152072427,0.0,400.6290263999537,0.0,562.2679774295443,119.9108903276581,0.0,488.8889271728942,0.0,684.9085092469259,150.1582727212697,0.0,402.5857902110011,0.0,536.6879088774209,424.72369819781915,37.90914877466662,811.5382476209717,0.0,1017.0334770020213,88.16231840273578,0.0,214.94909607406262,0.0,282.30457171195496,275.99216321664017,104.5231694753592,447.46115695792116,13.430266550303656,538.5540598829766,176.34881997944666,56.89836440872881,295.7992755501645,0.0,359.25733007210835,28.551135984958073,0.0,115.75943790217667,0.0,162.08884829569905,19.596860725087065,0.0,94.68663943592587,0.0,134.57808437605897,147.99435364181357,0.0,583.9896973158432,0.0,815.6122236426713,220.90076533934405,0.0,815.5083560894029,0.0,1131.3936386753717,858.5275365383052,377.0196397100078,1340.0354333666025,121.21856951997484,1595.8365035566355,511.85181328104153,0.0,1083.8786523434653,0.0,1387.7679105953778,77.85434055702127,0.0,307.972814608551,0.0,430.22325394842613,3357.93789514773,2457.417238265694,4258.458552029767,1979.0156392971119,4736.860150998348,372.56500050473676,0.0,1356.9635335855337,0.0,1879.925254284707,414.2019131168081,153.8903068100272,674.5135194235891,15.59976595954987,812.8040602740664,362.944378983852,138.64464073116315,587.2441172365409,19.4854047844222,706.4033531832818,56.760521661601125,0.0,202.19200379423734,0.0,279.4524786772003,42.91617654404961,0.0,201.56110264228386,0.0,285.8412196319708
2036-01-01,216.2388419817254,94.95368277153716,337.5240011919136,30.520941941124647,401.9567420223261,96.33256990907086,0.0,401.90278267658016,0.0,564.2369582093195,120.22552034742372,0.0,490.79056682557655,0.0,687.6532477670952,149.98516108204325,0.0,403.4983933348934,0.0,538.17729796922,425.0271082579605,36.54883266472069,813.5053838512003,0.0,1019.8844677601089,88.48441660409239,0.0,215.81651626588572,0.0,283.4616942112134,273.7757341900001,101.56923599685365,445.98223238314654,10.084533831744636,537.4669345482555,178.17227464444952,58.20805130243605,298.136497986463,0.0,361.86749163690763,28.458960162178357,0.0,116.04235328102037,0.0,162.5710308754052,20.081705675519046,0.0,95.49445266698119,0.0,135.55747450619543,148.09671247073948,0.0,585.9673135889072,0.0,818.5860704329338,221.3036981240139,0.0,818.4687526797613,0.0,1135.7126879125021,1341.0079123228888,857.4290042302747,1824.586820415503,600.5277093060735,2081.488115339704,513.597570895399,0.0,1088.0847518026671,0.0,1393.2810666596533,78.19280661249843,0.0,309.301042109328,0.0,432.0772922170188,3328.584111875515,2424.1902299925237,4232.977993758506,1943.7309802421846,4713.437243508846,371.87735616865916,0.0,1360.509880974236,0.0,1885.7209097771986,410.99169549364467,149.56046420782428,672.4229267794651,10.675122587232238,811.3082684000572,359.97372620126345,134.7092534394119,585.238198963115,15.037502284678283,704.9099501178487,56.634697713615125,0.0,202.6916944840525,0.0,280.28447401834734,43.1301768447688,0.0,202.45744986013636,0.0,287.10006364955035
2036-02-01,214.4945575241598,92.69218846563076,336.29692658268885,27.9846799032872,401.0044351450324,96.1714127442304,0.0,403.0447026930877,0.0,566.0711379784182,120.36304006259634,0.0,492.50832844946626,0.0,690.210512904991,149.93866879824805,0.0,404.5329858372314,0.0,539.7862167641913,425.25928562241785,35.124378737174084,815.3941925076616,0.0,1022.6533617904474,88.77213603152032,0.0,216.64723218508442,0.0,284.58087701666534,271.576965300384,98.63610770668282,444.5178228940852,6.761277110029084,536.3926534907389,180.01583825544273,59.5400380794201,300.4916384314654,0.0,364.49440727497733,28.358524176251898,0.0,116.31540893881322,0.0,163.0425039689239,20.584806352510142,0.0,96.31914434231382,0.0,136.553011399397,148.021358045412,0.0,587.7592196649634,0.0,821.3699586503501,221.42701549769595,0.0,821.1386276810418,0.0,1139.7354216534445,1665.2635582172513,1179.622470585573,2150.9046458489297,921.625642781244,2408.9014736532586,515.310443090362,0.0,1092.2474738361902,0.0,1398.7452714199112,78.36235283340069,0.0,310.4561289867296,0.0,433.7559475681855,3299.486927520364,2391.2363378131417,4207.737517227587,1908.7282120311797,4690.245643009548,371.74213133895825,0.0,1364.5905922207153,0.0,1892.0413370641486,407.8059511908764,145.25986951144307,670.3520328703097,5.782263619244077,809.8296387625087,357.0272752713581,130.80218206301143,583.2523684797048,10.620101296077223,703.434449246639,56.45461391484781,0.0,203.1344578468067,0.0,281.05812493565986,43.3821080206423,0.0,203.38881811841514,0.0,288.39238285785694
2036-03-01,212.76424469777515,90.44685275411278,335.0816366414375,25.465738284042146,400.0627511115082,95.78539284044685,0.0,403.95625005652096,0.0,567.6720179525604,120.20573976677962,0.0,493.92458818860814,0.0,692.4627264127046,149.88833560244544,0.0,405.55916618310687,0.0,541.3842949290831,425.2972736918512,33.512740392209025,817.0818069914934,0.0,1025.2173403069282,89.00592425849007,0.0,217.42172090471917,0.0,285.6426128730284,269.3957171658984,95.7236053271132,443.06782900468363,3.4602959127585677,535.3311384190383,181.8508208390166,60.865606973629795,302.8360347044034,0.0,367.10942957039015,28.225795780174884,0.0,116.55459291938286,0.0,163.4792663995871,21.025314468621385,0.0,97.079883645689,0.0,137.48387352100616,147.59316006595938,0.0,589.1903866875563,0.0,823.7889133302797,221.0659724780806,0.0,823.3133744588008,0.0,1143.2573067610583,1656.7006266403255,1169.006079161974,2144.395174118677,909.9183508140999,2403.482902466551,516.87628262177,0.0,1096.2528042938557,0.0,1404.0465814321512,78.2848996985842,0.0,311.36004926147734,0.0,435.1812224667643,3270.6440990500896,2358.5531091704343,4182.735088929745,1874.0047707968677,4667.283427303311,371.6781591735412,0.0,1368.724729523742,0.0,1898.4057200222862,404.64449765641274,140.98827960186492,668.3007157109605,0.9209137603863837,808.3680815524391,354.1048300798541,126.92317829966441,581.2864818600438,6.232925791438618,701.9767343682695,56.190780750985056,0.0,203.49083820585534,0.0,281.7439937287552,43.59323200269429,0.0,204.27650626019746,0.0,289.63949570949603
2036-04-01,211.04779252748207,88.2175371523143,333.8780479026498,22.963963984256452,399.1316210707077,95.11882011566608,0.0,404.5818039934548,0.0,568.98401417853,119.69182605542063,0.0,494.97763668903457,0.0,694.348223588142,149.70485632431235,0.0,406.44768670339835,0.0,542.8423153422877,425.0414950094132,31.61425205936132,818.4687379594651,0.0,1027.4769607766802,89.16868676217001,0.0,218.12291678308893,0.0,286.6298514817021,267.2318514914597,92.83155150363797,441.6321514792814,0.1813921351076715,534.2823108478117,183.65511514749736,62.16262352742301,305.1476067675717,0.0,369.6904929407362,28.039773778781427,0.0,116.73892389299743,0.0,163.86034739117468,21.33574769937211,0.0,97.70920535754615,0.0,138.2826047384511,146.70686228757177,0.0,590.1556577285296,0.0,825.7378303065383,220.11428599614956,0.0,824.8868453914204,0.0,1146.172267570158,1642.3823199876601,1152.6429226709356,2132.1217173043847,892.4688678464256,2392.295772128895,518.1895986732534,0.0,1099.99538266296,0.0,1409.0797054074917,77.90536374282364,0.0,311.9577718877058,0.0,436.29811371467446,3242.0534030331064,2326.1381155005856,4157.968690565627,1839.5581189989337,4644.548687067279,371.1689419562299,0.0,1372.396019406157,0.0,1904.297904301431,401.50715365844246,136.74545395013712,666.2688533667479,0.0,806.9235063367851,351.2061960908328,123.07199651955946,579.3403956621062,1.8757029973205022,700.536689184345,55.82788719521102,0.0,203.7455576626449,0.0,282.32682009846917,43.684882183796105,0.0,205.04188381654598,0.0,290.7627909339443
